image,label,class_id,class_name,source_dataset,source_url,source_version,license,original_id,original_class,group_id,split,sha256,bbox_count,width,height,reviewed
dataset_rural/images/test/jaguar_00eb04a6-92d5-11e9-a4df-000d3a74c7de.jpg,dataset_rural/labels/test/jaguar_00eb04a6-92d5-11e9-a4df-000d3a74c7de.txt,2,jaguar,WCS Camera Traps,https://storage.googleapis.com/public-datasets-lila/wcs-unzipped/animals/0159/1345.jpg,LILA 2022-02-05 species bbox export,Community Data License Agreement (permissive variant),00eb04a6-92d5-11e9-a4df-000d3a74c7de,panthera onca,seq:bol-017-d0066-8,test,3a8212ec978acf4776371d2728e6cca0440dcad62291e1a1417753e91aaf6cbd,1,1920,1080,false
dataset_rural/images/train/jaguar_00eb2bce-92d5-11e9-b73c-000d3a74c7de.jpg,dataset_rural/labels/train/jaguar_00eb2bce-92d5-11e9-b73c-000d3a74c7de.txt,2,jaguar,WCS Camera Traps,https://storage.googleapis.com/public-datasets-lila/wcs-unzipped/animals/0159/1349.jpg,LILA 2022-02-05 species bbox export,Community Data License Agreement (permissive variant),00eb2bce-92d5-11e9-b73c-000d3a74c7de,panthera onca,seq:bol-017-d0067-8,train,1ca68cfdffbf86e50d617c96bb17b34a1089f73fbeb1a7a342b3626b7556d0da,1,1920,1080,false
dataset_rural/images/train/jaguar_019e0e7e-92d5-11e9-b15c-000d3a74c7de.jpg,dataset_rural/labels/train/jaguar_019e0e7e-92d5-11e9-b15c-000d3a74c7de.txt,2,jaguar,WCS Camera Traps,https://storage.googleapis.com/public-datasets-lila/wcs-unzipped/animals/0161/1144.jpg,LILA 2022-02-05 species bbox export,Community Data License Agreement (permissive variant),019e0e7e-92d5-11e9-b15c-000d3a74c7de,panthera onca,seq:bol-017-d0063-19,train,f5db4404d4f5d1dbd710b88089d1452e6eea74ace4aed771c7c9bb4dc9e0e4be,1,2048,1536,false
dataset_rural/images/train/jaguar_020afdf0-92d5-11e9-9b00-000d3a74c7de.jpg,dataset_rural/labels/train/jaguar_020afdf0-92d5-11e9-9b00-000d3a74c7de.txt,2,jaguar,WCS Camera Traps,https://storage.googleapis.com/public-datasets-lila/wcs-unzipped/animals/0162/1473.jpg,LILA 2022-02-05 species bbox export,Community Data License Agreement (permissive variant),020afdf0-92d5-11e9-9b00-000d3a74c7de,panthera onca,seq:bol-017-d0081-18,train,7bda5c405375e40f455b825006a836696c2721bbd01c59b922a9daa1d17fdd5a,1,2048,1536,false
dataset_rural/images/train/jaguar_02f3f4ba-92d5-11e9-bd94-000d3a74c7de.jpg,dataset_rural/labels/train/jaguar_02f3f4ba-92d5-11e9-bd94-000d3a74c7de.txt,2,jaguar,WCS Camera Traps,https://storage.googleapis.com/public-datasets-lila/wcs-unzipped/animals/0165/0478.jpg,LILA 2022-02-05 species bbox export,Community Data License Agreement (permissive variant),02f3f4ba-92d5-11e9-bd94-000d3a74c7de,panthera onca,seq:bol-017-d0080-24,train,d9ffa878ebeaba713a9db5f1946ba4bc356e77fa254f149e574ca02cca22071a,1,2048,1536,false
dataset_rural/images/train/jaguar_03d63e86-92d5-11e9-bdf9-000d3a74c7de.jpg,dataset_rural/labels/train/jaguar_03d63e86-92d5-11e9-bdf9-000d3a74c7de.txt,2,jaguar,WCS Camera Traps,https://storage.googleapis.com/public-datasets-lila/wcs-unzipped/animals/0167/1303.jpg,LILA 2022-02-05 species bbox export,Community Data License Agreement (permissive variant),03d63e86-92d5-11e9-bdf9-000d3a74c7de,panthera onca,seq:bol-017-d0057-11,train,83e3b83e15cc37a8ccc5d9e61a481546263e8ff51892d4122c8ed693823e0d8a,1,2048,1536,false
dataset_rural/images/train/jaguar_03d6b395-92d5-11e9-be25-000d3a74c7de.jpg,dataset_rural/labels/train/jaguar_03d6b395-92d5-11e9-be25-000d3a74c7de.txt,2,jaguar,WCS Camera Traps,https://storage.googleapis.com/public-datasets-lila/wcs-unzipped/animals/0167/1316.jpg,LILA 2022-02-05 species bbox export,Community Data License Agreement (permissive variant),03d6b395-92d5-11e9-be25-000d3a74c7de,panthera onca,seq:bol-017-d0058-12,train,a0cc8710411021e34c3fc0faf0a62875ee265ef8d620f78401b9de843b554f04,1,1920,1080,false
dataset_rural/images/train/jaguar_041c6f15-92d5-11e9-a42a-000d3a74c7de.jpg,dataset_rural/labels/train/jaguar_041c6f15-92d5-11e9-a42a-000d3a74c7de.txt,2,jaguar,WCS Camera Traps,https://storage.googleapis.com/public-datasets-lila/wcs-unzipped/animals/0168/0783.jpg,LILA 2022-02-05 species bbox export,Community Data License Agreement (permissive variant),041c6f15-92d5-11e9-a42a-000d3a74c7de,panthera onca,seq:bol-017-d0066-20,train,534264926510408d5fe5deaf0f24792afe11b3f7ae2f4a381b96e1d99fee71fd,1,1920,1080,false
dataset_rural/images/train/jaguar_041c963e-92d5-11e9-804e-000d3a74c7de.jpg,dataset_rural/labels/train/jaguar_041c963e-92d5-11e9-804e-000d3a74c7de.txt,2,jaguar,WCS Camera Traps,https://storage.googleapis.com/public-datasets-lila/wcs-unzipped/animals/0168/0788.jpg,LILA 2022-02-05 species bbox export,Community Data License Agreement (permissive variant),041c963e-92d5-11e9-804e-000d3a74c7de,panthera onca,seq:bol-017-d0066-20,train,71063cd4789f2349c06145cf561f05efa7d238a70b9edc7b263cfd418ba781e7,1,1920,1080,false
dataset_rural/images/train/jaguar_04896178-92d5-11e9-bc0f-000d3a74c7de.jpg,dataset_rural/labels/train/jaguar_04896178-92d5-11e9-bc0f-000d3a74c7de.txt,2,jaguar,WCS Camera Traps,https://storage.googleapis.com/public-datasets-lila/wcs-unzipped/animals/0169/1094.jpg,LILA 2022-02-05 species bbox export,Community Data License Agreement (permissive variant),04896178-92d5-11e9-bc0f-000d3a74c7de,panthera onca,seq:bol-017-d0049-22,train,5ddcfcb739d53c3817e1a473a95e246a59eb88e7c02cb1405e154293be790aa0,1,2048,1536,false
dataset_rural/images/train/jaguar_0489af93-92d5-11e9-886e-000d3a74c7de.jpg,dataset_rural/labels/train/jaguar_0489af93-92d5-11e9-886e-000d3a74c7de.txt,2,jaguar,WCS Camera Traps,https://storage.googleapis.com/public-datasets-lila/wcs-unzipped/animals/0169/1100.jpg,LILA 2022-02-05 species bbox export,Community Data License Agreement (permissive variant),0489af93-92d5-11e9-886e-000d3a74c7de,panthera onca,seq:bol-017-d0050-30,train,87e5456b4f273171e0e2420a3a65ad2e4a0fc3bf2ee8ad1c52c3d3828702f243,1,2048,1536,false
dataset_rural/images/train/jaguar_04e0a960-92d5-11e9-9aee-000d3a74c7de.jpg,dataset_rural/labels/train/jaguar_04e0a960-92d5-11e9-9aee-000d3a74c7de.txt,2,jaguar,WCS Camera Traps,https://storage.googleapis.com/public-datasets-lila/wcs-unzipped/animals/0170/0918.jpg,LILA 2022-02-05 species bbox export,Community Data License Agreement (permissive variant),04e0a960-92d5-11e9-9aee-000d3a74c7de,panthera onca,seq:bol-017-d0063-28,train,9ca1e83c56538c06b0603e8775b76cad2c5200f9396a10599344b9b17bef7b1e,1,2048,1536,false
dataset_rural/images/train/jaguar_04e90de6-92d5-11e9-8ec8-000d3a74c7de.jpg,dataset_rural/labels/train/jaguar_04e90de6-92d5-11e9-8ec8-000d3a74c7de.txt,2,jaguar,WCS Camera Traps,https://storage.googleapis.com/public-datasets-lila/wcs-unzipped/animals/0170/1079.jpg,LILA 2022-02-05 species bbox export,Community Data License Agreement (permissive variant),04e90de6-92d5-11e9-8ec8-000d3a74c7de,panthera onca,seq:bol-017-d0077-50,train,b16f0214a9b58d62be4e876f1e6c1e97206b623d66d230955623b5faf4fed1e2,1,2048,1536,false
dataset_rural/images/train/jaguar_064b35da-92d5-11e9-b42c-000d3a74c7de.jpg,dataset_rural/labels/train/jaguar_064b35da-92d5-11e9-b42c-000d3a74c7de.txt,2,jaguar,WCS Camera Traps,https://storage.googleapis.com/public-datasets-lila/wcs-unzipped/animals/0174/0705.jpg,LILA 2022-02-05 species bbox export,Community Data License Agreement (permissive variant),064b35da-92d5-11e9-b42c-000d3a74c7de,panthera onca,seq:bol-017-d0057-16,train,b9b1f2624faa1abd5cf8135c99b6c2fb3ea0de26a1265aad54ce0c9c4ee10a41,2,2048,1536,false
dataset_rural/images/train/jaguar_064c477c-92d5-11e9-b483-000d3a74c7de.jpg,dataset_rural/labels/train/jaguar_064c477c-92d5-11e9-b483-000d3a74c7de.txt,2,jaguar,WCS Camera Traps,https://storage.googleapis.com/public-datasets-lila/wcs-unzipped/animals/0174/0729.jpg,LILA 2022-02-05 species bbox export,Community Data License Agreement (permissive variant),064c477c-92d5-11e9-b483-000d3a74c7de,panthera onca,seq:bol-017-d0057-17,train,95bb2beddb3b2a3a06f06c367a968c502e5a9a2abe8e9bd0b2d758e70b842294,1,2048,1536,false
dataset_rural/images/train/jaguar_064e911c-92d5-11e9-b926-000d3a74c7de.jpg,dataset_rural/labels/train/jaguar_064e911c-92d5-11e9-b926-000d3a74c7de.txt,2,jaguar,WCS Camera Traps,https://storage.googleapis.com/public-datasets-lila/wcs-unzipped/animals/0174/0781.jpg,LILA 2022-02-05 species bbox export,Community Data License Agreement (permissive variant),064e911c-92d5-11e9-b926-000d3a74c7de,panthera onca,seq:bol-017-d0058-18,train,e007d5056853faab98d8c4c4677f8c29516b7ea6c6e7c4836fef650975202e49,2,1920,1080,false
dataset_rural/images/train/jaguar_064eb849-92d5-11e9-bbdf-000d3a74c7de.jpg,dataset_rural/labels/train/jaguar_064eb849-92d5-11e9-bbdf-000d3a74c7de.txt,2,jaguar,WCS Camera Traps,https://storage.googleapis.com/public-datasets-lila/wcs-unzipped/animals/0174/0785.jpg,LILA 2022-02-05 species bbox export,Community Data License Agreement (permissive variant),064eb849-92d5-11e9-bbdf-000d3a74c7de,panthera onca,seq:bol-017-d0058-18,train,990e0325cb62934303a037f6ac6b89cd41a85e189c2c8304f1fe64606caabcf6,2,1920,1080,false
dataset_rural/images/train/jaguar_064f2d5e-92d5-11e9-a89d-000d3a74c7de.jpg,dataset_rural/labels/train/jaguar_064f2d5e-92d5-11e9-a89d-000d3a74c7de.txt,2,jaguar,WCS Camera Traps,https://storage.googleapis.com/public-datasets-lila/wcs-unzipped/animals/0174/0795.jpg,LILA 2022-02-05 species bbox export,Community Data License Agreement (permissive variant),064f2d5e-92d5-11e9-a89d-000d3a74c7de,panthera onca,seq:bol-017-d0057-19,train,cfd9b6db71df0cf7e7fe8657f3257d827377e9eef7a238dcfb30b00397e0258e,3,2048,1536,false
dataset_rural/images/train/jaguar_06503f2b-92d5-11e9-8f62-000d3a74c7de.jpg,dataset_rural/labels/train/jaguar_06503f2b-92d5-11e9-8f62-000d3a74c7de.txt,2,jaguar,WCS Camera Traps,https://storage.googleapis.com/public-datasets-lila/wcs-unzipped/animals/0174/0820.jpg,LILA 2022-02-05 species bbox export,Community Data License Agreement (permissive variant),06503f2b-92d5-11e9-8f62-000d3a74c7de,panthera onca,seq:bol-017-d0057-20,train,7aa9ba680cc1e2467092197b9e8514d695c0fda8757931e534eeb6aa2915f7db,1,2048,1536,false
dataset_rural/images/train/jaguar_065065f0-92d5-11e9-893f-000d3a74c7de.jpg,dataset_rural/labels/train/jaguar_065065f0-92d5-11e9-893f-000d3a74c7de.txt,2,jaguar,WCS Camera Traps,https://storage.googleapis.com/public-datasets-lila/wcs-unzipped/animals/0174/0823.jpg,LILA 2022-02-05 species bbox export,Community Data License Agreement (permissive variant),065065f0-92d5-11e9-893f-000d3a74c7de,panthera onca,seq:bol-017-d0057-20,train,83a53d75dc24bcdc4312c3ef8e6024a7c48ddfcb93f2fda7669aad4b21b6942b,1,2048,1536,false
dataset_rural/images/train/jaguar_0650db5a-92d5-11e9-ae3e-000d3a74c7de.jpg,dataset_rural/labels/train/jaguar_0650db5a-92d5-11e9-ae3e-000d3a74c7de.txt,2,jaguar,WCS Camera Traps,https://storage.googleapis.com/public-datasets-lila/wcs-unzipped/animals/0174/0833.jpg,LILA 2022-02-05 species bbox export,Community Data License Agreement (permissive variant),0650db5a-92d5-11e9-ae3e-000d3a74c7de,panthera onca,seq:bol-017-d0058-21,train,d1f6e4dd7312a61f278bea39b5479423071f523b9e090061296e1c4bb6528dda,1,1920,1080,false
dataset_rural/images/train/jaguar_06519e5a-92d5-11e9-84f1-000d3a74c7de.jpg,dataset_rural/labels/train/jaguar_06519e5a-92d5-11e9-84f1-000d3a74c7de.txt,2,jaguar,WCS Camera Traps,https://storage.googleapis.com/public-datasets-lila/wcs-unzipped/animals/0174/0849.jpg,LILA 2022-02-05 species bbox export,Community Data License Agreement (permissive variant),06519e5a-92d5-11e9-84f1-000d3a74c7de,panthera onca,seq:bol-017-d0057-22,train,5ec0b15bd9de4f67b5b121f3d9095e326c5629a3c13e8313b3718481ffd99fd0,2,2048,1536,false
dataset_rural/images/test/jaguar_065261ae-92d5-11e9-8b3f-000d3a74c7de.jpg,dataset_rural/labels/test/jaguar_065261ae-92d5-11e9-8b3f-000d3a74c7de.txt,2,jaguar,WCS Camera Traps,https://storage.googleapis.com/public-datasets-lila/wcs-unzipped/animals/0174/0869.jpg,LILA 2022-02-05 species bbox export,Community Data License Agreement (permissive variant),065261ae-92d5-11e9-8b3f-000d3a74c7de,panthera onca,seq:bol-017-d0057-23,test,079c5bd347dc1543f6a8d9340f451c57ea8611a0ff783401c42946fe06c674c5,2,2048,1536,false
dataset_rural/images/train/jaguar_0652fe48-92d5-11e9-a4b7-000d3a74c7de.jpg,dataset_rural/labels/train/jaguar_0652fe48-92d5-11e9-a4b7-000d3a74c7de.txt,2,jaguar,WCS Camera Traps,https://storage.googleapis.com/public-datasets-lila/wcs-unzipped/animals/0174/0883.jpg,LILA 2022-02-05 species bbox export,Community Data License Agreement (permissive variant),0652fe48-92d5-11e9-a4b7-000d3a74c7de,panthera onca,seq:bol-017-d0058-23,train,90f1d47cb306a0393466385ba2bf629f8906e1195b7b00a3d144655eb2d345e0,2,1920,1080,false
dataset_rural/images/train/jaguar_06534c34-92d5-11e9-bf22-000d3a74c7de.jpg,dataset_rural/labels/train/jaguar_06534c34-92d5-11e9-bf22-000d3a74c7de.txt,2,jaguar,WCS Camera Traps,https://storage.googleapis.com/public-datasets-lila/wcs-unzipped/animals/0174/0889.jpg,LILA 2022-02-05 species bbox export,Community Data License Agreement (permissive variant),06534c34-92d5-11e9-bf22-000d3a74c7de,panthera onca,seq:bol-017-d0057-24,train,9e7325230e1d1a91e514813f2063b1592ed863e69a8a283f500a02e73b7efb01,1,2048,1536,false
dataset_rural/images/test/jaguar_06eef320-92d5-11e9-8f49-000d3a74c7de.jpg,dataset_rural/labels/test/jaguar_06eef320-92d5-11e9-8f49-000d3a74c7de.txt,2,jaguar,WCS Camera Traps,https://storage.googleapis.com/public-datasets-lila/wcs-unzipped/animals/0176/0066.jpg,LILA 2022-02-05 species bbox export,Community Data License Agreement (permissive variant),06eef320-92d5-11e9-8f49-000d3a74c7de,panthera onca,seq:bol-017-d0002-28,test,5d2005da70a66e518b416debc2c08d77f3299739c454e8d6138625d0105bf1ea,1,1920,1080,false
dataset_rural/images/test/jaguar_06ef1a1c-92d5-11e9-816e-000d3a74c7de.jpg,dataset_rural/labels/test/jaguar_06ef1a1c-92d5-11e9-816e-000d3a74c7de.txt,2,jaguar,WCS Camera Traps,https://storage.googleapis.com/public-datasets-lila/wcs-unzipped/animals/0176/0067.jpg,LILA 2022-02-05 species bbox export,Community Data License Agreement (permissive variant),06ef1a1c-92d5-11e9-816e-000d3a74c7de,panthera onca,seq:bol-017-d0002-28,test,11aee55a91919ea110d77109e91306ca0a1634860745d2d21419ee291ab66542,1,1920,1080,false
dataset_rural/images/train/jaguar_07738cc8-92d5-11e9-a629-000d3a74c7de.jpg,dataset_rural/labels/train/jaguar_07738cc8-92d5-11e9-a629-000d3a74c7de.txt,2,jaguar,WCS Camera Traps,https://storage.googleapis.com/public-datasets-lila/wcs-unzipped/animals/0177/0908.jpg,LILA 2022-02-05 species bbox export,Community Data License Agreement (permissive variant),07738cc8-92d5-11e9-a629-000d3a74c7de,panthera onca,seq:bol-017-d0057-29,train,f8af506ccabbf0c85e34547a5bd84788a0b7528244fac5d0ad09b9c063ecc856,1,2048,1536,false
dataset_rural/images/train/jaguar_0773b39d-92d5-11e9-8ee1-000d3a74c7de.jpg,dataset_rural/labels/train/jaguar_0773b39d-92d5-11e9-8ee1-000d3a74c7de.txt,2,jaguar,WCS Camera Traps,https://storage.googleapis.com/public-datasets-lila/wcs-unzipped/animals/0177/0911.jpg,LILA 2022-02-05 species bbox export,Community Data License Agreement (permissive variant),0773b39d-92d5-11e9-8ee1-000d3a74c7de,panthera onca,seq:bol-017-d0057-29,train,8771de05f1c9234b18f0b210eab19d0ee23bd387193a6bfe2df86fd0891136a2,1,2048,1536,false
dataset_rural/images/train/jaguar_078c4487-92d5-11e9-807d-000d3a74c7de.jpg,dataset_rural/labels/train/jaguar_078c4487-92d5-11e9-807d-000d3a74c7de.txt,2,jaguar,WCS Camera Traps,https://storage.googleapis.com/public-datasets-lila/wcs-unzipped/animals/0177/1437.jpg,LILA 2022-02-05 species bbox export,Community Data License Agreement (permissive variant),078c4487-92d5-11e9-807d-000d3a74c7de,panthera onca,seq:bol-017-d0065-24,train,197b24aa965920604bfa39b3a7a5441e7442f2cec14bf9cd87ce3d0c1dc68754,1,2048,1536,false
dataset_rural/images/train/jaguar_083c821e-92d5-11e9-b03f-000d3a74c7de.jpg,dataset_rural/labels/train/jaguar_083c821e-92d5-11e9-b03f-000d3a74c7de.txt,2,jaguar,WCS Camera Traps,https://storage.googleapis.com/public-datasets-lila/wcs-unzipped/animals/0179/1309.jpg,LILA 2022-02-05 species bbox export,Community Data License Agreement (permissive variant),083c821e-92d5-11e9-b03f-000d3a74c7de,panthera onca,seq:bol-017-d0056-44,train,60444115a99cbaf7598b8457ed3b8e5e13f40ad04751088efd1bb499386ab334,1,2048,1536,false
dataset_rural/images/train/jaguar_083c8222-92d5-11e9-a27c-000d3a74c7de.jpg,dataset_rural/labels/train/jaguar_083c8222-92d5-11e9-a27c-000d3a74c7de.txt,2,jaguar,WCS Camera Traps,https://storage.googleapis.com/public-datasets-lila/wcs-unzipped/animals/0179/1311.jpg,LILA 2022-02-05 species bbox export,Community Data License Agreement (permissive variant),083c8222-92d5-11e9-a27c-000d3a74c7de,panthera onca,seq:bol-017-d0056-44,train,aa8bfa1f9b4df8d6ad60c91046033a1cc0dcd64ef88e9ada5c572a786a4e4d1a,1,2048,1536,false
dataset_rural/images/train/jaguar_083cf75c-92d5-11e9-8e25-000d3a74c7de.jpg,dataset_rural/labels/train/jaguar_083cf75c-92d5-11e9-8e25-000d3a74c7de.txt,2,jaguar,WCS Camera Traps,https://storage.googleapis.com/public-datasets-lila/wcs-unzipped/animals/0179/1319.jpg,LILA 2022-02-05 species bbox export,Community Data License Agreement (permissive variant),083cf75c-92d5-11e9-8e25-000d3a74c7de,panthera onca,seq:bol-017-d0055-88,train,2e114fc5ca18be20098d64deee79687262829adbe8c80f0f0fac216e3aaa0b8a,1,2048,1536,false
dataset_rural/images/train/jaguar_09048c80-92d5-11e9-8d1e-000d3a74c7de.jpg,dataset_rural/labels/train/jaguar_09048c80-92d5-11e9-8d1e-000d3a74c7de.txt,2,jaguar,WCS Camera Traps,https://storage.googleapis.com/public-datasets-lila/wcs-unzipped/animals/0181/1637.jpg,LILA 2022-02-05 species bbox export,Community Data License Agreement (permissive variant),09048c80-92d5-11e9-8d1e-000d3a74c7de,panthera onca,seq:bol-017-d0065-60,train,65d28f434f2a4c2864936964ee2cceb58c175ed6cc778a6aac0a9d08e711092e,1,2048,1536,false
dataset_rural/images/train/jaguar_09a62af9-92d5-11e9-8f7a-000d3a74c7de.jpg,dataset_rural/labels/train/jaguar_09a62af9-92d5-11e9-8f7a-000d3a74c7de.txt,2,jaguar,WCS Camera Traps,https://storage.googleapis.com/public-datasets-lila/wcs-unzipped/animals/0183/1172.jpg,LILA 2022-02-05 species bbox export,Community Data License Agreement (permissive variant),09a62af9-92d5-11e9-8f7a-000d3a74c7de,panthera onca,seq:ecu-012-d0002-2,train,16b402d5c208393e795f2974acd42bf114d38f8d1694ca01b948d13c7e45f558,1,1118,869,false
dataset_rural/images/train/jaguar_09a651fa-92d5-11e9-9876-000d3a74c7de.jpg,dataset_rural/labels/train/jaguar_09a651fa-92d5-11e9-9876-000d3a74c7de.txt,2,jaguar,WCS Camera Traps,https://storage.googleapis.com/public-datasets-lila/wcs-unzipped/animals/0183/1173.jpg,LILA 2022-02-05 species bbox export,Community Data License Agreement (permissive variant),09a651fa-92d5-11e9-9876-000d3a74c7de,panthera onca,seq:ecu-012-d0002-3,train,c680c497f71fc2be379d07026ea4844fbb7161987547e0074360829844bdc5b8,2,3774,2206,false
dataset_rural/images/train/jaguar_09a6ee1e-92d5-11e9-b803-000d3a74c7de.jpg,dataset_rural/labels/train/jaguar_09a6ee1e-92d5-11e9-b803-000d3a74c7de.txt,2,jaguar,WCS Camera Traps,https://storage.googleapis.com/public-datasets-lila/wcs-unzipped/animals/0183/1186.jpg,LILA 2022-02-05 species bbox export,Community Data License Agreement (permissive variant),09a6ee1e-92d5-11e9-b803-000d3a74c7de,panthera onca,seq:ecu-012-d0005-8,train,9a3b40bbb801eb567d8c2f229779018dfde754bae65f1b9b718dfc3ac3848f53,1,1878,1158,false
dataset_rural/images/train/jaguar_09a6ee24-92d5-11e9-ac8d-000d3a74c7de.jpg,dataset_rural/labels/train/jaguar_09a6ee24-92d5-11e9-ac8d-000d3a74c7de.txt,2,jaguar,WCS Camera Traps,https://storage.googleapis.com/public-datasets-lila/wcs-unzipped/animals/0183/1189.jpg,LILA 2022-02-05 species bbox export,Community Data License Agreement (permissive variant),09a6ee24-92d5-11e9-ac8d-000d3a74c7de,panthera onca,seq:ecu-012-d0006-3,train,2be1276579696c678b8bd81d476193cbf3057d50726e89f30a827ea4c6409531,1,2349,1684,false
dataset_rural/images/train/jaguar_09a84e0c-92d5-11e9-967a-000d3a74c7de.jpg,dataset_rural/labels/train/jaguar_09a84e0c-92d5-11e9-967a-000d3a74c7de.txt,2,jaguar,WCS Camera Traps,https://storage.googleapis.com/public-datasets-lila/wcs-unzipped/animals/0183/1216.jpg,LILA 2022-02-05 species bbox export,Community Data License Agreement (permissive variant),09a84e0c-92d5-11e9-967a-000d3a74c7de,panthera onca,seq:ecu-012-d0012-4,train,8db492739200445a440529c9744a27a094b533207e2bc8e22b3b6f0897ee5e1c,1,1648,1057,false
dataset_rural/images/train/jaguar_09a87528-92d5-11e9-a35e-000d3a74c7de.jpg,dataset_rural/labels/train/jaguar_09a87528-92d5-11e9-a35e-000d3a74c7de.txt,2,jaguar,WCS Camera Traps,https://storage.googleapis.com/public-datasets-lila/wcs-unzipped/animals/0183/1221.jpg,LILA 2022-02-05 species bbox export,Community Data License Agreement (permissive variant),09a87528-92d5-11e9-a35e-000d3a74c7de,panthera onca,seq:ecu-012-d0012-10,train,c60064c52cb0df7ee515d4a06decd0206c611e295c0c43ea2f5bdcddeaf09ba1,1,1205,1018,false
dataset_rural/images/train/jaguar_09a9383a-92d5-11e9-af4d-000d3a74c7de.jpg,dataset_rural/labels/train/jaguar_09a9383a-92d5-11e9-af4d-000d3a74c7de.txt,2,jaguar,WCS Camera Traps,https://storage.googleapis.com/public-datasets-lila/wcs-unzipped/animals/0183/1237.jpg,LILA 2022-02-05 species bbox export,Community Data License Agreement (permissive variant),09a9383a-92d5-11e9-af4d-000d3a74c7de,panthera onca,seq:ecu-012-d0013-16,train,dd40109dec6633658b504ba13d1d0831c5afb906336402dde829087c5fa68944,1,1675,1278,false
dataset_rural/images/test/jaguar_09a95fc7-92d5-11e9-a9a6-000d3a74c7de.jpg,dataset_rural/labels/test/jaguar_09a95fc7-92d5-11e9-a9a6-000d3a74c7de.txt,2,jaguar,WCS Camera Traps,https://storage.googleapis.com/public-datasets-lila/wcs-unzipped/animals/0183/1240.jpg,LILA 2022-02-05 species bbox export,Community Data License Agreement (permissive variant),09a95fc7-92d5-11e9-a9a6-000d3a74c7de,panthera onca,seq:ecu-012-d0014-3,test,1b4f8ce76abeaae90f51c0058e94ff63e470fd002f0f2cb6a79b82e85e3d3cf8,1,1223,799,false
dataset_rural/images/train/jaguar_09b82c7c-92d5-11e9-b4fb-000d3a74c7de.jpg,dataset_rural/labels/train/jaguar_09b82c7c-92d5-11e9-b4fb-000d3a74c7de.txt,2,jaguar,WCS Camera Traps,https://storage.googleapis.com/public-datasets-lila/wcs-unzipped/animals/0183/1554.jpg,LILA 2022-02-05 species bbox export,Community Data License Agreement (permissive variant),09b82c7c-92d5-11e9-b4fb-000d3a74c7de,panthera onca,seq:ecu-011-d0019-16,train,57e9a6eb5151a6e32bb12bcfbb51361ca45a3b4879a99c3040fb3d3858e80bc0,1,1146,830,false
dataset_rural/images/train/jaguar_09b82c7e-92d5-11e9-9375-000d3a74c7de.jpg,dataset_rural/labels/train/jaguar_09b82c7e-92d5-11e9-9375-000d3a74c7de.txt,2,jaguar,WCS Camera Traps,https://storage.googleapis.com/public-datasets-lila/wcs-unzipped/animals/0183/1555.jpg,LILA 2022-02-05 species bbox export,Community Data License Agreement (permissive variant),09b82c7e-92d5-11e9-9375-000d3a74c7de,panthera onca,seq:ecu-011-d0109-1,train,c5dbe3226a71131467cb1d58d891bf4654e8c6065a51bfb4f0a580a36e18b5a5,1,730,591,false
dataset_rural/images/train/jaguar_09c39f2d-92d5-11e9-b4c6-000d3a74c7de.jpg,dataset_rural/labels/train/jaguar_09c39f2d-92d5-11e9-b4c6-000d3a74c7de.txt,2,jaguar,WCS Camera Traps,https://storage.googleapis.com/public-datasets-lila/wcs-unzipped/animals/0183/1798.jpg,LILA 2022-02-05 species bbox export,Community Data License Agreement (permissive variant),09c39f2d-92d5-11e9-b4c6-000d3a74c7de,panthera onca,seq:ecu-011-d0104-2,train,38e92cc9b61da82663fb4f6fc4dcca663039b670790d17fd1f3c985cce042959,1,601,449,false
dataset_rural/images/train/jaguar_09c76fc1-92d5-11e9-926b-000d3a74c7de.jpg,dataset_rural/labels/train/jaguar_09c76fc1-92d5-11e9-926b-000d3a74c7de.txt,2,jaguar,WCS Camera Traps,https://storage.googleapis.com/public-datasets-lila/wcs-unzipped/animals/0183/1878.jpg,LILA 2022-02-05 species bbox export,Community Data License Agreement (permissive variant),09c76fc1-92d5-11e9-926b-000d3a74c7de,panthera onca,seq:ecu-011-d0058-3,train,e58fed037046be6bb2e7a2b2f06dd9cc6145021e0203f12885ed5f0de69a9210,1,1032,686,false
dataset_rural/images/train/jaguar_09cbb5a8-92d5-11e9-8c70-000d3a74c7de.jpg,dataset_rural/labels/train/jaguar_09cbb5a8-92d5-11e9-8c70-000d3a74c7de.txt,2,jaguar,WCS Camera Traps,https://storage.googleapis.com/public-datasets-lila/wcs-unzipped/animals/0183/1972.jpg,LILA 2022-02-05 species bbox export,Community Data License Agreement (permissive variant),09cbb5a8-92d5-11e9-8c70-000d3a74c7de,panthera onca,seq:ecu-011-d0055-4,train,ee87d756f8903a0fa5c042cf74d9e400c3322dbfab04b28f79ce7cee1086cb4d,1,673,669,false
dataset_rural/images/train/jaguar_09cc29b9-92d5-11e9-b7a0-000d3a74c7de.jpg,dataset_rural/labels/train/jaguar_09cc29b9-92d5-11e9-b7a0-000d3a74c7de.txt,2,jaguar,WCS Camera Traps,https://storage.googleapis.com/public-datasets-lila/wcs-unzipped/animals/0183/1983.jpg,LILA 2022-02-05 species bbox export,Community Data License Agreement (permissive variant),09cc29b9-92d5-11e9-b7a0-000d3a74c7de,panthera onca,seq:ecu-011-d0055-7,train,eceb6f7be505afaafc79d31f125d2442d4e788584355adbb9325b49331bff521,1,428,629,false
dataset_rural/images/train/jaguar_09d07102-92d5-11e9-a9c7-000d3a74c7de.jpg,dataset_rural/labels/train/jaguar_09d07102-92d5-11e9-a9c7-000d3a74c7de.txt,2,jaguar,WCS Camera Traps,https://storage.googleapis.com/public-datasets-lila/wcs-unzipped/animals/0184/0064.jpg,LILA 2022-02-05 species bbox export,Community Data License Agreement (permissive variant),09d07102-92d5-11e9-a9c7-000d3a74c7de,panthera onca,seq:ecu-011-d0018-1,train,b6425b567bd9e47346926ff2926a180011657452cf25a8d13a8ab0363a1f3af5,1,970,721,false
dataset_rural/images/val/jaguar_09d4b6a0-92d5-11e9-879b-000d3a74c7de.jpg,dataset_rural/labels/val/jaguar_09d4b6a0-92d5-11e9-879b-000d3a74c7de.txt,2,jaguar,WCS Camera Traps,https://storage.googleapis.com/public-datasets-lila/wcs-unzipped/animals/0184/0159.jpg,LILA 2022-02-05 species bbox export,Community Data License Agreement (permissive variant),09d4b6a0-92d5-11e9-879b-000d3a74c7de,panthera onca,seq:ecu-009-d0007-18,val,b90edfb097d605e6240fc894bbda0a4561a6413da98306d6fb33261aafa857b2,1,1198,772,false
dataset_rural/images/train/jaguar_09d4b6a2-92d5-11e9-aa3f-000d3a74c7de.jpg,dataset_rural/labels/train/jaguar_09d4b6a2-92d5-11e9-aa3f-000d3a74c7de.txt,2,jaguar,WCS Camera Traps,https://storage.googleapis.com/public-datasets-lila/wcs-unzipped/animals/0184/0160.jpg,LILA 2022-02-05 species bbox export,Community Data License Agreement (permissive variant),09d4b6a2-92d5-11e9-aa3f-000d3a74c7de,panthera onca,seq:ecu-009-d0007-19,train,30cfdf41f47b62c9fe7e3402664de1b50281148e209867dc408853e5f9de45c0,1,2104,1355,false
dataset_rural/images/train/jaguar_09d885f2-92d5-11e9-96b4-000d3a74c7de.jpg,dataset_rural/labels/train/jaguar_09d885f2-92d5-11e9-96b4-000d3a74c7de.txt,2,jaguar,WCS Camera Traps,https://storage.googleapis.com/public-datasets-lila/wcs-unzipped/animals/0184/0246.jpg,LILA 2022-02-05 species bbox export,Community Data License Agreement (permissive variant),09d885f2-92d5-11e9-96b4-000d3a74c7de,panthera onca,seq:ecu-009-d0018-7,train,5af05c5045da5edd1b1d8914760ff4112bdaf969de0becc6c09ad2ffbc6bbe6d,1,2093,1366,false
dataset_rural/images/train/jaguar_09ea5fdc-92d5-11e9-b878-000d3a74c7de.jpg,dataset_rural/labels/train/jaguar_09ea5fdc-92d5-11e9-b878-000d3a74c7de.txt,2,jaguar,WCS Camera Traps,https://storage.googleapis.com/public-datasets-lila/wcs-unzipped/animals/0184/0621.jpg,LILA 2022-02-05 species bbox export,Community Data License Agreement (permissive variant),09ea5fdc-92d5-11e9-b878-000d3a74c7de,panthera onca,seq:ecu-007-d0032-23,train,9a59b5acae7253d0db5b734cf7f2dabea24676962b9d44d5c699b674939fb30a,1,5786,3643,false
dataset_rural/images/train/jaguar_09ea86ec-92d5-11e9-b208-000d3a74c7de.jpg,dataset_rural/labels/train/jaguar_09ea86ec-92d5-11e9-b208-000d3a74c7de.txt,2,jaguar,WCS Camera Traps,https://storage.googleapis.com/public-datasets-lila/wcs-unzipped/animals/0184/0627.jpg,LILA 2022-02-05 species bbox export,Community Data License Agreement (permissive variant),09ea86ec-92d5-11e9-b208-000d3a74c7de,panthera onca,seq:ecu-007-d0033-11,train,764594155edb9edc7f5b6bb4e09827d64697adf857f43933e8683f24062eab46,1,2174,1375,false
dataset_rural/images/train/jaguar_51430886-92d5-11e9-b090-000d3a74c7de.jpg,dataset_rural/labels/train/jaguar_51430886-92d5-11e9-b090-000d3a74c7de.txt,2,jaguar,WCS Camera Traps,https://storage.googleapis.com/public-datasets-lila/wcs-unzipped/animals/0378/1932.jpg,LILA 2022-02-05 species bbox export,Community Data License Agreement (permissive variant),51430886-92d5-11e9-b090-000d3a74c7de,panthera onca,seq:gtm-001-d0017-7,train,14f17550ab7f86cfc63b4f08a8e9a381a4771c2c70146680f0acbd4aa64c8fb3,1,832,560,false
dataset_rural/images/train/jaguar_51432fc7-92d5-11e9-9de8-000d3a74c7de.jpg,dataset_rural/labels/train/jaguar_51432fc7-92d5-11e9-9de8-000d3a74c7de.txt,2,jaguar,WCS Camera Traps,https://storage.googleapis.com/public-datasets-lila/wcs-unzipped/animals/0378/1933.jpg,LILA 2022-02-05 species bbox export,Community Data License Agreement (permissive variant),51432fc7-92d5-11e9-9de8-000d3a74c7de,panthera onca,seq:gtm-001-d0017-8,train,319808454f279dfb55f429e380519bf2ae1812eea3001eb25c099a884daced45,1,880,560,false
dataset_rural/images/train/jaguar_5143ce33-92d5-11e9-963e-000d3a74c7de.jpg,dataset_rural/labels/train/jaguar_5143ce33-92d5-11e9-963e-000d3a74c7de.txt,2,jaguar,WCS Camera Traps,https://storage.googleapis.com/public-datasets-lila/wcs-unzipped/animals/0378/1948.jpg,LILA 2022-02-05 species bbox export,Community Data License Agreement (permissive variant),5143ce33-92d5-11e9-963e-000d3a74c7de,panthera onca,seq:gtm-001-d0020-6,train,06df9ce795fa14a163087050ffe7a1004e9333a0c82725401779c3b21798b3f3,1,736,592,false
dataset_rural/images/train/jaguar_5143ce35-92d5-11e9-ba1f-000d3a74c7de.jpg,dataset_rural/labels/train/jaguar_5143ce35-92d5-11e9-ba1f-000d3a74c7de.txt,2,jaguar,WCS Camera Traps,https://storage.googleapis.com/public-datasets-lila/wcs-unzipped/animals/0378/1949.jpg,LILA 2022-02-05 species bbox export,Community Data License Agreement (permissive variant),5143ce35-92d5-11e9-ba1f-000d3a74c7de,panthera onca,seq:gtm-001-d0020-7,train,d40f605dd3e0158e42bb2abf70e4c25c0d27655e8456d898f8085c39c81b22eb,1,800,576,false
dataset_rural/images/train/jaguar_51448fdc-92d5-11e9-9902-000d3a74c7de.jpg,dataset_rural/labels/train/jaguar_51448fdc-92d5-11e9-9902-000d3a74c7de.txt,2,jaguar,WCS Camera Traps,https://storage.googleapis.com/public-datasets-lila/wcs-unzipped/animals/0378/1965.jpg,LILA 2022-02-05 species bbox export,Community Data License Agreement (permissive variant),51448fdc-92d5-11e9-9902-000d3a74c7de,panthera onca,seq:gtm-001-d0021-3,train,edae57718f28b98f46c426cb41c858e6818e767d8ee5ab710db1dab6573bc032,1,1046,802,false
dataset_rural/images/train/jaguar_5144b738-92d5-11e9-a761-000d3a74c7de.jpg,dataset_rural/labels/train/jaguar_5144b738-92d5-11e9-a761-000d3a74c7de.txt,2,jaguar,WCS Camera Traps,https://storage.googleapis.com/public-datasets-lila/wcs-unzipped/animals/0378/1969.jpg,LILA 2022-02-05 species bbox export,Community Data License Agreement (permissive variant),5144b738-92d5-11e9-a761-000d3a74c7de,panthera onca,seq:gtm-001-d0021-6,train,d4680e344dce6fef42436a8aa506dd85527b55ccb46077183eac7e3445d37002,1,1046,802,false
dataset_rural/images/train/jaguar_5144b73a-92d5-11e9-917c-000d3a74c7de.jpg,dataset_rural/labels/train/jaguar_5144b73a-92d5-11e9-917c-000d3a74c7de.txt,2,jaguar,WCS Camera Traps,https://storage.googleapis.com/public-datasets-lila/wcs-unzipped/animals/0378/1970.jpg,LILA 2022-02-05 species bbox export,Community Data License Agreement (permissive variant),5144b73a-92d5-11e9-917c-000d3a74c7de,panthera onca,seq:gtm-001-d0021-7,train,e8c8ec52163726ce3c9da6edb0247f9867a09eb00315ce6433efe012525e48b6,1,1046,802,false
dataset_rural/images/test/jaguar_5144dd32-92d5-11e9-a5a8-000d3a74c7de.jpg,dataset_rural/labels/test/jaguar_5144dd32-92d5-11e9-a5a8-000d3a74c7de.txt,2,jaguar,WCS Camera Traps,https://storage.googleapis.com/public-datasets-lila/wcs-unzipped/animals/0378/1972.jpg,LILA 2022-02-05 species bbox export,Community Data License Agreement (permissive variant),5144dd32-92d5-11e9-a5a8-000d3a74c7de,panthera onca,seq:gtm-001-d0021-9,test,d14db9060a6ec4647c09d815280decccabfa3ae95c9996f451ea6877bdf71544,1,1046,802,false
dataset_rural/images/train/jaguar_51450460-92d5-11e9-b4ee-000d3a74c7de.jpg,dataset_rural/labels/train/jaguar_51450460-92d5-11e9-b4ee-000d3a74c7de.txt,2,jaguar,WCS Camera Traps,https://storage.googleapis.com/public-datasets-lila/wcs-unzipped/animals/0378/1975.jpg,LILA 2022-02-05 species bbox export,Community Data License Agreement (permissive variant),51450460-92d5-11e9-b4ee-000d3a74c7de,panthera onca,seq:gtm-001-d0023-6,train,c18a82c11f9e36088d69100e35d1432cde49bbeedeeadba263608f2ed090f5f8,1,1046,802,false
dataset_rural/images/train/jaguar_51450462-92d5-11e9-aba2-000d3a74c7de.jpg,dataset_rural/labels/train/jaguar_51450462-92d5-11e9-aba2-000d3a74c7de.txt,2,jaguar,WCS Camera Traps,https://storage.googleapis.com/public-datasets-lila/wcs-unzipped/animals/0378/1976.jpg,LILA 2022-02-05 species bbox export,Community Data License Agreement (permissive variant),51450462-92d5-11e9-aba2-000d3a74c7de,panthera onca,seq:gtm-001-d0023-7,train,b787311b6ee1dfc5199a6e41202f5bdc4cf3da32091c192527d7cf554fb83df1,1,1046,802,false
dataset_rural/images/train/jaguar_51455284-92d5-11e9-a34d-000d3a74c7de.jpg,dataset_rural/labels/train/jaguar_51455284-92d5-11e9-a34d-000d3a74c7de.txt,2,jaguar,WCS Camera Traps,https://storage.googleapis.com/public-datasets-lila/wcs-unzipped/animals/0378/1984.jpg,LILA 2022-02-05 species bbox export,Community Data License Agreement (permissive variant),51455284-92d5-11e9-a34d-000d3a74c7de,panthera onca,seq:gtm-001-d0024-2,train,601df5f159279a6eaf0910fbefb918d1cf2648c0f85120aa76af1e9f27d6596e,1,800,560,false
dataset_rural/images/test/jaguar_5145eec9-92d5-11e9-a4de-000d3a74c7de.jpg,dataset_rural/labels/test/jaguar_5145eec9-92d5-11e9-a4de-000d3a74c7de.txt,2,jaguar,WCS Camera Traps,https://storage.googleapis.com/public-datasets-lila/wcs-unzipped/animals/0378/1997.jpg,LILA 2022-02-05 species bbox export,Community Data License Agreement (permissive variant),5145eec9-92d5-11e9-a4de-000d3a74c7de,panthera onca,seq:gtm-001-d0025-9,test,9658eb7807a1a0f13e3f3ab1f3812264838a0c4fdf24f725beffa1eaef1954a9,1,832,544,false
dataset_rural/images/train/jaguar_51468b42-92d5-11e9-945c-000d3a74c7de.jpg,dataset_rural/labels/train/jaguar_51468b42-92d5-11e9-945c-000d3a74c7de.txt,2,jaguar,WCS Camera Traps,https://storage.googleapis.com/public-datasets-lila/wcs-unzipped/animals/0379/0011.jpg,LILA 2022-02-05 species bbox export,Community Data License Agreement (permissive variant),51468b42-92d5-11e9-945c-000d3a74c7de,panthera onca,seq:gtm-001-d0026-8,train,466995000a51b3f1ee297c4ed54a0da58efd238778153c3118b017b87f73251c,1,1046,802,false
dataset_rural/images/train/jaguar_51470026-92d5-11e9-85f6-000d3a74c7de.jpg,dataset_rural/labels/train/jaguar_51470026-92d5-11e9-85f6-000d3a74c7de.txt,2,jaguar,WCS Camera Traps,https://storage.googleapis.com/public-datasets-lila/wcs-unzipped/animals/0379/0021.jpg,LILA 2022-02-05 species bbox export,Community Data License Agreement (permissive variant),51470026-92d5-11e9-85f6-000d3a74c7de,panthera onca,seq:gtm-001-d0026-4,train,acacd22b4a778cb4f414e1fbdc38c8cd1f44c493b4bb77a7548e1eb68ddaa1a3,1,1046,802,false
dataset_rural/images/train/jaguar_51474f57-92d5-11e9-bc15-000d3a74c7de.jpg,dataset_rural/labels/train/jaguar_51474f57-92d5-11e9-bc15-000d3a74c7de.txt,2,jaguar,WCS Camera Traps,https://storage.googleapis.com/public-datasets-lila/wcs-unzipped/animals/0379/0030.jpg,LILA 2022-02-05 species bbox export,Community Data License Agreement (permissive variant),51474f57-92d5-11e9-bc15-000d3a74c7de,panthera onca,seq:gtm-001-d0027-6,train,884d270283eef433840c0ef0fd8fad8ae26d7b2c7e9c334f24064e34230e8f89,1,832,592,false
dataset_rural/images/test/jaguar_5147c3ca-92d5-11e9-8a6f-000d3a74c7de.jpg,dataset_rural/labels/test/jaguar_5147c3ca-92d5-11e9-8a6f-000d3a74c7de.txt,2,jaguar,WCS Camera Traps,https://storage.googleapis.com/public-datasets-lila/wcs-unzipped/animals/0379/0038.jpg,LILA 2022-02-05 species bbox export,Community Data License Agreement (permissive variant),5147c3ca-92d5-11e9-8a6f-000d3a74c7de,panthera onca,seq:gtm-001-d0027-1,test,289b937150f22998b3ddd2ac6a0416a62e66f24f74323a94f3d103db597c8218,1,1046,802,false
dataset_rural/images/train/jaguar_51485fbe-92d5-11e9-a3d4-000d3a74c7de.jpg,dataset_rural/labels/train/jaguar_51485fbe-92d5-11e9-a3d4-000d3a74c7de.txt,2,jaguar,WCS Camera Traps,https://storage.googleapis.com/public-datasets-lila/wcs-unzipped/animals/0379/0054.jpg,LILA 2022-02-05 species bbox export,Community Data License Agreement (permissive variant),51485fbe-92d5-11e9-a3d4-000d3a74c7de,panthera onca,seq:gtm-001-d0028-5,train,8581be55cad36928acbf17ce49e72f625f61dd9b81ebed884286650ca8a0afd1,1,1046,802,false
dataset_rural/images/val/jaguar_514aab19-92d5-11e9-a579-000d3a74c7de.jpg,dataset_rural/labels/val/jaguar_514aab19-92d5-11e9-a579-000d3a74c7de.txt,2,jaguar,WCS Camera Traps,https://storage.googleapis.com/public-datasets-lila/wcs-unzipped/animals/0379/0105.jpg,LILA 2022-02-05 species bbox export,Community Data License Agreement (permissive variant),514aab19-92d5-11e9-a579-000d3a74c7de,panthera onca,seq:gtm-001-d0037-1,val,06d0247743bc9cd6bdc5d03c993492680e58067609c771f34c97b90cc5004bad,1,800,576,false
dataset_rural/images/train/jaguar_514af828-92d5-11e9-b560-000d3a74c7de.jpg,dataset_rural/labels/train/jaguar_514af828-92d5-11e9-b560-000d3a74c7de.txt,2,jaguar,WCS Camera Traps,https://storage.googleapis.com/public-datasets-lila/wcs-unzipped/animals/0379/0113.jpg,LILA 2022-02-05 species bbox export,Community Data License Agreement (permissive variant),514af828-92d5-11e9-b560-000d3a74c7de,panthera onca,seq:gtm-001-d0038-8,train,c4db28bf8668f18d9bb86e71c7cf127ff3be5740be5f26dd9feb3c5003bf69f2,1,864,576,false
dataset_rural/images/train/jaguar_514b1f62-92d5-11e9-ab05-000d3a74c7de.jpg,dataset_rural/labels/train/jaguar_514b1f62-92d5-11e9-ab05-000d3a74c7de.txt,2,jaguar,WCS Camera Traps,https://storage.googleapis.com/public-datasets-lila/wcs-unzipped/animals/0379/0117.jpg,LILA 2022-02-05 species bbox export,Community Data License Agreement (permissive variant),514b1f62-92d5-11e9-ab05-000d3a74c7de,panthera onca,seq:gtm-001-d0038-12,train,43a347a256039d8108d14bbb706e328141f9b21e51d826d828da90df6bdb49b7,1,864,560,false
dataset_rural/images/train/jaguar_514c30b7-92d5-11e9-901e-000d3a74c7de.jpg,dataset_rural/labels/train/jaguar_514c30b7-92d5-11e9-901e-000d3a74c7de.txt,2,jaguar,WCS Camera Traps,https://storage.googleapis.com/public-datasets-lila/wcs-unzipped/animals/0379/0141.jpg,LILA 2022-02-05 species bbox export,Community Data License Agreement (permissive variant),514c30b7-92d5-11e9-901e-000d3a74c7de,panthera onca,seq:gtm-002-d0001-9,train,69059f9ee7732fd0d5789ef905fecfe32e49d3fa01ebed500e0ca56548828b18,1,2592,1944,false
dataset_rural/images/train/jaguar_5151604d-92d5-11e9-8035-000d3a74c7de.jpg,dataset_rural/labels/train/jaguar_5151604d-92d5-11e9-8035-000d3a74c7de.txt,2,jaguar,WCS Camera Traps,https://storage.googleapis.com/public-datasets-lila/wcs-unzipped/animals/0379/0232.jpg,LILA 2022-02-05 species bbox export,Community Data License Agreement (permissive variant),5151604d-92d5-11e9-8035-000d3a74c7de,panthera onca,seq:gtm-002-d0001-9,train,e2e4eb844848d515688b4938c9814700e2c719d42dcb192a294515b2dcc24944,1,2592,1944,false
dataset_rural/images/train/jaguar_518765f2-92d5-11e9-a482-000d3a74c7de.jpg,dataset_rural/labels/train/jaguar_518765f2-92d5-11e9-a482-000d3a74c7de.txt,2,jaguar,WCS Camera Traps,https://storage.googleapis.com/public-datasets-lila/wcs-unzipped/animals/0379/1427.jpg,LILA 2022-02-05 species bbox export,Community Data License Agreement (permissive variant),518765f2-92d5-11e9-a482-000d3a74c7de,panthera onca,seq:gtm-002-d0003-8,train,7ecde1aba242ea9e40f94cf525f0967eac0bda0142f5c76339baa37f775b13b4,1,2592,1944,false
dataset_rural/images/train/jaguar_51e4c6d0-92d5-11e9-889e-000d3a74c7de.jpg,dataset_rural/labels/train/jaguar_51e4c6d0-92d5-11e9-889e-000d3a74c7de.txt,2,jaguar,WCS Camera Traps,https://storage.googleapis.com/public-datasets-lila/wcs-unzipped/animals/0380/1478.jpg,LILA 2022-02-05 species bbox export,Community Data License Agreement (permissive variant),51e4c6d0-92d5-11e9-889e-000d3a74c7de,panthera onca,seq:gtm-002-d0003-338,train,b7a52ccc549d6217f6f059bc2b29f12965e38f2448f2e6b20d080b3c6074a85d,1,2592,1944,false
dataset_rural/images/train/jaguar_51ee15d4-92d5-11e9-bc28-000d3a74c7de.jpg,dataset_rural/labels/train/jaguar_51ee15d4-92d5-11e9-bc28-000d3a74c7de.txt,2,jaguar,WCS Camera Traps,https://storage.googleapis.com/public-datasets-lila/wcs-unzipped/animals/0380/1671.jpg,LILA 2022-02-05 species bbox export,Community Data License Agreement (permissive variant),51ee15d4-92d5-11e9-bc28-000d3a74c7de,panthera onca,seq:gtm-002-d0003-9,train,f14dc56dcf346e29005d2a53cf04ae01f3ed34b5d6e974e1b9a91d75f1ff166c,1,2592,1944,false
dataset_rural/images/train/jaguar_52032469-92d5-11e9-b21e-000d3a74c7de.jpg,dataset_rural/labels/train/jaguar_52032469-92d5-11e9-b21e-000d3a74c7de.txt,2,jaguar,WCS Camera Traps,https://storage.googleapis.com/public-datasets-lila/wcs-unzipped/animals/0381/0132.jpg,LILA 2022-02-05 species bbox export,Community Data License Agreement (permissive variant),52032469-92d5-11e9-b21e-000d3a74c7de,panthera onca,seq:gtm-002-d0003-339,train,6611a1d07c5d76940ff7cc91027c7ef6037962fae1ca956e1bffe124717dbc97,1,2592,1944,false
dataset_rural/images/train/jaguar_53560b76-92d5-11e9-bd04-000d3a74c7de.jpg,dataset_rural/labels/train/jaguar_53560b76-92d5-11e9-bd04-000d3a74c7de.txt,2,jaguar,WCS Camera Traps,https://storage.googleapis.com/public-datasets-lila/wcs-unzipped/animals/0384/1371.jpg,LILA 2022-02-05 species bbox export,Community Data License Agreement (permissive variant),53560b76-92d5-11e9-bd04-000d3a74c7de,panthera onca,seq:gtm-002-d0015-391,train,9e02337da52e9c9dc6e0b749477e8e031b823704ef41fecc5f5d6124160a25a5,1,2592,1944,false
dataset_rural/images/train/jaguar_536e744b-92d5-11e9-9138-000d3a74c7de.jpg,dataset_rural/labels/train/jaguar_536e744b-92d5-11e9-9138-000d3a74c7de.txt,2,jaguar,WCS Camera Traps,https://storage.googleapis.com/public-datasets-lila/wcs-unzipped/animals/0384/1906.jpg,LILA 2022-02-05 species bbox export,Community Data License Agreement (permissive variant),536e744b-92d5-11e9-9138-000d3a74c7de,panthera onca,seq:gtm-002-d0015-391,train,6b302b46d49755c4a168cce3f1435b85c86a3fa5c1fd1daaec379034c5a1bee1,1,2592,1944,false
dataset_rural/images/train/jaguar_5392c64d-92d5-11e9-94cc-000d3a74c7de.jpg,dataset_rural/labels/train/jaguar_5392c64d-92d5-11e9-94cc-000d3a74c7de.txt,2,jaguar,WCS Camera Traps,https://storage.googleapis.com/public-datasets-lila/wcs-unzipped/animals/0385/0681.jpg,LILA 2022-02-05 species bbox export,Community Data License Agreement (permissive variant),5392c64d-92d5-11e9-94cc-000d3a74c7de,panthera onca,seq:gtm-002-d0021-101,train,60e11796bb6cd52bf6689af843f1827970db8883aea0ca675b44bde65123e7dd,1,2592,1944,false
dataset_rural/images/train/jaguar_53a00cb8-92d5-11e9-8eba-000d3a74c7de.jpg,dataset_rural/labels/train/jaguar_53a00cb8-92d5-11e9-8eba-000d3a74c7de.txt,2,jaguar,WCS Camera Traps,https://storage.googleapis.com/public-datasets-lila/wcs-unzipped/animals/0385/0970.jpg,LILA 2022-02-05 species bbox export,Community Data License Agreement (permissive variant),53a00cb8-92d5-11e9-8eba-000d3a74c7de,panthera onca,seq:gtm-002-d0023-117,train,63c3a816e3d144ea75eb0b8a2a3a4616daace7812157e681cd1180665fa92815,1,2592,1944,false
dataset_rural/images/train/jaguar_54a9feba-92d5-11e9-a78c-000d3a74c7de.jpg,dataset_rural/labels/train/jaguar_54a9feba-92d5-11e9-a78c-000d3a74c7de.txt,2,jaguar,WCS Camera Traps,https://storage.googleapis.com/public-datasets-lila/wcs-unzipped/animals/0388/0643.jpg,LILA 2022-02-05 species bbox export,Community Data License Agreement (permissive variant),54a9feba-92d5-11e9-a78c-000d3a74c7de,panthera onca,seq:gtm-002-d0031-145,train,5c006017846308eba4ee36cad31996b4b17cc085be9475da8ef29b8124ee9587,1,2592,1944,false
dataset_rural/images/train/jaguar_54b15349-92d5-11e9-b451-000d3a74c7de.jpg,dataset_rural/labels/train/jaguar_54b15349-92d5-11e9-b451-000d3a74c7de.txt,2,jaguar,WCS Camera Traps,https://storage.googleapis.com/public-datasets-lila/wcs-unzipped/animals/0388/0794.jpg,LILA 2022-02-05 species bbox export,Community Data License Agreement (permissive variant),54b15349-92d5-11e9-b451-000d3a74c7de,panthera onca,seq:gtm-002-d0031-19,train,8caa1b2bd14e70ce721371f19c0d09b285800ffcca0bdb2580a4d5f8065eba52,1,2592,1944,false
dataset_rural/images/train/jaguar_54b4865e-92d5-11e9-847b-000d3a74c7de.jpg,dataset_rural/labels/train/jaguar_54b4865e-92d5-11e9-847b-000d3a74c7de.txt,2,jaguar,WCS Camera Traps,https://storage.googleapis.com/public-datasets-lila/wcs-unzipped/animals/0388/0863.jpg,LILA 2022-02-05 species bbox export,Community Data License Agreement (permissive variant),54b4865e-92d5-11e9-847b-000d3a74c7de,panthera onca,seq:gtm-002-d0031-79,train,a5b27acbc6ba3d41f499a7f461e77c9e0dace62e454387454e481f0752197f90,1,2592,1944,false
dataset_rural/images/train/jaguar_54b48660-92d5-11e9-9352-000d3a74c7de.jpg,dataset_rural/labels/train/jaguar_54b48660-92d5-11e9-9352-000d3a74c7de.txt,2,jaguar,WCS Camera Traps,https://storage.googleapis.com/public-datasets-lila/wcs-unzipped/animals/0388/0864.jpg,LILA 2022-02-05 species bbox export,Community Data License Agreement (permissive variant),54b48660-92d5-11e9-9352-000d3a74c7de,panthera onca,seq:gtm-002-d0031-79,train,2837b567cd0e6e5d4b8ddfe8b843d1253a46877d10f37ba77b7e1857b3c0b1dc,1,2592,1944,false
dataset_rural/images/train/jaguar_54ba7ade-92d5-11e9-ac80-000d3a74c7de.jpg,dataset_rural/labels/train/jaguar_54ba7ade-92d5-11e9-ac80-000d3a74c7de.txt,2,jaguar,WCS Camera Traps,https://storage.googleapis.com/public-datasets-lila/wcs-unzipped/animals/0388/0985.jpg,LILA 2022-02-05 species bbox export,Community Data License Agreement (permissive variant),54ba7ade-92d5-11e9-ac80-000d3a74c7de,panthera onca,seq:gtm-002-d0031-145,train,d8e9cb220470db280068a3d1257f825981a36a60d8e7b3d9bc25e7fd7963d8e2,1,2592,1944,false
dataset_rural/images/train/jaguar_54c10953-92d5-11e9-8e58-000d3a74c7de.jpg,dataset_rural/labels/train/jaguar_54c10953-92d5-11e9-8e58-000d3a74c7de.txt,2,jaguar,WCS Camera Traps,https://storage.googleapis.com/public-datasets-lila/wcs-unzipped/animals/0388/1138.jpg,LILA 2022-02-05 species bbox export,Community Data License Agreement (permissive variant),54c10953-92d5-11e9-8e58-000d3a74c7de,panthera onca,seq:gtm-002-d0033-46,train,152abeddffbe2a22a71388f4c0e3ae60138be936b4d6e857cd480cb613c2b8de,1,2592,1944,false
dataset_rural/images/train/jaguar_54c94697-92d5-11e9-a7d8-000d3a74c7de.jpg,dataset_rural/labels/train/jaguar_54c94697-92d5-11e9-a7d8-000d3a74c7de.txt,2,jaguar,WCS Camera Traps,https://storage.googleapis.com/public-datasets-lila/wcs-unzipped/animals/0388/1316.jpg,LILA 2022-02-05 species bbox export,Community Data License Agreement (permissive variant),54c94697-92d5-11e9-a7d8-000d3a74c7de,panthera onca,seq:gtm-002-d0033-111,train,ed6816d05dd646b64ac791c2e04cf395187fc55382e686eeb3022a714325f911,1,2592,1944,false
dataset_rural/images/train/jaguar_54d3a84a-92d5-11e9-b5e3-000d3a74c7de.jpg,dataset_rural/labels/train/jaguar_54d3a84a-92d5-11e9-b5e3-000d3a74c7de.txt,2,jaguar,WCS Camera Traps,https://storage.googleapis.com/public-datasets-lila/wcs-unzipped/animals/0388/1556.jpg,LILA 2022-02-05 species bbox export,Community Data License Agreement (permissive variant),54d3a84a-92d5-11e9-b5e3-000d3a74c7de,panthera onca,seq:gtm-002-d0033-189,train,15a31005838ef840085e640618c1f2cc55081359932a35afb04b71ac04a16b38,1,2592,1944,false
dataset_rural/images/train/jaguar_54d8fe1e-92d5-11e9-b6ce-000d3a74c7de.jpg,dataset_rural/labels/train/jaguar_54d8fe1e-92d5-11e9-b6ce-000d3a74c7de.txt,2,jaguar,WCS Camera Traps,https://storage.googleapis.com/public-datasets-lila/wcs-unzipped/animals/0388/1665.jpg,LILA 2022-02-05 species bbox export,Community Data License Agreement (permissive variant),54d8fe1e-92d5-11e9-b6ce-000d3a74c7de,panthera onca,seq:gtm-002-d0033-224,train,2b2a854053eda067d6a3317a76b8fc301e0b8dec3a054276cc72d9df9e503ab5,1,2592,1944,false
dataset_rural/images/train/jaguar_54df6695-92d5-11e9-9432-000d3a74c7de.jpg,dataset_rural/labels/train/jaguar_54df6695-92d5-11e9-9432-000d3a74c7de.txt,2,jaguar,WCS Camera Traps,https://storage.googleapis.com/public-datasets-lila/wcs-unzipped/animals/0388/1813.jpg,LILA 2022-02-05 species bbox export,Community Data License Agreement (permissive variant),54df6695-92d5-11e9-9432-000d3a74c7de,panthera onca,seq:gtm-002-d0033-45,train,961d99a59bb0789e04c3e4289796f739cf07d24def6fe73521363154e5f8b532,1,2592,1944,false
dataset_rural/images/train/jaguar_54f4759d-92d5-11e9-92c2-000d3a74c7de.jpg,dataset_rural/labels/train/jaguar_54f4759d-92d5-11e9-92c2-000d3a74c7de.txt,2,jaguar,WCS Camera Traps,https://storage.googleapis.com/public-datasets-lila/wcs-unzipped/animals/0389/0252.jpg,LILA 2022-02-05 species bbox export,Community Data License Agreement (permissive variant),54f4759d-92d5-11e9-92c2-000d3a74c7de,panthera onca,seq:gtm-002-d0033-212,train,d3163f6c781a79a01de3d5fafc08dfb538eb5f186e9ce55bd37e40f539a9c4d3,1,2592,1944,false
dataset_rural/images/train/jaguar_54f62312-92d5-11e9-b7c1-000d3a74c7de.jpg,dataset_rural/labels/train/jaguar_54f62312-92d5-11e9-b7c1-000d3a74c7de.txt,2,jaguar,WCS Camera Traps,https://storage.googleapis.com/public-datasets-lila/wcs-unzipped/animals/0389/0292.jpg,LILA 2022-02-05 species bbox export,Community Data License Agreement (permissive variant),54f62312-92d5-11e9-b7c1-000d3a74c7de,panthera onca,seq:gtm-002-d0033-224,train,4173039f2f61b82217455b2c3f7b5caf0ff479f863774ebbe870a7a548d8f6d1,1,2592,1944,false
dataset_rural/images/train/jaguar_54fe6058-92d5-11e9-ac87-000d3a74c7de.jpg,dataset_rural/labels/train/jaguar_54fe6058-92d5-11e9-ac87-000d3a74c7de.txt,2,jaguar,WCS Camera Traps,https://storage.googleapis.com/public-datasets-lila/wcs-unzipped/animals/0389/0477.jpg,LILA 2022-02-05 species bbox export,Community Data License Agreement (permissive variant),54fe6058-92d5-11e9-ac87-000d3a74c7de,panthera onca,seq:gtm-002-d0035-35,train,180ad5a8801e47e001bc5086c778f2370d579b8369b9f571a36a9d7e12ef5d5b,1,2592,1944,false
dataset_rural/images/val/jaguar_55516219-92d5-11e9-9954-000d3a74c7de.jpg,dataset_rural/labels/val/jaguar_55516219-92d5-11e9-9954-000d3a74c7de.txt,2,jaguar,WCS Camera Traps,https://storage.googleapis.com/public-datasets-lila/wcs-unzipped/animals/0390/0274.jpg,LILA 2022-02-05 species bbox export,Community Data License Agreement (permissive variant),55516219-92d5-11e9-9954-000d3a74c7de,panthera onca,seq:gtm-002-d0041-50,val,163ad86e2ab67b386b963819176e50ccd224dcafc7cf741687c19f04b307310c,1,2592,1944,false
dataset_rural/images/train/jaguar_55c3d305-92d5-11e9-97be-000d3a74c7de.jpg,dataset_rural/labels/train/jaguar_55c3d305-92d5-11e9-97be-000d3a74c7de.txt,2,jaguar,WCS Camera Traps,https://storage.googleapis.com/public-datasets-lila/wcs-unzipped/animals/0391/0703.jpg,LILA 2022-02-05 species bbox export,Community Data License Agreement (permissive variant),55c3d305-92d5-11e9-97be-000d3a74c7de,panthera onca,seq:gtm-002-d0047-87,train,94de2cda0fd80ebabf038944ad0252082b776f98d0b01d7b2e8398e4ca0fd5d3,1,2592,1944,false
dataset_rural/images/train/jaguar_55d2a014-92d5-11e9-9e9f-000d3a74c7de.jpg,dataset_rural/labels/train/jaguar_55d2a014-92d5-11e9-9e9f-000d3a74c7de.txt,2,jaguar,WCS Camera Traps,https://storage.googleapis.com/public-datasets-lila/wcs-unzipped/animals/0391/1016.jpg,LILA 2022-02-05 species bbox export,Community Data License Agreement (permissive variant),55d2a014-92d5-11e9-9e9f-000d3a74c7de,panthera onca,seq:gtm-002-d0047-85,train,632faf7d4649fe526c15f34dd526abf151d7786be05fdcafe622e1697e2ae23b,1,2592,1944,false
dataset_rural/images/val/jaguar_55df714c-92d5-11e9-8dd3-000d3a74c7de.jpg,dataset_rural/labels/val/jaguar_55df714c-92d5-11e9-8dd3-000d3a74c7de.txt,2,jaguar,WCS Camera Traps,https://storage.googleapis.com/public-datasets-lila/wcs-unzipped/animals/0391/1280.jpg,LILA 2022-02-05 species bbox export,Community Data License Agreement (permissive variant),55df714c-92d5-11e9-8dd3-000d3a74c7de,panthera onca,seq:gtm-002-d0017-47,val,e3cf2e7e2676f80de1306e8b96d473876d8cf4f9413671112cddfa3a43ff4f80,1,2592,1944,false
dataset_rural/images/train/jaguar_55e787a6-92d5-11e9-b181-000d3a74c7de.jpg,dataset_rural/labels/train/jaguar_55e787a6-92d5-11e9-b181-000d3a74c7de.txt,2,jaguar,WCS Camera Traps,https://storage.googleapis.com/public-datasets-lila/wcs-unzipped/animals/0391/1450.jpg,LILA 2022-02-05 species bbox export,Community Data License Agreement (permissive variant),55e787a6-92d5-11e9-b181-000d3a74c7de,panthera onca,seq:gtm-002-d0017-79,train,199837de30d9e64aa3197c731a82228fae33a4a70a59edde9c7b059ca82b25e4,1,2592,1944,false
dataset_rural/images/train/jaguar_55f01328-92d5-11e9-a977-000d3a74c7de.jpg,dataset_rural/labels/train/jaguar_55f01328-92d5-11e9-a977-000d3a74c7de.txt,2,jaguar,WCS Camera Traps,https://storage.googleapis.com/public-datasets-lila/wcs-unzipped/animals/0391/1605.jpg,LILA 2022-02-05 species bbox export,Community Data License Agreement (permissive variant),55f01328-92d5-11e9-a977-000d3a74c7de,panthera onca,seq:gtm-002-d0049-25,train,9aaa76411f96e76fd748b9b0dd200e4bb72685ec40ec2ecbc7d3345ef148676c,1,2592,1944,false
dataset_rural/images/train/jaguar_560f5ae9-92d5-11e9-b56d-000d3a74c7de.jpg,dataset_rural/labels/train/jaguar_560f5ae9-92d5-11e9-b56d-000d3a74c7de.txt,2,jaguar,WCS Camera Traps,https://storage.googleapis.com/public-datasets-lila/wcs-unzipped/animals/0392/0261.jpg,LILA 2022-02-05 species bbox export,Community Data License Agreement (permissive variant),560f5ae9-92d5-11e9-b56d-000d3a74c7de,panthera onca,seq:gtm-002-d0051-100,train,9252c449f4b44f4786c1a98d6e45cb3e917be5928b20e6d94a4150ce0958b409,1,2592,1944,false
dataset_rural/images/train/jaguar_561d64b5-92d5-11e9-bb49-000d3a74c7de.jpg,dataset_rural/labels/train/jaguar_561d64b5-92d5-11e9-bb49-000d3a74c7de.txt,2,jaguar,WCS Camera Traps,https://storage.googleapis.com/public-datasets-lila/wcs-unzipped/animals/0392/0564.jpg,LILA 2022-02-05 species bbox export,Community Data License Agreement (permissive variant),561d64b5-92d5-11e9-bb49-000d3a74c7de,panthera onca,seq:gtm-002-d0053-123,train,ecd0379617e6bd7196ffe3878f7333a3b801225ecc6f5a5cb23a5b0b931c2019,2,2592,1944,false
dataset_rural/images/train/jaguar_5644c2cd-92d5-11e9-bd21-000d3a74c7de.jpg,dataset_rural/labels/train/jaguar_5644c2cd-92d5-11e9-bd21-000d3a74c7de.txt,2,jaguar,WCS Camera Traps,https://storage.googleapis.com/public-datasets-lila/wcs-unzipped/animals/0392/1397.jpg,LILA 2022-02-05 species bbox export,Community Data License Agreement (permissive variant),5644c2cd-92d5-11e9-bd21-000d3a74c7de,panthera onca,seq:gtm-002-d0055-282,train,117a1c3f941e843dbda8affc8ff7c10ce7705e21c6529d5c45dda81c4ad9a40d,1,2592,1944,false
dataset_rural/images/train/jaguar_5644c2cf-92d5-11e9-a852-000d3a74c7de.jpg,dataset_rural/labels/train/jaguar_5644c2cf-92d5-11e9-a852-000d3a74c7de.txt,2,jaguar,WCS Camera Traps,https://storage.googleapis.com/public-datasets-lila/wcs-unzipped/animals/0392/1398.jpg,LILA 2022-02-05 species bbox export,Community Data License Agreement (permissive variant),5644c2cf-92d5-11e9-a852-000d3a74c7de,panthera onca,seq:gtm-002-d0055-282,train,d541cf58b5f21f79bdecb2e9405e1827d4788fa637cf0d2dae90e2545cfa68c7,1,2592,1944,false
dataset_rural/images/train/jaguar_5686d4dc-92d5-11e9-8ad2-000d3a74c7de.jpg,dataset_rural/labels/train/jaguar_5686d4dc-92d5-11e9-8ad2-000d3a74c7de.txt,2,jaguar,WCS Camera Traps,https://storage.googleapis.com/public-datasets-lila/wcs-unzipped/animals/0393/0832.jpg,LILA 2022-02-05 species bbox export,Community Data License Agreement (permissive variant),5686d4dc-92d5-11e9-8ad2-000d3a74c7de,panthera onca,seq:gtm-002-d0005-175,train,828dc331def773241ffd1392a3a3367eec1f26fe31d34370b62b149612036200,1,2592,1944,false
dataset_rural/images/train/jaguar_56a447f5-92d5-11e9-b249-000d3a74c7de.jpg,dataset_rural/labels/train/jaguar_56a447f5-92d5-11e9-b249-000d3a74c7de.txt,2,jaguar,WCS Camera Traps,https://storage.googleapis.com/public-datasets-lila/wcs-unzipped/animals/0393/1477.jpg,LILA 2022-02-05 species bbox export,Community Data License Agreement (permissive variant),56a447f5-92d5-11e9-b249-000d3a74c7de,panthera onca,seq:gtm-002-d0007-145,train,7c8dfab9b65a7bfda736f0ec57e63007e89a0f898180fa12f12fe7e2523f2716,1,2592,1944,false
dataset_rural/images/test/jaguar_56a55965-92d5-11e9-a5f2-000d3a74c7de.jpg,dataset_rural/labels/test/jaguar_56a55965-92d5-11e9-a5f2-000d3a74c7de.txt,2,jaguar,WCS Camera Traps,https://storage.googleapis.com/public-datasets-lila/wcs-unzipped/animals/0393/1501.jpg,LILA 2022-02-05 species bbox export,Community Data License Agreement (permissive variant),56a55965-92d5-11e9-a5f2-000d3a74c7de,panthera onca,seq:gtm-002-d0007-150,test,af6e1b79ee71cdf3a7c83d49702ffa198d1cf5d074e4718859d0a6afd2363e8e,1,2592,1944,false
dataset_rural/images/val/jaguar_56dbd2b8-92d5-11e9-80dc-000d3a74c7de.jpg,dataset_rural/labels/val/jaguar_56dbd2b8-92d5-11e9-80dc-000d3a74c7de.txt,2,jaguar,WCS Camera Traps,https://storage.googleapis.com/public-datasets-lila/wcs-unzipped/animals/0394/0700.jpg,LILA 2022-02-05 species bbox export,Community Data License Agreement (permissive variant),56dbd2b8-92d5-11e9-80dc-000d3a74c7de,panthera onca,seq:gtm-002-d0015-552,val,8d49ca2a8d40153235c59fe6f5117ee7e9ae49a51b57237451c5014752030031,1,2592,1944,false
dataset_rural/images/val/jaguar_56dbf9c0-92d5-11e9-bf78-000d3a74c7de.jpg,dataset_rural/labels/val/jaguar_56dbf9c0-92d5-11e9-bf78-000d3a74c7de.txt,2,jaguar,WCS Camera Traps,https://storage.googleapis.com/public-datasets-lila/wcs-unzipped/animals/0394/0701.jpg,LILA 2022-02-05 species bbox export,Community Data License Agreement (permissive variant),56dbf9c0-92d5-11e9-bf78-000d3a74c7de,panthera onca,seq:gtm-002-d0015-552,val,a3ac7cff21485cb36e51fdddbb082771c550f3ca4c71dce9d2fc9150823b46aa,1,2592,1944,false
dataset_rural/images/train/jaguar_56dcbd14-92d5-11e9-9959-000d3a74c7de.jpg,dataset_rural/labels/train/jaguar_56dcbd14-92d5-11e9-9959-000d3a74c7de.txt,2,jaguar,WCS Camera Traps,https://storage.googleapis.com/public-datasets-lila/wcs-unzipped/animals/0394/0721.jpg,LILA 2022-02-05 species bbox export,Community Data License Agreement (permissive variant),56dcbd14-92d5-11e9-9959-000d3a74c7de,panthera onca,seq:gtm-002-d0015-558,train,0b111ef615cc9bccda6026f743246487760b9fd1755918dcd5ce575c8b86bdeb,1,2592,1944,false
dataset_rural/images/test/jaguar_570a83d0-92d5-11e9-873d-000d3a74c7de.jpg,dataset_rural/labels/test/jaguar_570a83d0-92d5-11e9-873d-000d3a74c7de.txt,2,jaguar,WCS Camera Traps,https://storage.googleapis.com/public-datasets-lila/wcs-unzipped/animals/0394/1681.jpg,LILA 2022-02-05 species bbox export,Community Data License Agreement (permissive variant),570a83d0-92d5-11e9-873d-000d3a74c7de,panthera onca,seq:gtm-002-d0023-165,test,d23facc3ac8c7ca62c76934dbfd3616cbc5c658f19f9e9543169f3beb8694c36,1,2592,1944,false
dataset_rural/images/train/jaguar_57ba72e7-92d5-11e9-8e86-000d3a74c7de.jpg,dataset_rural/labels/train/jaguar_57ba72e7-92d5-11e9-8e86-000d3a74c7de.txt,2,jaguar,WCS Camera Traps,https://storage.googleapis.com/public-datasets-lila/wcs-unzipped/animals/0396/1416.jpg,LILA 2022-02-05 species bbox export,Community Data License Agreement (permissive variant),57ba72e7-92d5-11e9-8e86-000d3a74c7de,panthera onca,seq:gtm-002-d0031-271,train,df0093b8ee8b2e36397b39e3b34a0cb09b9694ae8ad550fdff89c4bfd05d227d,1,2592,1944,false
dataset_rural/images/train/jaguar_57cae8c8-92d5-11e9-8584-000d3a74c7de.jpg,dataset_rural/labels/train/jaguar_57cae8c8-92d5-11e9-8584-000d3a74c7de.txt,2,jaguar,WCS Camera Traps,https://storage.googleapis.com/public-datasets-lila/wcs-unzipped/animals/0396/1770.jpg,LILA 2022-02-05 species bbox export,Community Data License Agreement (permissive variant),57cae8c8-92d5-11e9-8584-000d3a74c7de,panthera onca,seq:gtm-002-d0033-330,train,a791cbf26c76e2ca346ae7cffb62a57feb87a07fb1bcb5042411967e755e9210,1,2592,1944,false
dataset_rural/images/train/jaguar_57ce442d-92d5-11e9-958e-000d3a74c7de.jpg,dataset_rural/labels/train/jaguar_57ce442d-92d5-11e9-958e-000d3a74c7de.txt,2,jaguar,WCS Camera Traps,https://storage.googleapis.com/public-datasets-lila/wcs-unzipped/animals/0396/1847.jpg,LILA 2022-02-05 species bbox export,Community Data License Agreement (permissive variant),57ce442d-92d5-11e9-958e-000d3a74c7de,panthera onca,seq:gtm-002-d0033-358,train,bdf88ea9fd777324011cb1484be56cd833d6358bac1673c6516ae57cdf08a8dc,1,2592,1944,false
dataset_rural/images/train/jaguar_57de97d0-92d5-11e9-832c-000d3a74c7de.jpg,dataset_rural/labels/train/jaguar_57de97d0-92d5-11e9-832c-000d3a74c7de.txt,2,jaguar,WCS Camera Traps,https://storage.googleapis.com/public-datasets-lila/wcs-unzipped/animals/0397/0215.jpg,LILA 2022-02-05 species bbox export,Community Data License Agreement (permissive variant),57de97d0-92d5-11e9-832c-000d3a74c7de,panthera onca,seq:gtm-002-d0033-330,train,e5945427f4c71d43930eb44317b6ef5787100055b4c2bce671219fe3b221a3f3,1,2592,1944,false
dataset_rural/images/train/jaguar_58546408-92d5-11e9-b080-000d3a74c7de.jpg,dataset_rural/labels/train/jaguar_58546408-92d5-11e9-b080-000d3a74c7de.txt,2,jaguar,WCS Camera Traps,https://storage.googleapis.com/public-datasets-lila/wcs-unzipped/animals/0398/0621.jpg,LILA 2022-02-05 species bbox export,Community Data License Agreement (permissive variant),58546408-92d5-11e9-b080-000d3a74c7de,panthera onca,seq:gtm-002-d0049-97,train,ec50829f2f345cead90eeeddbece7087888e6f980f6f4ff6da75d24144d07c40,1,2592,1944,false
dataset_rural/images/train/jaguar_5856d510-92d5-11e9-8f2f-000d3a74c7de.jpg,dataset_rural/labels/train/jaguar_5856d510-92d5-11e9-8f2f-000d3a74c7de.txt,2,jaguar,WCS Camera Traps,https://storage.googleapis.com/public-datasets-lila/wcs-unzipped/animals/0398/0679.jpg,LILA 2022-02-05 species bbox export,Community Data License Agreement (permissive variant),5856d510-92d5-11e9-8f2f-000d3a74c7de,panthera onca,seq:gtm-002-d0049-97,train,3b6b90107342114fb866abd2e449f1287da3736d33a23d88975ac9a0ea0e795b,1,2592,1944,false
dataset_rural/images/train/jaguar_585882bf-92d5-11e9-9342-000d3a74c7de.jpg,dataset_rural/labels/train/jaguar_585882bf-92d5-11e9-9342-000d3a74c7de.txt,2,jaguar,WCS Camera Traps,https://storage.googleapis.com/public-datasets-lila/wcs-unzipped/animals/0398/0715.jpg,LILA 2022-02-05 species bbox export,Community Data License Agreement (permissive variant),585882bf-92d5-11e9-9342-000d3a74c7de,panthera onca,seq:gtm-002-d0049-123,train,ac6711bf682eebda0311815e0e58fd6325e02994a5a6ef99e65cb0fed5d28dc5,1,2592,1944,false
dataset_rural/images/train/jaguar_586023dc-92d5-11e9-b820-000d3a74c7de.jpg,dataset_rural/labels/train/jaguar_586023dc-92d5-11e9-b820-000d3a74c7de.txt,2,jaguar,WCS Camera Traps,https://storage.googleapis.com/public-datasets-lila/wcs-unzipped/animals/0398/0876.jpg,LILA 2022-02-05 species bbox export,Community Data License Agreement (permissive variant),586023dc-92d5-11e9-b820-000d3a74c7de,panthera onca,seq:gtm-002-d0051-153,train,12b6d0029ef336d3f51ede4dd125830aab25695874ba3c23d58a838ce0ee24e2,1,2592,1944,false
dataset_rural/images/val/jaguar_587b25e8-92d5-11e9-a21c-000d3a74c7de.jpg,dataset_rural/labels/val/jaguar_587b25e8-92d5-11e9-a21c-000d3a74c7de.txt,2,jaguar,WCS Camera Traps,https://storage.googleapis.com/public-datasets-lila/wcs-unzipped/animals/0398/1474.jpg,LILA 2022-02-05 species bbox export,Community Data License Agreement (permissive variant),587b25e8-92d5-11e9-a21c-000d3a74c7de,panthera onca,seq:gtm-002-d0053-292,val,002133b1c85390f787895aa61b9584c6183a7e584c1d0ddcb7e3821401e27ec8,1,2592,1944,false
dataset_rural/images/train/jaguar_588426a0-92d5-11e9-adc7-000d3a74c7de.jpg,dataset_rural/labels/train/jaguar_588426a0-92d5-11e9-adc7-000d3a74c7de.txt,2,jaguar,WCS Camera Traps,https://storage.googleapis.com/public-datasets-lila/wcs-unzipped/animals/0398/1649.jpg,LILA 2022-02-05 species bbox export,Community Data License Agreement (permissive variant),588426a0-92d5-11e9-adc7-000d3a74c7de,panthera onca,seq:gtm-002-d0053-192,train,ee7976b256d0eee9843a3561fa59f4e1f83fa466482469752c2e0605c41ccb8d,1,2592,1944,false
dataset_rural/images/val/jaguar_5891941e-92d5-11e9-88d3-000d3a74c7de.jpg,dataset_rural/labels/val/jaguar_5891941e-92d5-11e9-88d3-000d3a74c7de.txt,2,jaguar,WCS Camera Traps,https://storage.googleapis.com/public-datasets-lila/wcs-unzipped/animals/0398/1941.jpg,LILA 2022-02-05 species bbox export,Community Data License Agreement (permissive variant),5891941e-92d5-11e9-88d3-000d3a74c7de,panthera onca,seq:gtm-002-d0053-292,val,eae560b68c532d7ab41c59f3fe3600abf52dba2e1c0fb0e0c6e5d8aff4a9fed9,1,2592,1944,false
dataset_rural/images/val/jaguar_58b45e67-92d5-11e9-ba0e-000d3a74c7de.jpg,dataset_rural/labels/val/jaguar_58b45e67-92d5-11e9-ba0e-000d3a74c7de.txt,2,jaguar,WCS Camera Traps,https://storage.googleapis.com/public-datasets-lila/wcs-unzipped/animals/0399/0690.jpg,LILA 2022-02-05 species bbox export,Community Data License Agreement (permissive variant),58b45e67-92d5-11e9-ba0e-000d3a74c7de,panthera onca,seq:gtm-002-d0019-78,val,bc06926dcd39987da3adbe654f959cef6d8f76d2df642b1b47fd5273c4d88d30,1,2592,1944,false
dataset_rural/images/train/jaguar_7190b1ec-92d5-11e9-84de-000d3a74c7de.jpg,dataset_rural/labels/train/jaguar_7190b1ec-92d5-11e9-84de-000d3a74c7de.txt,2,jaguar,WCS Camera Traps,https://storage.googleapis.com/public-datasets-lila/wcs-unzipped/animals/0465/1306.jpg,LILA 2022-02-05 species bbox export,Community Data License Agreement (permissive variant),7190b1ec-92d5-11e9-84de-000d3a74c7de,panthera onca,seq:pry-001-d0003-16,train,0a8eefaff37d955f0c0fe8e356af72d33770b377ca5bb20f97e8c68251ac3b05,1,2592,1944,false
dataset_rural/images/train/jaguar_7191752c-92d5-11e9-ab1f-000d3a74c7de.jpg,dataset_rural/labels/train/jaguar_7191752c-92d5-11e9-ab1f-000d3a74c7de.txt,2,jaguar,WCS Camera Traps,https://storage.googleapis.com/public-datasets-lila/wcs-unzipped/animals/0465/1325.jpg,LILA 2022-02-05 species bbox export,Community Data License Agreement (permissive variant),7191752c-92d5-11e9-ab1f-000d3a74c7de,panthera onca,seq:pry-001-d0004-5,train,3e32ced1fe70701df7e5e2e89c9143973e5e7a5c50d322b5cc88902100bbcee0,1,2592,1944,false
dataset_rural/images/train/jaguar_7191c348-92d5-11e9-a1c7-000d3a74c7de.jpg,dataset_rural/labels/train/jaguar_7191c348-92d5-11e9-a1c7-000d3a74c7de.txt,2,jaguar,WCS Camera Traps,https://storage.googleapis.com/public-datasets-lila/wcs-unzipped/animals/0465/1331.jpg,LILA 2022-02-05 species bbox export,Community Data License Agreement (permissive variant),7191c348-92d5-11e9-a1c7-000d3a74c7de,panthera onca,seq:pry-001-d0004-14,train,a4c71f84754e8c6e9af4830b858cf81481201dfa05a43375715347c71ccbc7dd,1,2592,1944,false
dataset_rural/images/train/jaguar_7191c34c-92d5-11e9-bdba-000d3a74c7de.jpg,dataset_rural/labels/train/jaguar_7191c34c-92d5-11e9-bdba-000d3a74c7de.txt,2,jaguar,WCS Camera Traps,https://storage.googleapis.com/public-datasets-lila/wcs-unzipped/animals/0465/1333.jpg,LILA 2022-02-05 species bbox export,Community Data License Agreement (permissive variant),7191c34c-92d5-11e9-bdba-000d3a74c7de,panthera onca,seq:pry-001-d0004-17,train,00214cf52c3412293c2cca6b7dbec13545a351ff1dabe923ecd3a538be08f5f6,2,2592,1944,false
dataset_rural/images/train/jaguar_71963168-92d5-11e9-9e5e-000d3a74c7de.jpg,dataset_rural/labels/train/jaguar_71963168-92d5-11e9-9e5e-000d3a74c7de.txt,2,jaguar,WCS Camera Traps,https://storage.googleapis.com/public-datasets-lila/wcs-unzipped/animals/0465/1431.jpg,LILA 2022-02-05 species bbox export,Community Data License Agreement (permissive variant),71963168-92d5-11e9-9e5e-000d3a74c7de,panthera onca,seq:pry-001-d0007-37,train,dc0c1919036ef4097019d22457cbbf94af4e94d0c848191ca15f750ad77d2b5e,1,2592,1944,false
dataset_rural/images/train/jaguar_719c71c6-92d5-11e9-8891-000d3a74c7de.jpg,dataset_rural/labels/train/jaguar_719c71c6-92d5-11e9-8891-000d3a74c7de.txt,2,jaguar,WCS Camera Traps,https://storage.googleapis.com/public-datasets-lila/wcs-unzipped/animals/0465/1556.jpg,LILA 2022-02-05 species bbox export,Community Data License Agreement (permissive variant),719c71c6-92d5-11e9-8891-000d3a74c7de,panthera onca,seq:pry-001-d0023-1,train,e8b5c0bc16c539110c411669a1515b77f7b4e95cd652dae824c59981c8a83561,1,2592,2000,false
dataset_rural/images/train/jaguar_719c71c8-92d5-11e9-bd6d-000d3a74c7de.jpg,dataset_rural/labels/train/jaguar_719c71c8-92d5-11e9-bd6d-000d3a74c7de.txt,2,jaguar,WCS Camera Traps,https://storage.googleapis.com/public-datasets-lila/wcs-unzipped/animals/0465/1557.jpg,LILA 2022-02-05 species bbox export,Community Data License Agreement (permissive variant),719c71c8-92d5-11e9-bd6d-000d3a74c7de,panthera onca,seq:pry-001-d0023-2,train,9db8a3ae1edbdba028fb5033da0ee7d1f61d575a83a2ed7337259b2d6fa4520c,1,2592,2000,false
dataset_rural/images/train/jaguar_719c71ca-92d5-11e9-add9-000d3a74c7de.jpg,dataset_rural/labels/train/jaguar_719c71ca-92d5-11e9-add9-000d3a74c7de.txt,2,jaguar,WCS Camera Traps,https://storage.googleapis.com/public-datasets-lila/wcs-unzipped/animals/0465/1558.jpg,LILA 2022-02-05 species bbox export,Community Data License Agreement (permissive variant),719c71ca-92d5-11e9-add9-000d3a74c7de,panthera onca,seq:pry-001-d0023-3,train,9bd3045c8d8de76039afdebadce01bcdaf44ce3d330d3b32927e357a25d4dff2,1,2592,2000,false
dataset_rural/images/train/jaguar_719c98d3-92d5-11e9-93e6-000d3a74c7de.jpg,dataset_rural/labels/train/jaguar_719c98d3-92d5-11e9-93e6-000d3a74c7de.txt,2,jaguar,WCS Camera Traps,https://storage.googleapis.com/public-datasets-lila/wcs-unzipped/animals/0465/1561.jpg,LILA 2022-02-05 species bbox export,Community Data License Agreement (permissive variant),719c98d3-92d5-11e9-93e6-000d3a74c7de,panthera onca,seq:pry-001-d0023-6,train,b68b7e01129a0a001f8509b1e6afac50d37e73a2b5cff857d1fb4f7f8574718a,1,2592,2000,false
dataset_rural/images/train/jaguar_719c98d5-92d5-11e9-b390-000d3a74c7de.jpg,dataset_rural/labels/train/jaguar_719c98d5-92d5-11e9-b390-000d3a74c7de.txt,2,jaguar,WCS Camera Traps,https://storage.googleapis.com/public-datasets-lila/wcs-unzipped/animals/0465/1562.jpg,LILA 2022-02-05 species bbox export,Community Data License Agreement (permissive variant),719c98d5-92d5-11e9-b390-000d3a74c7de,panthera onca,seq:pry-001-d0023-7,train,b70d6dfc367e6c90cca48b95f62c119f530438f8c9a7ce541246f1e495d4f2c2,1,2592,2000,false
dataset_rural/images/train/jaguar_71a17b39-92d5-11e9-b152-000d3a74c7de.jpg,dataset_rural/labels/train/jaguar_71a17b39-92d5-11e9-b152-000d3a74c7de.txt,2,jaguar,WCS Camera Traps,https://storage.googleapis.com/public-datasets-lila/wcs-unzipped/animals/0465/1659.jpg,LILA 2022-02-05 species bbox export,Community Data License Agreement (permissive variant),71a17b39-92d5-11e9-b152-000d3a74c7de,panthera onca,seq:pry-001-d0026-13,train,4fcd86c37c22b7fafb906f57bfc0988c0bb69622ddc787a7b04c6e645415d4ee,1,2592,1944,false
dataset_rural/images/train/jaguar_71a1a28a-92d5-11e9-b609-000d3a74c7de.jpg,dataset_rural/labels/train/jaguar_71a1a28a-92d5-11e9-b609-000d3a74c7de.txt,2,jaguar,WCS Camera Traps,https://storage.googleapis.com/public-datasets-lila/wcs-unzipped/animals/0465/1660.jpg,LILA 2022-02-05 species bbox export,Community Data License Agreement (permissive variant),71a1a28a-92d5-11e9-b609-000d3a74c7de,panthera onca,seq:pry-001-d0026-14,train,fe4a9d71bb5deb9af443e12806e05f6fcb0b72ea1be9851b58b52e27b4d9b7d8,1,2592,1944,false
dataset_rural/images/train/jaguar_71a831ec-92d5-11e9-8357-000d3a74c7de.jpg,dataset_rural/labels/train/jaguar_71a831ec-92d5-11e9-8357-000d3a74c7de.txt,2,jaguar,WCS Camera Traps,https://storage.googleapis.com/public-datasets-lila/wcs-unzipped/animals/0465/1804.jpg,LILA 2022-02-05 species bbox export,Community Data License Agreement (permissive variant),71a831ec-92d5-11e9-8357-000d3a74c7de,panthera onca,seq:pry-001-d0032-6,train,a68b0a92a586390f43564128765fcf6240e31e0bf751d5e7b18fa1f442af1e5e,1,2592,2000,false
dataset_rural/images/train/jaguar_71a8cdd8-92d5-11e9-bd60-000d3a74c7de.jpg,dataset_rural/labels/train/jaguar_71a8cdd8-92d5-11e9-bd60-000d3a74c7de.txt,2,jaguar,WCS Camera Traps,https://storage.googleapis.com/public-datasets-lila/wcs-unzipped/animals/0465/1816.jpg,LILA 2022-02-05 species bbox export,Community Data License Agreement (permissive variant),71a8cdd8-92d5-11e9-bd60-000d3a74c7de,panthera onca,seq:pry-001-d0032-18,train,992fd81869c2fbecfc797b23afd72c71e8e15d13294ef79a8a3055971121102c,1,2592,2000,false
dataset_rural/images/train/jaguar_a06d90bf-92d5-11e9-b6e7-000d3a74c7de.jpg,dataset_rural/labels/train/jaguar_a06d90bf-92d5-11e9-b6e7-000d3a74c7de.txt,2,jaguar,WCS Camera Traps,https://storage.googleapis.com/public-datasets-lila/wcs-unzipped/animals/0592/0620.jpg,LILA 2022-02-05 species bbox export,Community Data License Agreement (permissive variant),a06d90bf-92d5-11e9-b6e7-000d3a74c7de,panthera onca,seq:unknown,train,888b1569a3e592cddfd9b28d704fe77256b10bd252ad4dbf239c26dd1d16ed0c,1,1280,1024,false
dataset_rural/images/train/jaguar_c71369aa-92d4-11e9-a7b7-000d3a74c7de.jpg,dataset_rural/labels/train/jaguar_c71369aa-92d4-11e9-a7b7-000d3a74c7de.txt,2,jaguar,WCS Camera Traps,https://storage.googleapis.com/public-datasets-lila/wcs-unzipped/animals/0000/0454.jpg,LILA 2022-02-05 species bbox export,Community Data License Agreement (permissive variant),c71369aa-92d4-11e9-a7b7-000d3a74c7de,panthera onca,seq:bol-002-d0052-4,train,0791802b4caf3de8f40827ddebf89f4bf9cfd7b6534409c14e303248d7596a2c,1,819,542,false
dataset_rural/images/train/jaguar_c7258ecc-92d4-11e9-8e72-000d3a74c7de.jpg,dataset_rural/labels/train/jaguar_c7258ecc-92d4-11e9-8e72-000d3a74c7de.txt,2,jaguar,WCS Camera Traps,https://storage.googleapis.com/public-datasets-lila/wcs-unzipped/animals/0000/0840.jpg,LILA 2022-02-05 species bbox export,Community Data License Agreement (permissive variant),c7258ecc-92d4-11e9-8e72-000d3a74c7de,panthera onca,seq:bol-002-d0024-5,train,041fdf9365d821fa4f4a82a30f355d36e42f3a0aa8e74d184bdeea51fdc4be18,1,819,542,false
dataset_rural/images/train/jaguar_c735e2de-92d4-11e9-8641-000d3a74c7de.jpg,dataset_rural/labels/train/jaguar_c735e2de-92d4-11e9-8641-000d3a74c7de.txt,2,jaguar,WCS Camera Traps,https://storage.googleapis.com/public-datasets-lila/wcs-unzipped/animals/0000/1192.jpg,LILA 2022-02-05 species bbox export,Community Data License Agreement (permissive variant),c735e2de-92d4-11e9-8641-000d3a74c7de,panthera onca,seq:bol-003-d0090-3,train,366f0862e506754259031f3f61cb4b10a50732ba9466676306281dd89f6aa219,1,819,542,false
dataset_rural/images/train/jaguar_c7365816-92d4-11e9-9b61-000d3a74c7de.jpg,dataset_rural/labels/train/jaguar_c7365816-92d4-11e9-9b61-000d3a74c7de.txt,2,jaguar,WCS Camera Traps,https://storage.googleapis.com/public-datasets-lila/wcs-unzipped/animals/0000/1201.jpg,LILA 2022-02-05 species bbox export,Community Data License Agreement (permissive variant),c7365816-92d4-11e9-9b61-000d3a74c7de,panthera onca,seq:bol-003-d0092-5,train,053ea3a198348ce969c57cfaa1e07719b2120def246c3f86a26709ca1ae5ec9e,1,819,542,false
dataset_rural/images/train/jaguar_c7378ffa-92d4-11e9-90a7-000d3a74c7de.jpg,dataset_rural/labels/train/jaguar_c7378ffa-92d4-11e9-90a7-000d3a74c7de.txt,2,jaguar,WCS Camera Traps,https://storage.googleapis.com/public-datasets-lila/wcs-unzipped/animals/0000/1229.jpg,LILA 2022-02-05 species bbox export,Community Data License Agreement (permissive variant),c7378ffa-92d4-11e9-90a7-000d3a74c7de,panthera onca,seq:bol-003-d0096-7,train,f549aa939d3c1f11ff3bdd7ae5add8e534fc2aae91dec5523a10624c3f45aebb,1,819,542,false
dataset_rural/images/test/jaguar_c73dd25c-92d4-11e9-9269-000d3a74c7de.jpg,dataset_rural/labels/test/jaguar_c73dd25c-92d4-11e9-9269-000d3a74c7de.txt,2,jaguar,WCS Camera Traps,https://storage.googleapis.com/public-datasets-lila/wcs-unzipped/animals/0000/1358.jpg,LILA 2022-02-05 species bbox export,Community Data License Agreement (permissive variant),c73dd25c-92d4-11e9-9269-000d3a74c7de,panthera onca,seq:bol-003-d0127-10,test,b44288a668b454e1f9462ecfa30bb32c08bac3fdc14355c1779aa578ea15c313,1,819,542,false
dataset_rural/images/train/jaguar_c73e6df8-92d4-11e9-b4c1-000d3a74c7de.jpg,dataset_rural/labels/train/jaguar_c73e6df8-92d4-11e9-b4c1-000d3a74c7de.txt,2,jaguar,WCS Camera Traps,https://storage.googleapis.com/public-datasets-lila/wcs-unzipped/animals/0000/1374.jpg,LILA 2022-02-05 species bbox export,Community Data License Agreement (permissive variant),c73e6df8-92d4-11e9-b4c1-000d3a74c7de,panthera onca,seq:bol-003-d0130-9,train,f1bb2ca2fae2fe559fc8629e8b33eb4b1d530030839d481a597102d8f60324ba,1,819,542,false
dataset_rural/images/train/jaguar_c73e6dfa-92d4-11e9-92c4-000d3a74c7de.jpg,dataset_rural/labels/train/jaguar_c73e6dfa-92d4-11e9-92c4-000d3a74c7de.txt,2,jaguar,WCS Camera Traps,https://storage.googleapis.com/public-datasets-lila/wcs-unzipped/animals/0000/1375.jpg,LILA 2022-02-05 species bbox export,Community Data License Agreement (permissive variant),c73e6dfa-92d4-11e9-92c4-000d3a74c7de,panthera onca,seq:bol-003-d0130-10,train,22363f979da1693bc51fb3b633922fe67665bbdb0a681a114a81c295e72a5881,1,819,542,false
dataset_rural/images/train/jaguar_c740dfbb-92d4-11e9-8de2-000d3a74c7de.jpg,dataset_rural/labels/train/jaguar_c740dfbb-92d4-11e9-8de2-000d3a74c7de.txt,2,jaguar,WCS Camera Traps,https://storage.googleapis.com/public-datasets-lila/wcs-unzipped/animals/0000/1428.jpg,LILA 2022-02-05 species bbox export,Community Data License Agreement (permissive variant),c740dfbb-92d4-11e9-8de2-000d3a74c7de,panthera onca,seq:bol-003-d0100-23,train,ea0b5fd5beffe3511e273dc119ed5d1086d2dbcab68d74bbf4f9961f302f95a7,1,819,542,false
dataset_rural/images/train/jaguar_c748a73a-92d4-11e9-9211-000d3a74c7de.jpg,dataset_rural/labels/train/jaguar_c748a73a-92d4-11e9-9211-000d3a74c7de.txt,2,jaguar,WCS Camera Traps,https://storage.googleapis.com/public-datasets-lila/wcs-unzipped/animals/0000/1599.jpg,LILA 2022-02-05 species bbox export,Community Data License Agreement (permissive variant),c748a73a-92d4-11e9-9211-000d3a74c7de,panthera onca,seq:bol-003-d0149-5,train,de99ab0d64ce7f69b2f29bb1371c9c174da8e637479c0884dda33c4d745f53f3,1,819,542,false
dataset_rural/images/train/jaguar_c748a73c-92d4-11e9-886e-000d3a74c7de.jpg,dataset_rural/labels/train/jaguar_c748a73c-92d4-11e9-886e-000d3a74c7de.txt,2,jaguar,WCS Camera Traps,https://storage.googleapis.com/public-datasets-lila/wcs-unzipped/animals/0000/1600.jpg,LILA 2022-02-05 species bbox export,Community Data License Agreement (permissive variant),c748a73c-92d4-11e9-886e-000d3a74c7de,panthera onca,seq:bol-003-d0149-6,train,f340d2360d9b56171a0059afac634a37821bc7a99c2eeae81648427fe90cd97f,1,819,542,false
dataset_rural/images/train/jaguar_c748cff8-92d4-11e9-a11b-000d3a74c7de.jpg,dataset_rural/labels/train/jaguar_c748cff8-92d4-11e9-a11b-000d3a74c7de.txt,2,jaguar,WCS Camera Traps,https://storage.googleapis.com/public-datasets-lila/wcs-unzipped/animals/0000/1602.jpg,LILA 2022-02-05 species bbox export,Community Data License Agreement (permissive variant),c748cff8-92d4-11e9-a11b-000d3a74c7de,panthera onca,seq:bol-003-d0165-2,train,1232693ceb2eb43614fd69fc0611b5d729af94344bc59e80d3caa71cf384e278,1,819,542,false
dataset_rural/images/train/jaguar_c748cffa-92d4-11e9-ab68-000d3a74c7de.jpg,dataset_rural/labels/train/jaguar_c748cffa-92d4-11e9-ab68-000d3a74c7de.txt,2,jaguar,WCS Camera Traps,https://storage.googleapis.com/public-datasets-lila/wcs-unzipped/animals/0000/1603.jpg,LILA 2022-02-05 species bbox export,Community Data License Agreement (permissive variant),c748cffa-92d4-11e9-ab68-000d3a74c7de,panthera onca,seq:bol-003-d0165-3,train,f23c30fee21ad199dd1934665df5d5ce6d5f27f13e308c263e47ba09a42539a8,1,819,542,false
dataset_rural/images/train/jaguar_c74db033-92d4-11e9-a506-000d3a74c7de.jpg,dataset_rural/labels/train/jaguar_c74db033-92d4-11e9-a506-000d3a74c7de.txt,2,jaguar,WCS Camera Traps,https://storage.googleapis.com/public-datasets-lila/wcs-unzipped/animals/0000/1704.jpg,LILA 2022-02-05 species bbox export,Community Data License Agreement (permissive variant),c74db033-92d4-11e9-a506-000d3a74c7de,panthera onca,seq:bol-003-d0009-2,train,c0596da2ad220624141c0025f0bc032d0cc09118482fb4796ee735a4555a11a9,1,819,542,false
dataset_rural/images/train/jaguar_c755519f-92d4-11e9-989d-000d3a74c7de.jpg,dataset_rural/labels/train/jaguar_c755519f-92d4-11e9-989d-000d3a74c7de.txt,2,jaguar,WCS Camera Traps,https://storage.googleapis.com/public-datasets-lila/wcs-unzipped/animals/0000/1881.jpg,LILA 2022-02-05 species bbox export,Community Data License Agreement (permissive variant),c755519f-92d4-11e9-989d-000d3a74c7de,panthera onca,seq:bol-003-d0039-14,train,613ad0de56daf28950f12a485acfac7de41ab6137730c9349d176fdaff6462fe,1,819,542,false
dataset_rural/images/train/jaguar_c75810e0-92d4-11e9-8b83-000d3a74c7de.jpg,dataset_rural/labels/train/jaguar_c75810e0-92d4-11e9-8b83-000d3a74c7de.txt,2,jaguar,WCS Camera Traps,https://storage.googleapis.com/public-datasets-lila/wcs-unzipped/animals/0000/1945.jpg,LILA 2022-02-05 species bbox export,Community Data License Agreement (permissive variant),c75810e0-92d4-11e9-8b83-000d3a74c7de,panthera onca,seq:bol-003-d0050-2,train,c782be7d86707de5a3dd9689b30115ab16c5d59fd2fb0841f0a53e874f1d361a,1,819,542,false
dataset_rural/images/train/jaguar_c75a81b9-92d4-11e9-9071-000d3a74c7de.jpg,dataset_rural/labels/train/jaguar_c75a81b9-92d4-11e9-9071-000d3a74c7de.txt,2,jaguar,WCS Camera Traps,https://storage.googleapis.com/public-datasets-lila/wcs-unzipped/animals/0000/1985.jpg,LILA 2022-02-05 species bbox export,Community Data License Agreement (permissive variant),c75a81b9-92d4-11e9-9071-000d3a74c7de,panthera onca,seq:bol-003-d0059-14,train,b837cc87b879e48510c4c66008fb1e4e63541f03aef02d3bef354afa7e55a923,1,819,542,false
dataset_rural/images/train/jaguar_c75fb368-92d4-11e9-9a58-000d3a74c7de.jpg,dataset_rural/labels/train/jaguar_c75fb368-92d4-11e9-9a58-000d3a74c7de.txt,2,jaguar,WCS Camera Traps,https://storage.googleapis.com/public-datasets-lila/wcs-unzipped/animals/0001/0102.jpg,LILA 2022-02-05 species bbox export,Community Data License Agreement (permissive variant),c75fb368-92d4-11e9-9a58-000d3a74c7de,panthera onca,seq:bol-005-d0025-1,train,5e9101a07407cd974955a232666133fb4d20e383d3d093c55e12cbe74a080487,1,1266,838,false
dataset_rural/images/train/jaguar_c75ffff2-92d4-11e9-b91c-000d3a74c7de.jpg,dataset_rural/labels/train/jaguar_c75ffff2-92d4-11e9-b91c-000d3a74c7de.txt,2,jaguar,WCS Camera Traps,https://storage.googleapis.com/public-datasets-lila/wcs-unzipped/animals/0001/0109.jpg,LILA 2022-02-05 species bbox export,Community Data License Agreement (permissive variant),c75ffff2-92d4-11e9-b91c-000d3a74c7de,panthera onca,seq:bol-005-d0010-1,train,8c5de547b6bfd84770ac1747054f91df9bfd4a282da2cbc841af5a49e7fddcda,1,1266,838,false
dataset_rural/images/train/jaguar_c7609cda-92d4-11e9-b34b-000d3a74c7de.jpg,dataset_rural/labels/train/jaguar_c7609cda-92d4-11e9-b34b-000d3a74c7de.txt,2,jaguar,WCS Camera Traps,https://storage.googleapis.com/public-datasets-lila/wcs-unzipped/animals/0001/0115.jpg,LILA 2022-02-05 species bbox export,Community Data License Agreement (permissive variant),c7609cda-92d4-11e9-b34b-000d3a74c7de,panthera onca,seq:bol-005-d0013-1,train,81bb859764fcbf6f8bce520c1d93bd038e3d6462f37a02121c4a4cdcb5bc4cc4,1,1266,838,false
dataset_rural/images/val/jaguar_c760eaba-92d4-11e9-8e6d-000d3a74c7de.jpg,dataset_rural/labels/val/jaguar_c760eaba-92d4-11e9-8e6d-000d3a74c7de.txt,2,jaguar,WCS Camera Traps,https://storage.googleapis.com/public-datasets-lila/wcs-unzipped/animals/0001/0123.jpg,LILA 2022-02-05 species bbox export,Community Data License Agreement (permissive variant),c760eaba-92d4-11e9-8e6d-000d3a74c7de,panthera onca,seq:bol-005-d0010-2,val,4333339bafe8bdf2086fa0433ded80ea61a1ee667bdf550f25e6eaf8fe62e41b,1,1266,838,false
dataset_rural/images/val/jaguar_c761865c-92d4-11e9-9a59-000d3a74c7de.jpg,dataset_rural/labels/val/jaguar_c761865c-92d4-11e9-9a59-000d3a74c7de.txt,2,jaguar,WCS Camera Traps,https://storage.googleapis.com/public-datasets-lila/wcs-unzipped/animals/0001/0136.jpg,LILA 2022-02-05 species bbox export,Community Data License Agreement (permissive variant),c761865c-92d4-11e9-9a59-000d3a74c7de,panthera onca,seq:bol-005-d0002-1,val,d1d6ee4479da1203173dee1baaebc04c16728792253fe1b34ff220a48e48f74f,1,1266,838,false
dataset_rural/images/train/jaguar_c7618660-92d4-11e9-95cd-000d3a74c7de.jpg,dataset_rural/labels/train/jaguar_c7618660-92d4-11e9-95cd-000d3a74c7de.txt,2,jaguar,WCS Camera Traps,https://storage.googleapis.com/public-datasets-lila/wcs-unzipped/animals/0001/0138.jpg,LILA 2022-02-05 species bbox export,Community Data License Agreement (permissive variant),c7618660-92d4-11e9-95cd-000d3a74c7de,panthera onca,seq:bol-005-d0033-2,train,752b293752b1d443b85720fadecdf547d9b47c21cca55b8f3263b27462f7b71b,1,1266,838,false
dataset_rural/images/train/jaguar_c7618662-92d4-11e9-a877-000d3a74c7de.jpg,dataset_rural/labels/train/jaguar_c7618662-92d4-11e9-a877-000d3a74c7de.txt,2,jaguar,WCS Camera Traps,https://storage.googleapis.com/public-datasets-lila/wcs-unzipped/animals/0001/0139.jpg,LILA 2022-02-05 species bbox export,Community Data License Agreement (permissive variant),c7618662-92d4-11e9-a877-000d3a74c7de,panthera onca,seq:bol-005-d0033-3,train,c3cb024bc69032fe69388c96a89b9f71a0c1a814478b90ce3671b18cd9427c87,1,1266,838,false
dataset_rural/images/train/jaguar_c761ae3b-92d4-11e9-943c-000d3a74c7de.jpg,dataset_rural/labels/train/jaguar_c761ae3b-92d4-11e9-943c-000d3a74c7de.txt,2,jaguar,WCS Camera Traps,https://storage.googleapis.com/public-datasets-lila/wcs-unzipped/animals/0001/0140.jpg,LILA 2022-02-05 species bbox export,Community Data License Agreement (permissive variant),c761ae3b-92d4-11e9-943c-000d3a74c7de,panthera onca,seq:bol-005-d0015-1,train,4376895644d097361c8f5292d5166d0a27ec139d07b975eb9ffc3bba5ab81c2d,1,1266,838,false
dataset_rural/images/train/jaguar_c761d46e-92d4-11e9-80fc-000d3a74c7de.jpg,dataset_rural/labels/train/jaguar_c761d46e-92d4-11e9-80fc-000d3a74c7de.txt,2,jaguar,WCS Camera Traps,https://storage.googleapis.com/public-datasets-lila/wcs-unzipped/animals/0001/0146.jpg,LILA 2022-02-05 species bbox export,Community Data License Agreement (permissive variant),c761d46e-92d4-11e9-80fc-000d3a74c7de,panthera onca,seq:bol-005-d0015-2,train,98bc6d72b59316699a8fa35448d0f1ed1dddab2cf3c5a4bb248406681636f7fa,1,1266,838,false
dataset_rural/images/val/jaguar_c7630cfd-92d4-11e9-8274-000d3a74c7de.jpg,dataset_rural/labels/val/jaguar_c7630cfd-92d4-11e9-8274-000d3a74c7de.txt,2,jaguar,WCS Camera Traps,https://storage.googleapis.com/public-datasets-lila/wcs-unzipped/animals/0001/0173.jpg,LILA 2022-02-05 species bbox export,Community Data License Agreement (permissive variant),c7630cfd-92d4-11e9-8274-000d3a74c7de,panthera onca,seq:bol-005-d0006-3,val,b1cbd55a7e75b84c1e0778b7e5e473d385cfec8ce327f80dd17ea858c3c17bdb,2,1266,838,false
dataset_rural/images/train/jaguar_c7630cff-92d4-11e9-b18e-000d3a74c7de.jpg,dataset_rural/labels/train/jaguar_c7630cff-92d4-11e9-b18e-000d3a74c7de.txt,2,jaguar,WCS Camera Traps,https://storage.googleapis.com/public-datasets-lila/wcs-unzipped/animals/0001/0174.jpg,LILA 2022-02-05 species bbox export,Community Data License Agreement (permissive variant),c7630cff-92d4-11e9-b18e-000d3a74c7de,panthera onca,seq:bol-005-d0006-4,train,4c02eda8fc3f322ba49f3edcd0bcf87cd7a933c369db658a8b466e82c8c674c5,1,1266,838,false
dataset_rural/images/test/jaguar_c763342e-92d4-11e9-9d2f-000d3a74c7de.jpg,dataset_rural/labels/test/jaguar_c763342e-92d4-11e9-9d2f-000d3a74c7de.txt,2,jaguar,WCS Camera Traps,https://storage.googleapis.com/public-datasets-lila/wcs-unzipped/animals/0001/0175.jpg,LILA 2022-02-05 species bbox export,Community Data License Agreement (permissive variant),c763342e-92d4-11e9-9d2f-000d3a74c7de,panthera onca,seq:bol-005-d0006-5,test,26c31d9ce70be5e4245e4c07a857c09282b12e04afc2ee9359819c48077966a7,1,1266,838,false
dataset_rural/images/val/jaguar_c7633432-92d4-11e9-b96e-000d3a74c7de.jpg,dataset_rural/labels/val/jaguar_c7633432-92d4-11e9-b96e-000d3a74c7de.txt,2,jaguar,WCS Camera Traps,https://storage.googleapis.com/public-datasets-lila/wcs-unzipped/animals/0001/0177.jpg,LILA 2022-02-05 species bbox export,Community Data License Agreement (permissive variant),c7633432-92d4-11e9-b96e-000d3a74c7de,panthera onca,seq:bol-005-d0006-6,val,fd0f236d98c289edb7d76dfba247580170d0918de048d83cceb0018e95123f3e,2,1266,838,false
dataset_rural/images/val/jaguar_c7635bb6-92d4-11e9-9a76-000d3a74c7de.jpg,dataset_rural/labels/val/jaguar_c7635bb6-92d4-11e9-9a76-000d3a74c7de.txt,2,jaguar,WCS Camera Traps,https://storage.googleapis.com/public-datasets-lila/wcs-unzipped/animals/0001/0181.jpg,LILA 2022-02-05 species bbox export,Community Data License Agreement (permissive variant),c7635bb6-92d4-11e9-9a76-000d3a74c7de,panthera onca,seq:bol-005-d0006-8,val,48110dc733128f34cdc91d17c3d8a5198442c948f600fcb0d8d56cd31e4fdad2,1,1266,838,false
dataset_rural/images/train/jaguar_c7638446-92d4-11e9-9dcf-000d3a74c7de.jpg,dataset_rural/labels/train/jaguar_c7638446-92d4-11e9-9dcf-000d3a74c7de.txt,2,jaguar,WCS Camera Traps,https://storage.googleapis.com/public-datasets-lila/wcs-unzipped/animals/0001/0182.jpg,LILA 2022-02-05 species bbox export,Community Data License Agreement (permissive variant),c7638446-92d4-11e9-9dcf-000d3a74c7de,panthera onca,seq:bol-005-d0006-9,train,4fa51635d710fd04f64990618c592462a7fd66a37f954e21fdd911997e6d39ae,1,1266,838,false
dataset_rural/images/train/jaguar_c763aba6-92d4-11e9-87e1-000d3a74c7de.jpg,dataset_rural/labels/train/jaguar_c763aba6-92d4-11e9-87e1-000d3a74c7de.txt,2,jaguar,WCS Camera Traps,https://storage.googleapis.com/public-datasets-lila/wcs-unzipped/animals/0001/0187.jpg,LILA 2022-02-05 species bbox export,Community Data License Agreement (permissive variant),c763aba6-92d4-11e9-87e1-000d3a74c7de,panthera onca,seq:bol-005-d0017-9,train,ac3efda5de8602fa8ed69b12a2df004b158ed8080cf697af06c9e7c5a1e58a65,1,1266,838,false
dataset_rural/images/test/jaguar_c7641fb3-92d4-11e9-a1f9-000d3a74c7de.jpg,dataset_rural/labels/test/jaguar_c7641fb3-92d4-11e9-a1f9-000d3a74c7de.txt,2,jaguar,WCS Camera Traps,https://storage.googleapis.com/public-datasets-lila/wcs-unzipped/animals/0001/0198.jpg,LILA 2022-02-05 species bbox export,Community Data License Agreement (permissive variant),c7641fb3-92d4-11e9-a1f9-000d3a74c7de,panthera onca,seq:bol-005-d0037-1,test,c2e574daee5037a71f3fffced2da3638ab32b2436eebc6bd320fa3326d01307a,1,1266,838,false
dataset_rural/images/train/jaguar_c7649548-92d4-11e9-833b-000d3a74c7de.jpg,dataset_rural/labels/train/jaguar_c7649548-92d4-11e9-833b-000d3a74c7de.txt,2,jaguar,WCS Camera Traps,https://storage.googleapis.com/public-datasets-lila/wcs-unzipped/animals/0001/0209.jpg,LILA 2022-02-05 species bbox export,Community Data License Agreement (permissive variant),c7649548-92d4-11e9-833b-000d3a74c7de,panthera onca,seq:bol-005-d0008-9,train,d9f6a3d80139ddaeb7cb20a1b4e34ac7b372447659cce362712ae108f387afb3,1,1266,838,false
dataset_rural/images/test/jaguar_c764bb42-92d4-11e9-81e5-000d3a74c7de.jpg,dataset_rural/labels/test/jaguar_c764bb42-92d4-11e9-81e5-000d3a74c7de.txt,2,jaguar,WCS Camera Traps,https://storage.googleapis.com/public-datasets-lila/wcs-unzipped/animals/0001/0211.jpg,LILA 2022-02-05 species bbox export,Community Data License Agreement (permissive variant),c764bb42-92d4-11e9-81e5-000d3a74c7de,panthera onca,seq:bol-005-d0032-2,test,9c864cf96a0fd47d99a5f72f59ded20920ad8d66c20c8e8ac8fd34976e2811cc,1,1266,838,false
dataset_rural/images/train/jaguar_c765a524-92d4-11e9-8f15-000d3a74c7de.jpg,dataset_rural/labels/train/jaguar_c765a524-92d4-11e9-8f15-000d3a74c7de.txt,2,jaguar,WCS Camera Traps,https://storage.googleapis.com/public-datasets-lila/wcs-unzipped/animals/0001/0231.jpg,LILA 2022-02-05 species bbox export,Community Data License Agreement (permissive variant),c765a524-92d4-11e9-8f15-000d3a74c7de,panthera onca,seq:bol-005-d0065-2,train,9c11fad3c4ef4380b1bcb6a2bff25e0b91a4f68aa5638892418a254b636aaa75,1,1266,838,false
dataset_rural/images/train/jaguar_c765a526-92d4-11e9-8b38-000d3a74c7de.jpg,dataset_rural/labels/train/jaguar_c765a526-92d4-11e9-8b38-000d3a74c7de.txt,2,jaguar,WCS Camera Traps,https://storage.googleapis.com/public-datasets-lila/wcs-unzipped/animals/0001/0232.jpg,LILA 2022-02-05 species bbox export,Community Data License Agreement (permissive variant),c765a526-92d4-11e9-8b38-000d3a74c7de,panthera onca,seq:bol-005-d0002-4,train,fc74f6b7ea6e75dd1901347613fb066e6a56cf0418d8f7e8ecf373ae905c0932,1,1266,838,false
dataset_rural/images/train/jaguar_c76779e7-92d4-11e9-80b6-000d3a74c7de.jpg,dataset_rural/labels/train/jaguar_c76779e7-92d4-11e9-80b6-000d3a74c7de.txt,2,jaguar,WCS Camera Traps,https://storage.googleapis.com/public-datasets-lila/wcs-unzipped/animals/0001/0274.jpg,LILA 2022-02-05 species bbox export,Community Data License Agreement (permissive variant),c76779e7-92d4-11e9-80b6-000d3a74c7de,panthera onca,seq:bol-005-d0022-3,train,d7decd94321a4fd9efb8323f7696e80c52d008706e44bcaf5584bd5a89dfabcc,1,1266,838,false
dataset_rural/images/val/jaguar_c76779eb-92d4-11e9-a0a6-000d3a74c7de.jpg,dataset_rural/labels/val/jaguar_c76779eb-92d4-11e9-a0a6-000d3a74c7de.txt,2,jaguar,WCS Camera Traps,https://storage.googleapis.com/public-datasets-lila/wcs-unzipped/animals/0001/0276.jpg,LILA 2022-02-05 species bbox export,Community Data License Agreement (permissive variant),c76779eb-92d4-11e9-a0a6-000d3a74c7de,panthera onca,seq:bol-005-d0022-4,val,2e1df4f650969872bdb112e71dcfa381c5747381f3625f90a26cd6cb6a882f72,1,1266,838,false
dataset_rural/images/train/jaguar_c76a3c4c-92d4-11e9-b912-000d3a74c7de.jpg,dataset_rural/labels/train/jaguar_c76a3c4c-92d4-11e9-b912-000d3a74c7de.txt,2,jaguar,WCS Camera Traps,https://storage.googleapis.com/public-datasets-lila/wcs-unzipped/animals/0001/0326.jpg,LILA 2022-02-05 species bbox export,Community Data License Agreement (permissive variant),c76a3c4c-92d4-11e9-b912-000d3a74c7de,panthera onca,seq:bol-005-d0009-9,train,2f8a7da15ed24d2a715240e942b4810ec06b63731b2eba15b5fc1b3f323d68eb,1,1266,838,false
dataset_rural/images/train/jaguar_c76a3c4e-92d4-11e9-8340-000d3a74c7de.jpg,dataset_rural/labels/train/jaguar_c76a3c4e-92d4-11e9-8340-000d3a74c7de.txt,2,jaguar,WCS Camera Traps,https://storage.googleapis.com/public-datasets-lila/wcs-unzipped/animals/0001/0327.jpg,LILA 2022-02-05 species bbox export,Community Data License Agreement (permissive variant),c76a3c4e-92d4-11e9-8340-000d3a74c7de,panthera onca,seq:bol-005-d0021-1,train,26c629cea1b1e373117f24c9f34dd8ef987f7c5809ca1d40c15a319d67423097,1,1266,838,false
dataset_rural/images/val/jaguar_c76be7f1-92d4-11e9-a1c1-000d3a74c7de.jpg,dataset_rural/labels/val/jaguar_c76be7f1-92d4-11e9-a1c1-000d3a74c7de.txt,2,jaguar,WCS Camera Traps,https://storage.googleapis.com/public-datasets-lila/wcs-unzipped/animals/0001/0370.jpg,LILA 2022-02-05 species bbox export,Community Data License Agreement (permissive variant),c76be7f1-92d4-11e9-a1c1-000d3a74c7de,panthera onca,seq:bol-005-d0021-3,val,b823de1ff9c8ef1e89bd5926954c2e3c155b910498cf357d7172ad759728569a,1,1266,838,false
dataset_rural/images/train/jaguar_c76be7fb-92d4-11e9-ace3-000d3a74c7de.jpg,dataset_rural/labels/train/jaguar_c76be7fb-92d4-11e9-ace3-000d3a74c7de.txt,2,jaguar,WCS Camera Traps,https://storage.googleapis.com/public-datasets-lila/wcs-unzipped/animals/0001/0375.jpg,LILA 2022-02-05 species bbox export,Community Data License Agreement (permissive variant),c76be7fb-92d4-11e9-ace3-000d3a74c7de,panthera onca,seq:bol-005-d0051-4,train,8f7345c65cbc9201e969e92209947ad932ab7008b9bd4c7878e25b95c5e3ec09,1,1266,838,false
dataset_rural/images/test/jaguar_c76c6ad8-92d4-11e9-9e59-000d3a74c7de.jpg,dataset_rural/labels/test/jaguar_c76c6ad8-92d4-11e9-9e59-000d3a74c7de.txt,2,jaguar,WCS Camera Traps,https://storage.googleapis.com/public-datasets-lila/wcs-unzipped/animals/0001/0376.jpg,LILA 2022-02-05 species bbox export,Community Data License Agreement (permissive variant),c76c6ad8-92d4-11e9-9e59-000d3a74c7de,panthera onca,seq:bol-005-d0031-2,test,1a96f924642d99c17d0dc850f2398ae2509e9c3238701147c80443d5701c583f,1,1266,838,false
dataset_rural/images/train/jaguar_c76c8368-92d4-11e9-8a11-000d3a74c7de.jpg,dataset_rural/labels/train/jaguar_c76c8368-92d4-11e9-8a11-000d3a74c7de.txt,2,jaguar,WCS Camera Traps,https://storage.googleapis.com/public-datasets-lila/wcs-unzipped/animals/0001/0380.jpg,LILA 2022-02-05 species bbox export,Community Data License Agreement (permissive variant),c76c8368-92d4-11e9-8a11-000d3a74c7de,panthera onca,seq:bol-005-d0008-25,train,9fb2b2f4e71b40e508557da4114dc09f38cc25d2f6f30aa243d8f7aaa23a6956,1,1266,838,false
dataset_rural/images/train/jaguar_c76cd120-92d4-11e9-bf46-000d3a74c7de.jpg,dataset_rural/labels/train/jaguar_c76cd120-92d4-11e9-bf46-000d3a74c7de.txt,2,jaguar,WCS Camera Traps,https://storage.googleapis.com/public-datasets-lila/wcs-unzipped/animals/0001/0387.jpg,LILA 2022-02-05 species bbox export,Community Data License Agreement (permissive variant),c76cd120-92d4-11e9-bf46-000d3a74c7de,panthera onca,seq:bol-005-d0029-19,train,739544c97772fbc63efc573d8e5031db1e304d091e614ec51a2a58656c5514d7,1,1266,838,false
dataset_rural/images/train/jaguar_c76ea5db-92d4-11e9-8ee1-000d3a74c7de.jpg,dataset_rural/labels/train/jaguar_c76ea5db-92d4-11e9-8ee1-000d3a74c7de.txt,2,jaguar,WCS Camera Traps,https://storage.googleapis.com/public-datasets-lila/wcs-unzipped/animals/0001/0430.jpg,LILA 2022-02-05 species bbox export,Community Data License Agreement (permissive variant),c76ea5db-92d4-11e9-8ee1-000d3a74c7de,panthera onca,seq:bol-007-d0086-1,train,fd22d1f622413a17e5a934f14968f1197bf2fbf445aad8fae9b13756279acf11,1,1266,838,false
dataset_rural/images/train/jaguar_c7765e4a-92d4-11e9-806d-000d3a74c7de.jpg,dataset_rural/labels/train/jaguar_c7765e4a-92d4-11e9-806d-000d3a74c7de.txt,2,jaguar,WCS Camera Traps,https://storage.googleapis.com/public-datasets-lila/wcs-unzipped/animals/0001/0604.jpg,LILA 2022-02-05 species bbox export,Community Data License Agreement (permissive variant),c7765e4a-92d4-11e9-806d-000d3a74c7de,panthera onca,seq:bol-007-d0079-2,train,d9a3411fb1b8414df0117acdbd6e0399057002f728ba7dbc2e713e4ac27b5a63,1,1266,838,false
dataset_rural/images/train/jaguar_c776ac5a-92d4-11e9-a4a2-000d3a74c7de.jpg,dataset_rural/labels/train/jaguar_c776ac5a-92d4-11e9-a4a2-000d3a74c7de.txt,2,jaguar,WCS Camera Traps,https://storage.googleapis.com/public-datasets-lila/wcs-unzipped/animals/0001/0609.jpg,LILA 2022-02-05 species bbox export,Community Data License Agreement (permissive variant),c776ac5a-92d4-11e9-a4a2-000d3a74c7de,panthera onca,seq:bol-007-d0076-4,train,3ab9b62c00557378c5389c94f8f8d46d68d5fdda2854db6047f41c11aba4b179,1,1266,838,false
dataset_rural/images/train/jaguar_c777be12-92d4-11e9-b262-000d3a74c7de.jpg,dataset_rural/labels/train/jaguar_c777be12-92d4-11e9-b262-000d3a74c7de.txt,2,jaguar,WCS Camera Traps,https://storage.googleapis.com/public-datasets-lila/wcs-unzipped/animals/0001/0634.jpg,LILA 2022-02-05 species bbox export,Community Data License Agreement (permissive variant),c777be12-92d4-11e9-b262-000d3a74c7de,panthera onca,seq:bol-007-d0086-7,train,0ec49ac22bfad69827f7cf8f95a08e486238e698159dd9a236d75fc266ab2c78,1,1266,838,false
dataset_rural/images/test/jaguar_c7788120-92d4-11e9-bb1b-000d3a74c7de.jpg,dataset_rural/labels/test/jaguar_c7788120-92d4-11e9-bb1b-000d3a74c7de.txt,2,jaguar,WCS Camera Traps,https://storage.googleapis.com/public-datasets-lila/wcs-unzipped/animals/0001/0653.jpg,LILA 2022-02-05 species bbox export,Community Data License Agreement (permissive variant),c7788120-92d4-11e9-bb1b-000d3a74c7de,panthera onca,seq:bol-007-d0059-2,test,add909274e5d519322e51ddcb4c96ccfcacb2b424b324762e2aacbbc3e197a7a,1,1266,838,false
dataset_rural/images/train/jaguar_c781cfef-92d4-11e9-9dd5-000d3a74c7de.jpg,dataset_rural/labels/train/jaguar_c781cfef-92d4-11e9-9dd5-000d3a74c7de.txt,2,jaguar,WCS Camera Traps,https://storage.googleapis.com/public-datasets-lila/wcs-unzipped/animals/0001/0855.jpg,LILA 2022-02-05 species bbox export,Community Data License Agreement (permissive variant),c781cfef-92d4-11e9-9dd5-000d3a74c7de,panthera onca,seq:bol-008-d0006-1,train,bc27612943eb3e9f6ae86320fb3c0809a365817211a704a2ab4ba5b0422209a4,1,819,542,false
dataset_rural/images/train/jaguar_c78b6bb4-92d4-11e9-978e-000d3a74c7de.jpg,dataset_rural/labels/train/jaguar_c78b6bb4-92d4-11e9-978e-000d3a74c7de.txt,2,jaguar,WCS Camera Traps,https://storage.googleapis.com/public-datasets-lila/wcs-unzipped/animals/0001/1069.jpg,LILA 2022-02-05 species bbox export,Community Data License Agreement (permissive variant),c78b6bb4-92d4-11e9-978e-000d3a74c7de,panthera onca,seq:bol-008-d0026-10,train,e7b0befb5a4fd661c1a078825b685ef8994c2fe581b6535ee5756b5a5744e049,1,819,542,false
dataset_rural/images/train/jaguar_c78b92b8-92d4-11e9-8da8-000d3a74c7de.jpg,dataset_rural/labels/train/jaguar_c78b92b8-92d4-11e9-8da8-000d3a74c7de.txt,2,jaguar,WCS Camera Traps,https://storage.googleapis.com/public-datasets-lila/wcs-unzipped/animals/0001/1071.jpg,LILA 2022-02-05 species bbox export,Community Data License Agreement (permissive variant),c78b92b8-92d4-11e9-8da8-000d3a74c7de,panthera onca,seq:bol-008-d0051-5,train,6db86a40ff40004c486b35d0643a2d8d9a01074a291700b08803f4b03005ac8b,1,819,542,false
dataset_rural/images/train/jaguar_c794ba1a-92d4-11e9-ad74-000d3a74c7de.jpg,dataset_rural/labels/train/jaguar_c794ba1a-92d4-11e9-ad74-000d3a74c7de.txt,2,jaguar,WCS Camera Traps,https://storage.googleapis.com/public-datasets-lila/wcs-unzipped/animals/0001/1264.jpg,LILA 2022-02-05 species bbox export,Community Data License Agreement (permissive variant),c794ba1a-92d4-11e9-ad74-000d3a74c7de,panthera onca,seq:bol-008-d0163-2,train,8c3c6157e8d3cabd323191d07e5fad1218849f693cb95d738f9d53563307b37f,1,1266,838,false
dataset_rural/images/train/jaguar_c79b49e6-92d4-11e9-9696-000d3a74c7de.jpg,dataset_rural/labels/train/jaguar_c79b49e6-92d4-11e9-9696-000d3a74c7de.txt,2,jaguar,WCS Camera Traps,https://storage.googleapis.com/public-datasets-lila/wcs-unzipped/animals/0001/1400.jpg,LILA 2022-02-05 species bbox export,Community Data License Agreement (permissive variant),c79b49e6-92d4-11e9-9696-000d3a74c7de,panthera onca,seq:bol-008-d0108-1,train,46252eca83978d9aaf14a3ff8ec9b8edc4db2f942b8cdb8108b008692239ee10,1,1266,838,false
dataset_rural/images/train/jaguar_c79b49e8-92d4-11e9-927d-000d3a74c7de.jpg,dataset_rural/labels/train/jaguar_c79b49e8-92d4-11e9-927d-000d3a74c7de.txt,2,jaguar,WCS Camera Traps,https://storage.googleapis.com/public-datasets-lila/wcs-unzipped/animals/0001/1401.jpg,LILA 2022-02-05 species bbox export,Community Data License Agreement (permissive variant),c79b49e8-92d4-11e9-927d-000d3a74c7de,panthera onca,seq:bol-008-d0114-6,train,9ec0611034489c057d9720c3e06c0ede57287fa926e011e46e386353411994da,1,1266,838,false
dataset_rural/images/train/jaguar_c7af9572-92d4-11e9-ac90-000d3a74c7de.jpg,dataset_rural/labels/train/jaguar_c7af9572-92d4-11e9-ac90-000d3a74c7de.txt,2,jaguar,WCS Camera Traps,https://storage.googleapis.com/public-datasets-lila/wcs-unzipped/animals/0001/1850.jpg,LILA 2022-02-05 species bbox export,Community Data License Agreement (permissive variant),c7af9572-92d4-11e9-ac90-000d3a74c7de,panthera onca,seq:bol-014-d0113-2,train,5510de5cdd5f95fa830510d38291eac99541ea73524ac59b23476eafeb595013,1,2400,1600,false
dataset_rural/images/train/jaguar_d2017b60-92d4-11e9-9063-000d3a74c7de.jpg,dataset_rural/labels/train/jaguar_d2017b60-92d4-11e9-9063-000d3a74c7de.txt,2,jaguar,WCS Camera Traps,https://storage.googleapis.com/public-datasets-lila/wcs-unzipped/animals/0030/0335.jpg,LILA 2022-02-05 species bbox export,Community Data License Agreement (permissive variant),d2017b60-92d4-11e9-9063-000d3a74c7de,panthera onca,seq:bol-004-d0071-1,train,d2ab2dbea759b5bca959cd08a35dbdc2324cea1cef56284d5031d7964d87c542,1,1266,838,false
dataset_rural/images/train/jaguar_d201a279-92d4-11e9-b58b-000d3a74c7de.jpg,dataset_rural/labels/train/jaguar_d201a279-92d4-11e9-b58b-000d3a74c7de.txt,2,jaguar,WCS Camera Traps,https://storage.googleapis.com/public-datasets-lila/wcs-unzipped/animals/0030/0337.jpg,LILA 2022-02-05 species bbox export,Community Data License Agreement (permissive variant),d201a279-92d4-11e9-b58b-000d3a74c7de,panthera onca,seq:bol-004-d0070-10,train,48fc382fa554eda27371e1442004bb7cf6afd562cc9994632442e5d05c29deec,1,1266,838,false
dataset_rural/images/test/jaguar_d22026f8-92d4-11e9-a33b-000d3a74c7de.jpg,dataset_rural/labels/test/jaguar_d22026f8-92d4-11e9-a33b-000d3a74c7de.txt,2,jaguar,WCS Camera Traps,https://storage.googleapis.com/public-datasets-lila/wcs-unzipped/animals/0030/0990.jpg,LILA 2022-02-05 species bbox export,Community Data License Agreement (permissive variant),d22026f8-92d4-11e9-a33b-000d3a74c7de,panthera onca,seq:bol-010-d0077-4,test,22095f970f208e2fcde9044b9d5693a99be2dea78ec8ab236aaa745832b05aae,1,2400,1600,false
dataset_rural/images/train/jaguar_d2216124-92d4-11e9-af64-000d3a74c7de.jpg,dataset_rural/labels/train/jaguar_d2216124-92d4-11e9-af64-000d3a74c7de.txt,2,jaguar,WCS Camera Traps,https://storage.googleapis.com/public-datasets-lila/wcs-unzipped/animals/0030/1020.jpg,LILA 2022-02-05 species bbox export,Community Data License Agreement (permissive variant),d2216124-92d4-11e9-af64-000d3a74c7de,panthera onca,seq:bol-010-d0097-5,train,defca90b94b732c857395be7f9accda31af8295acacdb28b2d0e5a0a59047604,1,2400,1600,false
dataset_rural/images/train/jaguar_d221d4db-92d4-11e9-9027-000d3a74c7de.jpg,dataset_rural/labels/train/jaguar_d221d4db-92d4-11e9-9027-000d3a74c7de.txt,2,jaguar,WCS Camera Traps,https://storage.googleapis.com/public-datasets-lila/wcs-unzipped/animals/0030/1030.jpg,LILA 2022-02-05 species bbox export,Community Data License Agreement (permissive variant),d221d4db-92d4-11e9-9027-000d3a74c7de,panthera onca,seq:bol-010-d0091-13,train,39a142931afda83c7e3ec700e8fd86dab0f9ff37f04c7618f78574c02581c426,1,2400,1600,false
dataset_rural/images/train/jaguar_d2261a58-92d4-11e9-b303-000d3a74c7de.jpg,dataset_rural/labels/train/jaguar_d2261a58-92d4-11e9-b303-000d3a74c7de.txt,2,jaguar,WCS Camera Traps,https://storage.googleapis.com/public-datasets-lila/wcs-unzipped/animals/0030/1109.jpg,LILA 2022-02-05 species bbox export,Community Data License Agreement (permissive variant),d2261a58-92d4-11e9-b303-000d3a74c7de,panthera onca,seq:bol-010-d0013-3,train,b1ba14169882fad61b5fa864ee61fa3b27b415c410f251e738292bfd37a51278,1,2400,1600,false
dataset_rural/images/train/jaguar_d2264174-92d4-11e9-84c7-000d3a74c7de.jpg,dataset_rural/labels/train/jaguar_d2264174-92d4-11e9-84c7-000d3a74c7de.txt,2,jaguar,WCS Camera Traps,https://storage.googleapis.com/public-datasets-lila/wcs-unzipped/animals/0030/1110.jpg,LILA 2022-02-05 species bbox export,Community Data License Agreement (permissive variant),d2264174-92d4-11e9-84c7-000d3a74c7de,panthera onca,seq:bol-010-d0069-7,train,e4460a16d4949245e1c727f7e5c0788facaae5df5353c0a279d94c202e8b706b,1,2400,1600,false
dataset_rural/images/train/jaguar_d22c0e40-92d4-11e9-9bca-000d3a74c7de.jpg,dataset_rural/labels/train/jaguar_d22c0e40-92d4-11e9-9bca-000d3a74c7de.txt,2,jaguar,WCS Camera Traps,https://storage.googleapis.com/public-datasets-lila/wcs-unzipped/animals/0030/1238.jpg,LILA 2022-02-05 species bbox export,Community Data License Agreement (permissive variant),d22c0e40-92d4-11e9-9bca-000d3a74c7de,panthera onca,seq:bol-010-d0069-8,train,ad9361490e07970149fdd8fb0bbf060e06892055148ea771ac852978c99cfea0,1,2400,1600,false
dataset_rural/images/train/jaguar_d2362154-92d4-11e9-800e-000d3a74c7de.jpg,dataset_rural/labels/train/jaguar_d2362154-92d4-11e9-800e-000d3a74c7de.txt,2,jaguar,WCS Camera Traps,https://storage.googleapis.com/public-datasets-lila/wcs-unzipped/animals/0030/1452.jpg,LILA 2022-02-05 species bbox export,Community Data License Agreement (permissive variant),d2362154-92d4-11e9-800e-000d3a74c7de,panthera onca,seq:bol-010-d0022-7,train,6257524e04dda8f90d74eede5a9ffb76c60d521837af5f53194191cf172ebf7d,1,2400,1600,false
dataset_rural/images/train/jaguar_d2453b04-92d4-11e9-a3d4-000d3a74c7de.jpg,dataset_rural/labels/train/jaguar_d2453b04-92d4-11e9-a3d4-000d3a74c7de.txt,2,jaguar,WCS Camera Traps,https://storage.googleapis.com/public-datasets-lila/wcs-unzipped/animals/0030/1785.jpg,LILA 2022-02-05 species bbox export,Community Data License Agreement (permissive variant),d2453b04-92d4-11e9-a3d4-000d3a74c7de,panthera onca,seq:bol-010-d0169-18,train,038bc5c8c10cf80c4e6d089fea914dad424a7800f1cf9bcf4ba7c5b54f1f40e9,1,2400,1600,false
dataset_rural/images/val/jaguar_d24ae054-92d4-11e9-9157-000d3a74c7de.jpg,dataset_rural/labels/val/jaguar_d24ae054-92d4-11e9-9157-000d3a74c7de.txt,2,jaguar,WCS Camera Traps,https://storage.googleapis.com/public-datasets-lila/wcs-unzipped/animals/0030/1910.jpg,LILA 2022-02-05 species bbox export,Community Data License Agreement (permissive variant),d24ae054-92d4-11e9-9157-000d3a74c7de,panthera onca,seq:bol-010-d0131-7,val,f3b4ddb01df883df83f2888632b2dde6b5be9d45e8863142070fb6010d814ee0,1,2400,1600,false
dataset_rural/images/train/jaguar_d24ae058-92d4-11e9-b64e-000d3a74c7de.jpg,dataset_rural/labels/train/jaguar_d24ae058-92d4-11e9-b64e-000d3a74c7de.txt,2,jaguar,WCS Camera Traps,https://storage.googleapis.com/public-datasets-lila/wcs-unzipped/animals/0030/1912.jpg,LILA 2022-02-05 species bbox export,Community Data License Agreement (permissive variant),d24ae058-92d4-11e9-b64e-000d3a74c7de,panthera onca,seq:bol-010-d0129-4,train,e9f9d4002ff6d605cedb74280b2ee6ecb9a8c1cad33d9424a9d7e86074fe1ea2,1,2400,1600,false
dataset_rural/images/train/jaguar_d24bcab4-92d4-11e9-abe6-000d3a74c7de.jpg,dataset_rural/labels/train/jaguar_d24bcab4-92d4-11e9-abe6-000d3a74c7de.txt,2,jaguar,WCS Camera Traps,https://storage.googleapis.com/public-datasets-lila/wcs-unzipped/animals/0030/1930.jpg,LILA 2022-02-05 species bbox export,Community Data License Agreement (permissive variant),d24bcab4-92d4-11e9-abe6-000d3a74c7de,panthera onca,seq:bol-010-d0158-7,train,163f80fda440420a1c1ec306c4d9f8c0e9335f9f587eb945e3f9f1832d396c59,1,2400,1600,false
dataset_rural/images/test/jaguar_d24bcab6-92d4-11e9-83c3-000d3a74c7de.jpg,dataset_rural/labels/test/jaguar_d24bcab6-92d4-11e9-83c3-000d3a74c7de.txt,2,jaguar,WCS Camera Traps,https://storage.googleapis.com/public-datasets-lila/wcs-unzipped/animals/0030/1931.jpg,LILA 2022-02-05 species bbox export,Community Data License Agreement (permissive variant),d24bcab6-92d4-11e9-83c3-000d3a74c7de,panthera onca,seq:bol-010-d0159-17,test,6867d44dd00b473cf8a07fa80515e91f50a42ae0608c28765345be240daba6fc,1,2400,1600,false
dataset_rural/images/train/jaguar_d253ba54-92d4-11e9-a55a-000d3a74c7de.jpg,dataset_rural/labels/train/jaguar_d253ba54-92d4-11e9-a55a-000d3a74c7de.txt,2,jaguar,WCS Camera Traps,https://storage.googleapis.com/public-datasets-lila/wcs-unzipped/animals/0031/0100.jpg,LILA 2022-02-05 species bbox export,Community Data License Agreement (permissive variant),d253ba54-92d4-11e9-a55a-000d3a74c7de,panthera onca,seq:bol-010-d0178-1,train,168e74c07d2694e59d5cec0981b45836400a8f82016fa144a1973de9a8becab7,1,2400,1600,false
dataset_rural/images/train/jaguar_d25df326-92d4-11e9-8a85-000d3a74c7de.jpg,dataset_rural/labels/train/jaguar_d25df326-92d4-11e9-8a85-000d3a74c7de.txt,2,jaguar,WCS Camera Traps,https://storage.googleapis.com/public-datasets-lila/wcs-unzipped/animals/0031/0330.jpg,LILA 2022-02-05 species bbox export,Community Data License Agreement (permissive variant),d25df326-92d4-11e9-8a85-000d3a74c7de,panthera onca,seq:bol-010-d0178-3,train,f6594908fde07bde0020e7690329b31d01cc1ca5da0b11fa37825dff4f5af688,1,2400,1600,false
dataset_rural/images/train/jaguar_d25df328-92d4-11e9-8fdb-000d3a74c7de.jpg,dataset_rural/labels/train/jaguar_d25df328-92d4-11e9-8fdb-000d3a74c7de.txt,2,jaguar,WCS Camera Traps,https://storage.googleapis.com/public-datasets-lila/wcs-unzipped/animals/0031/0331.jpg,LILA 2022-02-05 species bbox export,Community Data License Agreement (permissive variant),d25df328-92d4-11e9-8fdb-000d3a74c7de,panthera onca,seq:bol-010-d0203-1,train,e0ea8fd6cebccff6f8fc7558db17dcfb50c7471768357b16ec7e1b561d9cb09a,1,2400,1600,false
dataset_rural/images/train/jaguar_d25df32a-92d4-11e9-919e-000d3a74c7de.jpg,dataset_rural/labels/train/jaguar_d25df32a-92d4-11e9-919e-000d3a74c7de.txt,2,jaguar,WCS Camera Traps,https://storage.googleapis.com/public-datasets-lila/wcs-unzipped/animals/0031/0332.jpg,LILA 2022-02-05 species bbox export,Community Data License Agreement (permissive variant),d25df32a-92d4-11e9-919e-000d3a74c7de,panthera onca,seq:bol-010-d0240-2,train,651b3788da2d08afa5aab4dae0ed02b2027ea36335f3efdfc0e82183c4f24548,1,2400,1600,false
dataset_rural/images/train/jaguar_d2619ccc-92d4-11e9-b957-000d3a74c7de.jpg,dataset_rural/labels/train/jaguar_d2619ccc-92d4-11e9-b957-000d3a74c7de.txt,2,jaguar,WCS Camera Traps,https://storage.googleapis.com/public-datasets-lila/wcs-unzipped/animals/0031/0413.jpg,LILA 2022-02-05 species bbox export,Community Data License Agreement (permissive variant),d2619ccc-92d4-11e9-b957-000d3a74c7de,panthera onca,seq:bol-010-d0204-4,train,c373275f0e6c261c854c58f5b1d2d2296fb4bac3fbf504cfe28ca37388543c30,1,2400,1600,false
dataset_rural/images/train/jaguar_d2619cce-92d4-11e9-b36c-000d3a74c7de.jpg,dataset_rural/labels/train/jaguar_d2619cce-92d4-11e9-b36c-000d3a74c7de.txt,2,jaguar,WCS Camera Traps,https://storage.googleapis.com/public-datasets-lila/wcs-unzipped/animals/0031/0414.jpg,LILA 2022-02-05 species bbox export,Community Data License Agreement (permissive variant),d2619cce-92d4-11e9-b36c-000d3a74c7de,panthera onca,seq:bol-010-d0238-13,train,0cee1bfcb51cb2d869ff444e5ce9b01307b691d170db98b50d15d08b12d737ee,1,2400,1600,false
dataset_rural/images/train/jaguar_d266099c-92d4-11e9-a38d-000d3a74c7de.jpg,dataset_rural/labels/train/jaguar_d266099c-92d4-11e9-a38d-000d3a74c7de.txt,2,jaguar,WCS Camera Traps,https://storage.googleapis.com/public-datasets-lila/wcs-unzipped/animals/0031/0503.jpg,LILA 2022-02-05 species bbox export,Community Data License Agreement (permissive variant),d266099c-92d4-11e9-a38d-000d3a74c7de,panthera onca,seq:bol-010-d0183-1,train,bd8a74ff25005a02f2322211607096b44d5a2ce0032434380c6bc409b06c4f4e,1,2400,1600,false
dataset_rural/images/train/jaguar_d270431a-92d4-11e9-b78d-000d3a74c7de.jpg,dataset_rural/labels/train/jaguar_d270431a-92d4-11e9-b78d-000d3a74c7de.txt,2,jaguar,WCS Camera Traps,https://storage.googleapis.com/public-datasets-lila/wcs-unzipped/animals/0031/0736.jpg,LILA 2022-02-05 species bbox export,Community Data License Agreement (permissive variant),d270431a-92d4-11e9-b78d-000d3a74c7de,panthera onca,seq:bol-010-d0211-1,train,923f66d598ecbb2d8224093a4840ee9664b89490e441dbac66d180a5e7a21e5e,1,2400,1600,false
dataset_rural/images/val/jaguar_d5c5882a-92d4-11e9-89b4-000d3a74c7de.jpg,dataset_rural/labels/val/jaguar_d5c5882a-92d4-11e9-89b4-000d3a74c7de.txt,2,jaguar,WCS Camera Traps,https://storage.googleapis.com/public-datasets-lila/wcs-unzipped/animals/0040/0998.jpg,LILA 2022-02-05 species bbox export,Community Data License Agreement (permissive variant),d5c5882a-92d4-11e9-89b4-000d3a74c7de,panthera onca,seq:bol-013-d0009-1,val,5191400380728cf8c09d4f3dacfdbae8da7289ead921c1d154612f94f7e75bf8,1,2400,1600,false
dataset_rural/images/val/jaguar_d5c84764-92d4-11e9-a83c-000d3a74c7de.jpg,dataset_rural/labels/val/jaguar_d5c84764-92d4-11e9-a83c-000d3a74c7de.txt,2,jaguar,WCS Camera Traps,https://storage.googleapis.com/public-datasets-lila/wcs-unzipped/animals/0040/1051.jpg,LILA 2022-02-05 species bbox export,Community Data License Agreement (permissive variant),d5c84764-92d4-11e9-a83c-000d3a74c7de,panthera onca,seq:bol-013-d0039-1,val,8974bbe8c133f5651fe882743f85437c3092603ac8384a401b7240c9e031c011,1,2400,1600,false
dataset_rural/images/train/jaguar_d5c84766-92d4-11e9-bc09-000d3a74c7de.jpg,dataset_rural/labels/train/jaguar_d5c84766-92d4-11e9-bc09-000d3a74c7de.txt,2,jaguar,WCS Camera Traps,https://storage.googleapis.com/public-datasets-lila/wcs-unzipped/animals/0040/1052.jpg,LILA 2022-02-05 species bbox export,Community Data License Agreement (permissive variant),d5c84766-92d4-11e9-bc09-000d3a74c7de,panthera onca,seq:bol-013-d0046-2,train,e9269741bc9c0747288395d601f3d82da7edde6258170842007bdf42eee16ce0,1,2400,1600,false
dataset_rural/images/val/jaguar_d5c8e390-92d4-11e9-b841-000d3a74c7de.jpg,dataset_rural/labels/val/jaguar_d5c8e390-92d4-11e9-b841-000d3a74c7de.txt,2,jaguar,WCS Camera Traps,https://storage.googleapis.com/public-datasets-lila/wcs-unzipped/animals/0040/1065.jpg,LILA 2022-02-05 species bbox export,Community Data License Agreement (permissive variant),d5c8e390-92d4-11e9-b841-000d3a74c7de,panthera onca,seq:bol-013-d0034-3,val,03e50a592ec50ad0f62f5b42735e4d46932c6cae340cac64ed12566cc608756d,1,2400,1600,false
dataset_rural/images/train/jaguar_d5ca432a-92d4-11e9-b8f8-000d3a74c7de.jpg,dataset_rural/labels/train/jaguar_d5ca432a-92d4-11e9-b8f8-000d3a74c7de.txt,2,jaguar,WCS Camera Traps,https://storage.googleapis.com/public-datasets-lila/wcs-unzipped/animals/0040/1093.jpg,LILA 2022-02-05 species bbox export,Community Data License Agreement (permissive variant),d5ca432a-92d4-11e9-b8f8-000d3a74c7de,panthera onca,seq:bol-013-d0082-9,train,21a594bf2053d5d4a5efb64ce642797af1beb6a3158125bb7d7843209b03e924,1,2400,1600,false
dataset_rural/images/train/jaguar_d5cd51e0-92d4-11e9-8778-000d3a74c7de.jpg,dataset_rural/labels/train/jaguar_d5cd51e0-92d4-11e9-8778-000d3a74c7de.txt,2,jaguar,WCS Camera Traps,https://storage.googleapis.com/public-datasets-lila/wcs-unzipped/animals/0040/1159.jpg,LILA 2022-02-05 species bbox export,Community Data License Agreement (permissive variant),d5cd51e0-92d4-11e9-8778-000d3a74c7de,panthera onca,seq:bol-013-d0095-5,train,7cd6f7dbd5cd9d5cfc25d9a3d67b49bbff69dbb8ebfd033f38c1677eb3c60ef7,1,2400,1600,false
dataset_rural/images/train/jaguar_d5d56738-92d4-11e9-981d-000d3a74c7de.jpg,dataset_rural/labels/train/jaguar_d5d56738-92d4-11e9-981d-000d3a74c7de.txt,2,jaguar,WCS Camera Traps,https://storage.googleapis.com/public-datasets-lila/wcs-unzipped/animals/0040/1330.jpg,LILA 2022-02-05 species bbox export,Community Data License Agreement (permissive variant),d5d56738-92d4-11e9-981d-000d3a74c7de,panthera onca,seq:bol-013-d0018-2,train,1095bf2c2bac47a8a2c53440b4b180bc7f4a0971b1dbb4f15e5be4208a8bff5a,1,2400,1600,false
dataset_rural/images/train/jaguar_d5d5673c-92d4-11e9-8c6c-000d3a74c7de.jpg,dataset_rural/labels/train/jaguar_d5d5673c-92d4-11e9-8c6c-000d3a74c7de.txt,2,jaguar,WCS Camera Traps,https://storage.googleapis.com/public-datasets-lila/wcs-unzipped/animals/0040/1332.jpg,LILA 2022-02-05 species bbox export,Community Data License Agreement (permissive variant),d5d5673c-92d4-11e9-8c6c-000d3a74c7de,panthera onca,seq:bol-013-d0095-7,train,5030e27a34637b3823d96667736915d611f3b71358d102390053caa2a72fe4cd,1,2400,1600,false
dataset_rural/images/train/jaguar_d5db8186-92d4-11e9-899d-000d3a74c7de.jpg,dataset_rural/labels/train/jaguar_d5db8186-92d4-11e9-899d-000d3a74c7de.txt,2,jaguar,WCS Camera Traps,https://storage.googleapis.com/public-datasets-lila/wcs-unzipped/animals/0040/1459.jpg,LILA 2022-02-05 species bbox export,Community Data License Agreement (permissive variant),d5db8186-92d4-11e9-899d-000d3a74c7de,panthera onca,seq:bol-013-d0003-2,train,4bc0f60a28c7a5041b69f876e9b74ae012bc9b773fdd4578fb262ba6c0b8e197,1,2400,1600,false
dataset_rural/images/val/jaguar_d5dba895-92d4-11e9-bc66-000d3a74c7de.jpg,dataset_rural/labels/val/jaguar_d5dba895-92d4-11e9-bc66-000d3a74c7de.txt,2,jaguar,WCS Camera Traps,https://storage.googleapis.com/public-datasets-lila/wcs-unzipped/animals/0040/1464.jpg,LILA 2022-02-05 species bbox export,Community Data License Agreement (permissive variant),d5dba895-92d4-11e9-bc66-000d3a74c7de,panthera onca,seq:bol-013-d0060-26,val,3a2fb0904cd7618fa5aaf381442ea5742df9400338e65eb8b28597d73dc6b3f7,1,2400,1600,false
dataset_rural/images/train/jaguar_d5dba897-92d4-11e9-82c1-000d3a74c7de.jpg,dataset_rural/labels/train/jaguar_d5dba897-92d4-11e9-82c1-000d3a74c7de.txt,2,jaguar,WCS Camera Traps,https://storage.googleapis.com/public-datasets-lila/wcs-unzipped/animals/0040/1465.jpg,LILA 2022-02-05 species bbox export,Community Data License Agreement (permissive variant),d5dba897-92d4-11e9-82c1-000d3a74c7de,panthera onca,seq:bol-013-d0055-17,train,8c8b577011c2cd622b09ce09dd3f72a8289d8b7539763eac585d9804a865ab16,1,2400,1600,false
dataset_rural/images/train/jaguar_d5dd081f-92d4-11e9-b07a-000d3a74c7de.jpg,dataset_rural/labels/train/jaguar_d5dd081f-92d4-11e9-b07a-000d3a74c7de.txt,2,jaguar,WCS Camera Traps,https://storage.googleapis.com/public-datasets-lila/wcs-unzipped/animals/0040/1495.jpg,LILA 2022-02-05 species bbox export,Community Data License Agreement (permissive variant),d5dd081f-92d4-11e9-b07a-000d3a74c7de,panthera onca,seq:bol-013-d0068-17,train,2ab815cb7313fe999f32b488b472df28cd92be5041a09a526f8e56611c13e52f,1,2400,1600,false
dataset_rural/images/train/jaguar_d5f8f4c9-92d4-11e9-a0bc-000d3a74c7de.jpg,dataset_rural/labels/train/jaguar_d5f8f4c9-92d4-11e9-a0bc-000d3a74c7de.txt,2,jaguar,WCS Camera Traps,https://storage.googleapis.com/public-datasets-lila/wcs-unzipped/animals/0041/0088.jpg,LILA 2022-02-05 species bbox export,Community Data License Agreement (permissive variant),d5f8f4c9-92d4-11e9-a0bc-000d3a74c7de,panthera onca,seq:bol-013-d0224-1,train,f8c8d01b70e8e1fae8daf352fbcb60970e7e1453e669b31f70fbaf192579e207,1,2400,1600,false
dataset_rural/images/train/jaguar_d60884c6-92d4-11e9-affb-000d3a74c7de.jpg,dataset_rural/labels/train/jaguar_d60884c6-92d4-11e9-affb-000d3a74c7de.txt,2,jaguar,WCS Camera Traps,https://storage.googleapis.com/public-datasets-lila/wcs-unzipped/animals/0041/0425.jpg,LILA 2022-02-05 species bbox export,Community Data License Agreement (permissive variant),d60884c6-92d4-11e9-affb-000d3a74c7de,panthera onca,seq:bol-013-d0273-24,train,69fe8033b06be3a16bdfc5ae425c88c1e57bac75be3e72174f31b1b1c3a364b3,1,2400,1600,false
dataset_rural/images/test/jaguar_d60e2a0c-92d4-11e9-8aa3-000d3a74c7de.jpg,dataset_rural/labels/test/jaguar_d60e2a0c-92d4-11e9-8aa3-000d3a74c7de.txt,2,jaguar,WCS Camera Traps,https://storage.googleapis.com/public-datasets-lila/wcs-unzipped/animals/0041/0551.jpg,LILA 2022-02-05 species bbox export,Community Data License Agreement (permissive variant),d60e2a0c-92d4-11e9-8aa3-000d3a74c7de,panthera onca,seq:bol-013-d0238-11,test,3e94f18c6264e8938f1636919a8ea9a0e9f16e20801a7648d14d22244ddfdd11,1,2400,1600,false
dataset_rural/images/train/jaguar_d60e2a0e-92d4-11e9-a93e-000d3a74c7de.jpg,dataset_rural/labels/train/jaguar_d60e2a0e-92d4-11e9-a93e-000d3a74c7de.txt,2,jaguar,WCS Camera Traps,https://storage.googleapis.com/public-datasets-lila/wcs-unzipped/animals/0041/0552.jpg,LILA 2022-02-05 species bbox export,Community Data License Agreement (permissive variant),d60e2a0e-92d4-11e9-a93e-000d3a74c7de,panthera onca,seq:bol-013-d0293-40,train,51629411ec24925be3368aeffbc84c597e5e8d4d214dbb7874c20a2c2b439e22,1,2400,1600,false
dataset_rural/images/test/jaguar_d6183c4a-92d4-11e9-b32c-000d3a74c7de.jpg,dataset_rural/labels/test/jaguar_d6183c4a-92d4-11e9-b32c-000d3a74c7de.txt,2,jaguar,WCS Camera Traps,https://storage.googleapis.com/public-datasets-lila/wcs-unzipped/animals/0041/0759.jpg,LILA 2022-02-05 species bbox export,Community Data License Agreement (permissive variant),d6183c4a-92d4-11e9-b32c-000d3a74c7de,panthera onca,seq:bol-013-d0177-1,test,58bc04fe21806a05e6b3551e1293b4400c65eda7683009fb9e75ff23f6748cb3,1,2400,1600,false
dataset_rural/images/test/jaguar_d61e7da6-92d4-11e9-b2e4-000d3a74c7de.jpg,dataset_rural/labels/test/jaguar_d61e7da6-92d4-11e9-b2e4-000d3a74c7de.txt,2,jaguar,WCS Camera Traps,https://storage.googleapis.com/public-datasets-lila/wcs-unzipped/animals/0041/0898.jpg,LILA 2022-02-05 species bbox export,Community Data License Agreement (permissive variant),d61e7da6-92d4-11e9-b2e4-000d3a74c7de,panthera onca,seq:bol-013-d0177-2,test,6c6d75e257b01deab324d9d7ae056afcca50d08acdaa57f6ddc188805beb45e3,1,2400,1600,false
dataset_rural/images/train/jaguar_d6281ad8-92d4-11e9-a61b-000d3a74c7de.jpg,dataset_rural/labels/train/jaguar_d6281ad8-92d4-11e9-a61b-000d3a74c7de.txt,2,jaguar,WCS Camera Traps,https://storage.googleapis.com/public-datasets-lila/wcs-unzipped/animals/0041/1095.jpg,LILA 2022-02-05 species bbox export,Community Data License Agreement (permissive variant),d6281ad8-92d4-11e9-a61b-000d3a74c7de,panthera onca,seq:bol-013-d0101-5,train,3cdf8d74afb7ee490e23c13298cf4deba5ca4530ada63f9311b012f9a1cd4645,1,2400,1600,false
dataset_rural/images/train/jaguar_d628419f-92d4-11e9-adca-000d3a74c7de.jpg,dataset_rural/labels/train/jaguar_d628419f-92d4-11e9-adca-000d3a74c7de.txt,2,jaguar,WCS Camera Traps,https://storage.googleapis.com/public-datasets-lila/wcs-unzipped/animals/0041/1097.jpg,LILA 2022-02-05 species bbox export,Community Data License Agreement (permissive variant),d628419f-92d4-11e9-adca-000d3a74c7de,panthera onca,seq:bol-013-d0101-6,train,2446abe8a7a5410395d317e7b4f8443a8f4bb12a80c08858cc50ec60bcba6620,1,2400,1600,false
dataset_rural/images/val/jaguar_d62cd578-92d4-11e9-b93e-000d3a74c7de.jpg,dataset_rural/labels/val/jaguar_d62cd578-92d4-11e9-b93e-000d3a74c7de.txt,2,jaguar,WCS Camera Traps,https://storage.googleapis.com/public-datasets-lila/wcs-unzipped/animals/0041/1203.jpg,LILA 2022-02-05 species bbox export,Community Data License Agreement (permissive variant),d62cd578-92d4-11e9-b93e-000d3a74c7de,panthera onca,seq:bol-013-d0101-9,val,22dec8946cbe4a470419b4878c6966ac95df0ace4abadae7e62d370ad2231660,1,2400,1600,false
dataset_rural/images/train/jaguar_d65e4616-92d4-11e9-9c47-000d3a74c7de.jpg,dataset_rural/labels/train/jaguar_d65e4616-92d4-11e9-9c47-000d3a74c7de.txt,2,jaguar,WCS Camera Traps,https://storage.googleapis.com/public-datasets-lila/wcs-unzipped/animals/0042/0260.jpg,LILA 2022-02-05 species bbox export,Community Data License Agreement (permissive variant),d65e4616-92d4-11e9-9c47-000d3a74c7de,panthera onca,seq:bol-018-d0053-24,train,025063abfe3b0e862a110bf2db108f98695cfa6bb08b35dc14f49e6811f8e3f3,1,2048,1536,false
dataset_rural/images/train/jaguar_d680ea62-92d4-11e9-a9b7-000d3a74c7de.jpg,dataset_rural/labels/train/jaguar_d680ea62-92d4-11e9-a9b7-000d3a74c7de.txt,2,jaguar,WCS Camera Traps,https://storage.googleapis.com/public-datasets-lila/wcs-unzipped/animals/0042/0978.jpg,LILA 2022-02-05 species bbox export,Community Data License Agreement (permissive variant),d680ea62-92d4-11e9-a9b7-000d3a74c7de,panthera onca,seq:bol-018-d0046-2,train,ea6f0b2e2796e2a1b92f3c2874548d316196cbc72249a5a72af5acd8a242fb0b,1,2048,1536,false
dataset_rural/images/train/jaguar_d6853074-92d4-11e9-b77a-000d3a74c7de.jpg,dataset_rural/labels/train/jaguar_d6853074-92d4-11e9-b77a-000d3a74c7de.txt,2,jaguar,WCS Camera Traps,https://storage.googleapis.com/public-datasets-lila/wcs-unzipped/animals/0042/1049.jpg,LILA 2022-02-05 species bbox export,Community Data License Agreement (permissive variant),d6853074-92d4-11e9-b77a-000d3a74c7de,panthera onca,seq:bol-018-d0047-3,train,12fbcfef1ef04c8605f679ec32aa71a6958fdbe5b1dacb9ba01fee4b2db12c21,1,2048,1536,false
dataset_rural/images/train/jaguar_d6855628-92d4-11e9-ae17-000d3a74c7de.jpg,dataset_rural/labels/train/jaguar_d6855628-92d4-11e9-ae17-000d3a74c7de.txt,2,jaguar,WCS Camera Traps,https://storage.googleapis.com/public-datasets-lila/wcs-unzipped/animals/0042/1053.jpg,LILA 2022-02-05 species bbox export,Community Data License Agreement (permissive variant),d6855628-92d4-11e9-ae17-000d3a74c7de,panthera onca,seq:bol-018-d0047-3,train,37a626531160506b2d948b60df78982a89b4bdab67d3100ce91ed7a7ee955f18,1,2048,1536,false
dataset_rural/images/train/jaguar_d69d2404-92d4-11e9-a313-000d3a74c7de.jpg,dataset_rural/labels/train/jaguar_d69d2404-92d4-11e9-a313-000d3a74c7de.txt,2,jaguar,WCS Camera Traps,https://storage.googleapis.com/public-datasets-lila/wcs-unzipped/animals/0042/1525.jpg,LILA 2022-02-05 species bbox export,Community Data License Agreement (permissive variant),d69d2404-92d4-11e9-a313-000d3a74c7de,panthera onca,seq:bol-018-d0058-2,train,1fc1edbb977edd0e12a4de024306c7e9ba2b351f9c9d477d8df1d12d330cbf49,1,2048,1536,false
dataset_rural/images/train/jaguar_d6a67402-92d4-11e9-90ac-000d3a74c7de.jpg,dataset_rural/labels/train/jaguar_d6a67402-92d4-11e9-90ac-000d3a74c7de.txt,2,jaguar,WCS Camera Traps,https://storage.googleapis.com/public-datasets-lila/wcs-unzipped/animals/0042/1723.jpg,LILA 2022-02-05 species bbox export,Community Data License Agreement (permissive variant),d6a67402-92d4-11e9-90ac-000d3a74c7de,panthera onca,seq:bol-018-d0001-1,train,0ad9ab6728e973db6a40ada2a37176be24553878450965686430f553dfa55b71,1,2048,1536,false
dataset_rural/images/train/jaguar_d6a69a22-92d4-11e9-bad1-000d3a74c7de.jpg,dataset_rural/labels/train/jaguar_d6a69a22-92d4-11e9-bad1-000d3a74c7de.txt,2,jaguar,WCS Camera Traps,https://storage.googleapis.com/public-datasets-lila/wcs-unzipped/animals/0042/1725.jpg,LILA 2022-02-05 species bbox export,Community Data License Agreement (permissive variant),d6a69a22-92d4-11e9-bad1-000d3a74c7de,panthera onca,seq:bol-018-d0001-1,train,8dd5082708628a949db21e5c8efcc5231ed86757a7da44b3bbadfc0f95ef8c61,1,2048,1536,false
dataset_rural/images/train/jaguar_d6a8bcbe-92d4-11e9-a317-000d3a74c7de.jpg,dataset_rural/labels/train/jaguar_d6a8bcbe-92d4-11e9-a317-000d3a74c7de.txt,2,jaguar,WCS Camera Traps,https://storage.googleapis.com/public-datasets-lila/wcs-unzipped/animals/0042/1777.jpg,LILA 2022-02-05 species bbox export,Community Data License Agreement (permissive variant),d6a8bcbe-92d4-11e9-a317-000d3a74c7de,panthera onca,seq:bol-018-d0035-6,train,7a22b24d1a64c0e437592665a0dcc860f45404ded0a8eae3177fb7d8af67c3cd,2,2048,1536,false
dataset_rural/images/train/jaguar_d6aab818-92d4-11e9-a486-000d3a74c7de.jpg,dataset_rural/labels/train/jaguar_d6aab818-92d4-11e9-a486-000d3a74c7de.txt,2,jaguar,WCS Camera Traps,https://storage.googleapis.com/public-datasets-lila/wcs-unzipped/animals/0042/1823.jpg,LILA 2022-02-05 species bbox export,Community Data License Agreement (permissive variant),d6aab818-92d4-11e9-a486-000d3a74c7de,panthera onca,seq:bol-018-d0034-9,train,e6dfc103b1859b6ac85790c71cf841795c0aabb2c2e3995e23ce7364f583c131,1,2048,1536,false
dataset_rural/images/train/jaguar_d6ac8d1e-92d4-11e9-a239-000d3a74c7de.jpg,dataset_rural/labels/train/jaguar_d6ac8d1e-92d4-11e9-a239-000d3a74c7de.txt,2,jaguar,WCS Camera Traps,https://storage.googleapis.com/public-datasets-lila/wcs-unzipped/animals/0042/1856.jpg,LILA 2022-02-05 species bbox export,Community Data License Agreement (permissive variant),d6ac8d1e-92d4-11e9-a239-000d3a74c7de,panthera onca,seq:bol-018-d0035-11,train,3a0a3f40455c0c51519fdba103034f915ffd84c47dedb5c021b80d17b31f6fd0,1,2048,1536,false
dataset_rural/images/train/jaguar_d6ad2924-92d4-11e9-965d-000d3a74c7de.jpg,dataset_rural/labels/train/jaguar_d6ad2924-92d4-11e9-965d-000d3a74c7de.txt,2,jaguar,WCS Camera Traps,https://storage.googleapis.com/public-datasets-lila/wcs-unzipped/animals/0042/1871.jpg,LILA 2022-02-05 species bbox export,Community Data License Agreement (permissive variant),d6ad2924-92d4-11e9-965d-000d3a74c7de,panthera onca,seq:bol-018-d0035-13,train,a2a2313375b3784260a948506444a4069195721c3d960052bce9c4bbaec6345b,1,2048,1536,false
dataset_rural/images/train/jaguar_d6ad7764-92d4-11e9-942f-000d3a74c7de.jpg,dataset_rural/labels/train/jaguar_d6ad7764-92d4-11e9-942f-000d3a74c7de.txt,2,jaguar,WCS Camera Traps,https://storage.googleapis.com/public-datasets-lila/wcs-unzipped/animals/0042/1875.jpg,LILA 2022-02-05 species bbox export,Community Data License Agreement (permissive variant),d6ad7764-92d4-11e9-942f-000d3a74c7de,panthera onca,seq:bol-018-d0035-13,train,80e7e14eff02ee6abc14dcf2b50cca8996783daf6f30254aad757b8033c8e233,1,2048,1536,false
dataset_rural/images/train/jaguar_d6adec76-92d4-11e9-8264-000d3a74c7de.jpg,dataset_rural/labels/train/jaguar_d6adec76-92d4-11e9-8264-000d3a74c7de.txt,2,jaguar,WCS Camera Traps,https://storage.googleapis.com/public-datasets-lila/wcs-unzipped/animals/0042/1887.jpg,LILA 2022-02-05 species bbox export,Community Data License Agreement (permissive variant),d6adec76-92d4-11e9-8264-000d3a74c7de,panthera onca,seq:bol-018-d0034-13,train,da6a2198a331ad7c46b710a3810fb107f873753ecf7b82680e3c251fa501022f,2,2048,1536,false
dataset_rural/images/train/jaguar_d6af4c20-92d4-11e9-8555-000d3a74c7de.jpg,dataset_rural/labels/train/jaguar_d6af4c20-92d4-11e9-8555-000d3a74c7de.txt,2,jaguar,WCS Camera Traps,https://storage.googleapis.com/public-datasets-lila/wcs-unzipped/animals/0042/1919.jpg,LILA 2022-02-05 species bbox export,Community Data License Agreement (permissive variant),d6af4c20-92d4-11e9-8555-000d3a74c7de,panthera onca,seq:bol-018-d0035-14,train,b899a1b338919038d7caf351b51143fa5545bf36f97a6ac35eecdf0705023041,1,2048,1536,false
dataset_rural/images/val/jaguar_d6af7386-92d4-11e9-a3a3-000d3a74c7de.jpg,dataset_rural/labels/val/jaguar_d6af7386-92d4-11e9-a3a3-000d3a74c7de.txt,2,jaguar,WCS Camera Traps,https://storage.googleapis.com/public-datasets-lila/wcs-unzipped/animals/0042/1921.jpg,LILA 2022-02-05 species bbox export,Community Data License Agreement (permissive variant),d6af7386-92d4-11e9-a3a3-000d3a74c7de,panthera onca,seq:bol-018-d0034-14,val,334490d7d7b14ae880c1c762ecca0f03023f53aa5d63a616587999d83e86fa2b,1,2048,1536,false
dataset_rural/images/val/jaguar_d6af7388-92d4-11e9-84a7-000d3a74c7de.jpg,dataset_rural/labels/val/jaguar_d6af7388-92d4-11e9-84a7-000d3a74c7de.txt,2,jaguar,WCS Camera Traps,https://storage.googleapis.com/public-datasets-lila/wcs-unzipped/animals/0042/1922.jpg,LILA 2022-02-05 species bbox export,Community Data License Agreement (permissive variant),d6af7388-92d4-11e9-84a7-000d3a74c7de,panthera onca,seq:bol-018-d0034-14,val,ad05018044e1a97282d1f74b1b23b38f3e2f8f1baf8431a80603c9f7ef0fa4ec,1,2048,1536,false
dataset_rural/images/train/jaguar_d6b08490-92d4-11e9-9957-000d3a74c7de.jpg,dataset_rural/labels/train/jaguar_d6b08490-92d4-11e9-9957-000d3a74c7de.txt,2,jaguar,WCS Camera Traps,https://storage.googleapis.com/public-datasets-lila/wcs-unzipped/animals/0042/1949.jpg,LILA 2022-02-05 species bbox export,Community Data License Agreement (permissive variant),d6b08490-92d4-11e9-9957-000d3a74c7de,panthera onca,seq:bol-018-d0034-15,train,109947e8c062fe7a88481c9ec47b156723492e3281dcd4f558a2591d65524a37,1,2048,1536,false
dataset_rural/images/train/jaguar_d6b1960b-92d4-11e9-a7ae-000d3a74c7de.jpg,dataset_rural/labels/train/jaguar_d6b1960b-92d4-11e9-a7ae-000d3a74c7de.txt,2,jaguar,WCS Camera Traps,https://storage.googleapis.com/public-datasets-lila/wcs-unzipped/animals/0042/1971.jpg,LILA 2022-02-05 species bbox export,Community Data License Agreement (permissive variant),d6b1960b-92d4-11e9-a7ae-000d3a74c7de,panthera onca,seq:bol-018-d0034-16,train,ba139ae3c087fd60b15bd8dbd62dc8abd69305d0e4f00d082794727ab1b770be,2,2048,1536,false
dataset_rural/images/train/jaguar_d6b1960f-92d4-11e9-9f07-000d3a74c7de.jpg,dataset_rural/labels/train/jaguar_d6b1960f-92d4-11e9-9f07-000d3a74c7de.txt,2,jaguar,WCS Camera Traps,https://storage.googleapis.com/public-datasets-lila/wcs-unzipped/animals/0042/1973.jpg,LILA 2022-02-05 species bbox export,Community Data License Agreement (permissive variant),d6b1960f-92d4-11e9-9f07-000d3a74c7de,panthera onca,seq:bol-018-d0034-16,train,7947c3602ba54de80ae18ea5f61188f1c88336e772149d6f6a1865935d100dd2,2,2048,1536,false
dataset_rural/images/train/jaguar_d6b343ae-92d4-11e9-a90e-000d3a74c7de.jpg,dataset_rural/labels/train/jaguar_d6b343ae-92d4-11e9-a90e-000d3a74c7de.txt,2,jaguar,WCS Camera Traps,https://storage.googleapis.com/public-datasets-lila/wcs-unzipped/animals/0042/1997.jpg,LILA 2022-02-05 species bbox export,Community Data License Agreement (permissive variant),d6b343ae-92d4-11e9-a90e-000d3a74c7de,panthera onca,seq:bol-018-d0034-18,train,a493a9708ef1cc7e60a99864ee7ba92c5bbeee65deae45733ea4339d9648a4e4,2,2048,1536,false
dataset_rural/images/val/jaguar_d6b3e016-92d4-11e9-b0b0-000d3a74c7de.jpg,dataset_rural/labels/val/jaguar_d6b3e016-92d4-11e9-b0b0-000d3a74c7de.txt,2,jaguar,WCS Camera Traps,https://storage.googleapis.com/public-datasets-lila/wcs-unzipped/animals/0043/0012.jpg,LILA 2022-02-05 species bbox export,Community Data License Agreement (permissive variant),d6b3e016-92d4-11e9-b0b0-000d3a74c7de,panthera onca,seq:bol-018-d0034-19,val,b358774ca0a80446c459c749380fc645a6166d62cf10a946763c4c24a9ff8756,2,2048,1536,false
dataset_rural/images/val/jaguar_d6b3e018-92d4-11e9-83c6-000d3a74c7de.jpg,dataset_rural/labels/val/jaguar_d6b3e018-92d4-11e9-83c6-000d3a74c7de.txt,2,jaguar,WCS Camera Traps,https://storage.googleapis.com/public-datasets-lila/wcs-unzipped/animals/0043/0013.jpg,LILA 2022-02-05 species bbox export,Community Data License Agreement (permissive variant),d6b3e018-92d4-11e9-83c6-000d3a74c7de,panthera onca,seq:bol-018-d0034-19,val,a6ba05ebcae59df564d45b20e69a6170b95b500137667e7c284dcab27ce4f31b,2,2048,1536,false
dataset_rural/images/train/jaguar_d6b4552e-92d4-11e9-b427-000d3a74c7de.jpg,dataset_rural/labels/train/jaguar_d6b4552e-92d4-11e9-b427-000d3a74c7de.txt,2,jaguar,WCS Camera Traps,https://storage.googleapis.com/public-datasets-lila/wcs-unzipped/animals/0043/0021.jpg,LILA 2022-02-05 species bbox export,Community Data License Agreement (permissive variant),d6b4552e-92d4-11e9-b427-000d3a74c7de,panthera onca,seq:bol-018-d0035-20,train,ec4cb23f9dbffcde588ff923d36e21b0755259a60b84c0edc1b3030be011d1db,1,2048,1536,false
dataset_rural/images/train/jaguar_d6b45530-92d4-11e9-9556-000d3a74c7de.jpg,dataset_rural/labels/train/jaguar_d6b45530-92d4-11e9-9556-000d3a74c7de.txt,2,jaguar,WCS Camera Traps,https://storage.googleapis.com/public-datasets-lila/wcs-unzipped/animals/0043/0022.jpg,LILA 2022-02-05 species bbox export,Community Data License Agreement (permissive variant),d6b45530-92d4-11e9-9556-000d3a74c7de,panthera onca,seq:bol-018-d0035-20,train,44f0afff826be0423c4dcd2f271d051057dbd8b4a2fde0d5cd6287129466a141,1,2048,1536,false
dataset_rural/images/train/jaguar_d6b51870-92d4-11e9-9d78-000d3a74c7de.jpg,dataset_rural/labels/train/jaguar_d6b51870-92d4-11e9-9d78-000d3a74c7de.txt,2,jaguar,WCS Camera Traps,https://storage.googleapis.com/public-datasets-lila/wcs-unzipped/animals/0043/0038.jpg,LILA 2022-02-05 species bbox export,Community Data License Agreement (permissive variant),d6b51870-92d4-11e9-9d78-000d3a74c7de,panthera onca,seq:bol-018-d0034-20,train,0df7f45597af4d9ec501c27d60f6e48c8973a57c5caf3f92e5e5b6983fd47c5d,2,2048,1536,false
dataset_rural/images/train/jaguar_d6b5dbae-92d4-11e9-9b40-000d3a74c7de.jpg,dataset_rural/labels/train/jaguar_d6b5dbae-92d4-11e9-9b40-000d3a74c7de.txt,2,jaguar,WCS Camera Traps,https://storage.googleapis.com/public-datasets-lila/wcs-unzipped/animals/0043/0057.jpg,LILA 2022-02-05 species bbox export,Community Data License Agreement (permissive variant),d6b5dbae-92d4-11e9-9b40-000d3a74c7de,panthera onca,seq:bol-018-d0034-21,train,37ce28031b5e2617d91d300e0eda97d05d156e77dda87b52e811c0199c934ec3,2,2048,1536,false
dataset_rural/images/train/jaguar_d6b6ed4b-92d4-11e9-9e62-000d3a74c7de.jpg,dataset_rural/labels/train/jaguar_d6b6ed4b-92d4-11e9-9e62-000d3a74c7de.txt,2,jaguar,WCS Camera Traps,https://storage.googleapis.com/public-datasets-lila/wcs-unzipped/animals/0043/0081.jpg,LILA 2022-02-05 species bbox export,Community Data License Agreement (permissive variant),d6b6ed4b-92d4-11e9-9e62-000d3a74c7de,panthera onca,seq:bol-018-d0035-24,train,d77d52a0228323ff1b5d1f1254dd81215dc367688dd51361108c33486e6c4d68,1,2048,1536,false
dataset_rural/images/train/jaguar_d6b6ed4d-92d4-11e9-bc04-000d3a74c7de.jpg,dataset_rural/labels/train/jaguar_d6b6ed4d-92d4-11e9-bc04-000d3a74c7de.txt,2,jaguar,WCS Camera Traps,https://storage.googleapis.com/public-datasets-lila/wcs-unzipped/animals/0043/0082.jpg,LILA 2022-02-05 species bbox export,Community Data License Agreement (permissive variant),d6b6ed4d-92d4-11e9-bc04-000d3a74c7de,panthera onca,seq:bol-018-d0035-24,train,4653e1a5b44a5035b7e890ca119ed456a558385b3be201d434092849da3c328d,1,2048,1536,false
dataset_rural/images/train/jaguar_d6b78975-92d4-11e9-900e-000d3a74c7de.jpg,dataset_rural/labels/train/jaguar_d6b78975-92d4-11e9-900e-000d3a74c7de.txt,2,jaguar,WCS Camera Traps,https://storage.googleapis.com/public-datasets-lila/wcs-unzipped/animals/0043/0095.jpg,LILA 2022-02-05 species bbox export,Community Data License Agreement (permissive variant),d6b78975-92d4-11e9-900e-000d3a74c7de,panthera onca,seq:bol-018-d0034-24,train,694b5543969aa90d56decea6c15369767a9e46f28f20c37f01c79978b6ebf000,2,2048,1536,false
dataset_rural/images/train/jaguar_d6b9ac36-92d4-11e9-bd35-000d3a74c7de.jpg,dataset_rural/labels/train/jaguar_d6b9ac36-92d4-11e9-bd35-000d3a74c7de.txt,2,jaguar,WCS Camera Traps,https://storage.googleapis.com/public-datasets-lila/wcs-unzipped/animals/0043/0146.jpg,LILA 2022-02-05 species bbox export,Community Data License Agreement (permissive variant),d6b9ac36-92d4-11e9-bd35-000d3a74c7de,panthera onca,seq:bol-018-d0034-27,train,56249be190a30c34f13420fa5afbf04b350cb00db71a3abfb866700b536c2cd9,2,2048,1536,false
dataset_rural/images/train/jaguar_d6bba7f9-92d4-11e9-a0a0-000d3a74c7de.jpg,dataset_rural/labels/train/jaguar_d6bba7f9-92d4-11e9-a0a0-000d3a74c7de.txt,2,jaguar,WCS Camera Traps,https://storage.googleapis.com/public-datasets-lila/wcs-unzipped/animals/0043/0181.jpg,LILA 2022-02-05 species bbox export,Community Data License Agreement (permissive variant),d6bba7f9-92d4-11e9-a0a0-000d3a74c7de,panthera onca,seq:bol-018-d0035-28,train,01f8df448f20fda255068ab180853dc2b3505a7625bfaec10b15b564a5eaf1df,1,2048,1536,false
dataset_rural/images/train/jaguar_d6bd55ac-92d4-11e9-94d7-000d3a74c7de.jpg,dataset_rural/labels/train/jaguar_d6bd55ac-92d4-11e9-94d7-000d3a74c7de.txt,2,jaguar,WCS Camera Traps,https://storage.googleapis.com/public-datasets-lila/wcs-unzipped/animals/0043/0219.jpg,LILA 2022-02-05 species bbox export,Community Data License Agreement (permissive variant),d6bd55ac-92d4-11e9-94d7-000d3a74c7de,panthera onca,seq:bol-018-d0034-30,train,00279f1ce1c96f07401463e054bdb997a67e74c66b9cf20f08594419d7218c43,1,2048,1536,false
dataset_rural/images/train/jaguar_d6be6720-92d4-11e9-9bdd-000d3a74c7de.jpg,dataset_rural/labels/train/jaguar_d6be6720-92d4-11e9-9bdd-000d3a74c7de.txt,2,jaguar,WCS Camera Traps,https://storage.googleapis.com/public-datasets-lila/wcs-unzipped/animals/0043/0247.jpg,LILA 2022-02-05 species bbox export,Community Data License Agreement (permissive variant),d6be6720-92d4-11e9-9bdd-000d3a74c7de,panthera onca,seq:bol-018-d0035-30,train,7419924587fdde60a87aa79bb24770ad0d3fbb44752544a4f10aa76e61db82fc,1,2048,1536,false
dataset_rural/images/train/jaguar_d6bedc4d-92d4-11e9-9d5f-000d3a74c7de.jpg,dataset_rural/labels/train/jaguar_d6bedc4d-92d4-11e9-9d5f-000d3a74c7de.txt,2,jaguar,WCS Camera Traps,https://storage.googleapis.com/public-datasets-lila/wcs-unzipped/animals/0043/0257.jpg,LILA 2022-02-05 species bbox export,Community Data License Agreement (permissive variant),d6bedc4d-92d4-11e9-9d5f-000d3a74c7de,panthera onca,seq:bol-018-d0034-31,train,17632c7a86c153888810a734f62d5f7630e4d9b2d74fd2859b2029e0e277fc25,2,2048,1536,false
dataset_rural/images/train/jaguar_d6bf0358-92d4-11e9-984b-000d3a74c7de.jpg,dataset_rural/labels/train/jaguar_d6bf0358-92d4-11e9-984b-000d3a74c7de.txt,2,jaguar,WCS Camera Traps,https://storage.googleapis.com/public-datasets-lila/wcs-unzipped/animals/0043/0258.jpg,LILA 2022-02-05 species bbox export,Community Data License Agreement (permissive variant),d6bf0358-92d4-11e9-984b-000d3a74c7de,panthera onca,seq:bol-018-d0034-31,train,002414ec366d923d7040691d28069b316ee9ecddc761600bf0f737307129385d,2,2048,1536,false
dataset_rural/images/train/jaguar_d7421610-92d4-11e9-bf9b-000d3a74c7de.jpg,dataset_rural/labels/train/jaguar_d7421610-92d4-11e9-bf9b-000d3a74c7de.txt,2,jaguar,WCS Camera Traps,https://storage.googleapis.com/public-datasets-lila/wcs-unzipped/animals/0044/1041.jpg,LILA 2022-02-05 species bbox export,Community Data License Agreement (permissive variant),d7421610-92d4-11e9-bf9b-000d3a74c7de,panthera onca,seq:bol-018-d0058-4,train,971b64bdb00c5c7afc82a1b896266e2c178508321d63e016e4c2e6fc1d99dc3e,1,2048,1536,false
dataset_rural/images/train/jaguar_d810d7d2-92d4-11e9-b344-000d3a74c7de.jpg,dataset_rural/labels/train/jaguar_d810d7d2-92d4-11e9-b344-000d3a74c7de.txt,2,jaguar,WCS Camera Traps,https://storage.googleapis.com/public-datasets-lila/wcs-unzipped/animals/0046/1466.jpg,LILA 2022-02-05 species bbox export,Community Data License Agreement (permissive variant),d810d7d2-92d4-11e9-b344-000d3a74c7de,panthera onca,seq:bol-018-d0058-33,train,64fb4b4d2d3838c5e4cad31ca557ecb2b672353fcf4318e094305d841fd9b89c,1,2048,1536,false
dataset_rural/images/train/jaguar_d842e440-92d4-11e9-8eb6-000d3a74c7de.jpg,dataset_rural/labels/train/jaguar_d842e440-92d4-11e9-8eb6-000d3a74c7de.txt,2,jaguar,WCS Camera Traps,https://storage.googleapis.com/public-datasets-lila/wcs-unzipped/animals/0047/0548.jpg,LILA 2022-02-05 species bbox export,Community Data License Agreement (permissive variant),d842e440-92d4-11e9-8eb6-000d3a74c7de,panthera onca,seq:bol-018-d0061-8,train,26cb85ef636b79e8d5c79d40cec1a75b5dadbfa7820fe615137c5af9def5bf59,1,1920,1080,false
dataset_rural/images/train/jaguar_d84de0c0-92d4-11e9-aa80-000d3a74c7de.jpg,dataset_rural/labels/train/jaguar_d84de0c0-92d4-11e9-aa80-000d3a74c7de.txt,2,jaguar,WCS Camera Traps,https://storage.googleapis.com/public-datasets-lila/wcs-unzipped/animals/0047/0779.jpg,LILA 2022-02-05 species bbox export,Community Data License Agreement (permissive variant),d84de0c0-92d4-11e9-aa80-000d3a74c7de,panthera onca,seq:bol-018-d0060-9,train,b21e0cdc4abba02c2cf46d11c8c2acfae38353dd5e130f0bc6d0ae90ec1f6a4d,1,2048,1536,false
dataset_rural/images/train/jaguar_d84e55ea-92d4-11e9-aee6-000d3a74c7de.jpg,dataset_rural/labels/train/jaguar_d84e55ea-92d4-11e9-aee6-000d3a74c7de.txt,2,jaguar,WCS Camera Traps,https://storage.googleapis.com/public-datasets-lila/wcs-unzipped/animals/0047/0789.jpg,LILA 2022-02-05 species bbox export,Community Data License Agreement (permissive variant),d84e55ea-92d4-11e9-aee6-000d3a74c7de,panthera onca,seq:bol-018-d0061-9,train,0e989319e4c2685a34216d6091dbf5ac3238e5983a27c66ef63e31cedc50bedd,1,1920,1080,false
dataset_rural/images/train/jaguar_d8518a3e-92d4-11e9-9b21-000d3a74c7de.jpg,dataset_rural/labels/train/jaguar_d8518a3e-92d4-11e9-9b21-000d3a74c7de.txt,2,jaguar,WCS Camera Traps,https://storage.googleapis.com/public-datasets-lila/wcs-unzipped/animals/0047/0862.jpg,LILA 2022-02-05 species bbox export,Community Data License Agreement (permissive variant),d8518a3e-92d4-11e9-9b21-000d3a74c7de,panthera onca,seq:bol-018-d0059-36,train,6bdb6e730f22e7130023b88782164d6d9307503ea9d58f08e165019f2c02c460,1,2048,1536,false
dataset_rural/images/test/jaguar_d88c976f-92d4-11e9-80fe-000d3a74c7de.jpg,dataset_rural/labels/test/jaguar_d88c976f-92d4-11e9-80fe-000d3a74c7de.txt,2,jaguar,WCS Camera Traps,https://storage.googleapis.com/public-datasets-lila/wcs-unzipped/animals/0048/0119.jpg,LILA 2022-02-05 species bbox export,Community Data License Agreement (permissive variant),d88c976f-92d4-11e9-80fe-000d3a74c7de,panthera onca,seq:bol-018-d0044-17,test,912f874daad2cd0dbe915dfe073c9e3d681073ead4629ac3052cb151c75e4766,1,2048,1536,false
dataset_rural/images/test/jaguar_d88ce5a7-92d4-11e9-b459-000d3a74c7de.jpg,dataset_rural/labels/test/jaguar_d88ce5a7-92d4-11e9-b459-000d3a74c7de.txt,2,jaguar,WCS Camera Traps,https://storage.googleapis.com/public-datasets-lila/wcs-unzipped/animals/0048/0127.jpg,LILA 2022-02-05 species bbox export,Community Data License Agreement (permissive variant),d88ce5a7-92d4-11e9-b459-000d3a74c7de,panthera onca,seq:bol-018-d0044-17,test,068527b26ecbd00c5fc06ce91952c19d2a60682f52bcfa79aab7a630152d31ef,1,2048,1536,false
dataset_rural/images/train/jaguar_d88da904-92d4-11e9-8dd2-000d3a74c7de.jpg,dataset_rural/labels/train/jaguar_d88da904-92d4-11e9-8dd2-000d3a74c7de.txt,2,jaguar,WCS Camera Traps,https://storage.googleapis.com/public-datasets-lila/wcs-unzipped/animals/0048/0143.jpg,LILA 2022-02-05 species bbox export,Community Data License Agreement (permissive variant),d88da904-92d4-11e9-8dd2-000d3a74c7de,panthera onca,seq:bol-018-d0045-17,train,e75bfd52ce92f36cb15c87e426926f0cbda7d7ce87809965302cb9e3a6539413,1,2048,1536,false
dataset_rural/images/test/jaguar_d88df77c-92d4-11e9-9447-000d3a74c7de.jpg,dataset_rural/labels/test/jaguar_d88df77c-92d4-11e9-9447-000d3a74c7de.txt,2,jaguar,WCS Camera Traps,https://storage.googleapis.com/public-datasets-lila/wcs-unzipped/animals/0048/0150.jpg,LILA 2022-02-05 species bbox export,Community Data License Agreement (permissive variant),d88df77c-92d4-11e9-9447-000d3a74c7de,panthera onca,seq:bol-018-d0045-18,test,4de6c152233c45cc6afdbdb54212ebe8943c1cac0030378e11d994020b285a1a,1,2048,1536,false
dataset_rural/images/train/jaguar_d898574c-92d4-11e9-bc20-000d3a74c7de.jpg,dataset_rural/labels/train/jaguar_d898574c-92d4-11e9-bc20-000d3a74c7de.txt,2,jaguar,WCS Camera Traps,https://storage.googleapis.com/public-datasets-lila/wcs-unzipped/animals/0048/0367.jpg,LILA 2022-02-05 species bbox export,Community Data License Agreement (permissive variant),d898574c-92d4-11e9-bc20-000d3a74c7de,panthera onca,seq:bol-018-d0038-27,train,4384b4dd135dd6f54c96e401227c797e77e2fa1a2015a1844d6406b9444f0346,1,2048,1536,false
dataset_rural/images/val/jaguar_d89d395f-92d4-11e9-8546-000d3a74c7de.jpg,dataset_rural/labels/val/jaguar_d89d395f-92d4-11e9-8546-000d3a74c7de.txt,2,jaguar,WCS Camera Traps,https://storage.googleapis.com/public-datasets-lila/wcs-unzipped/animals/0048/0483.jpg,LILA 2022-02-05 species bbox export,Community Data License Agreement (permissive variant),d89d395f-92d4-11e9-8546-000d3a74c7de,panthera onca,seq:bol-018-d0061-11,val,a49596422c07e3f9c06de32445abfebae9b7a9096663039d4e61460fa7398b6c,1,1920,1080,false
dataset_rural/images/train/jaguar_d95b81b6-92d4-11e9-bd62-000d3a74c7de.jpg,dataset_rural/labels/train/jaguar_d95b81b6-92d4-11e9-bd62-000d3a74c7de.txt,2,jaguar,WCS Camera Traps,https://storage.googleapis.com/public-datasets-lila/wcs-unzipped/animals/0050/0548.jpg,LILA 2022-02-05 species bbox export,Community Data License Agreement (permissive variant),d95b81b6-92d4-11e9-bd62-000d3a74c7de,panthera onca,seq:bol-018-d0058-48,train,8a40a108fba03ab0e31677a1415ffb3fc510eb54bd353fe17c2b2a334684e741,1,2048,1536,false
dataset_rural/images/train/jaguar_d9a0c6c0-92d4-11e9-9ce3-000d3a74c7de.jpg,dataset_rural/labels/train/jaguar_d9a0c6c0-92d4-11e9-9ce3-000d3a74c7de.txt,2,jaguar,WCS Camera Traps,https://storage.googleapis.com/public-datasets-lila/wcs-unzipped/animals/0050/1974.jpg,LILA 2022-02-05 species bbox export,Community Data License Agreement (permissive variant),d9a0c6c0-92d4-11e9-9ce3-000d3a74c7de,panthera onca,seq:bol-018-d0003-32,train,afc1ca5c8375299bb31d02862b2ab68e809a055b5c577a2f463d5537ef87f3a8,1,2048,1536,false
dataset_rural/images/test/jaguar_da18b5c0-92d4-11e9-93d8-000d3a74c7de.jpg,dataset_rural/labels/test/jaguar_da18b5c0-92d4-11e9-93d8-000d3a74c7de.txt,2,jaguar,WCS Camera Traps,https://storage.googleapis.com/public-datasets-lila/wcs-unzipped/animals/0052/0576.jpg,LILA 2022-02-05 species bbox export,Community Data License Agreement (permissive variant),da18b5c0-92d4-11e9-93d8-000d3a74c7de,panthera onca,seq:bol-018-d0003-33,test,3369a44cc2cfe70625ca3b9a98128b394ca46100e8da056a2beb749e0d728df3,1,2048,1536,false
dataset_rural/images/train/jaguar_da42d304-92d4-11e9-bb2b-000d3a74c7de.jpg,dataset_rural/labels/train/jaguar_da42d304-92d4-11e9-bb2b-000d3a74c7de.txt,2,jaguar,WCS Camera Traps,https://storage.googleapis.com/public-datasets-lila/wcs-unzipped/animals/0052/1493.jpg,LILA 2022-02-05 species bbox export,Community Data License Agreement (permissive variant),da42d304-92d4-11e9-bb2b-000d3a74c7de,panthera onca,seq:bol-018-d0020-30,train,0f5342463fdf29dda225764e5fd0e19034e19d168844658613013f466685d3cd,1,2048,1536,false
dataset_rural/images/train/jaguar_da45443c-92d4-11e9-8258-000d3a74c7de.jpg,dataset_rural/labels/train/jaguar_da45443c-92d4-11e9-8258-000d3a74c7de.txt,2,jaguar,WCS Camera Traps,https://storage.googleapis.com/public-datasets-lila/wcs-unzipped/animals/0052/1548.jpg,LILA 2022-02-05 species bbox export,Community Data License Agreement (permissive variant),da45443c-92d4-11e9-8258-000d3a74c7de,panthera onca,seq:bol-018-d0019-29,train,0cb0adce6b9f5165d9dc9786fb5e620ff600b151db8762eceacd809d0645bc2d,1,2048,1536,false
dataset_rural/images/train/jaguar_da462e7c-92d4-11e9-9a04-000d3a74c7de.jpg,dataset_rural/labels/train/jaguar_da462e7c-92d4-11e9-9a04-000d3a74c7de.txt,2,jaguar,WCS Camera Traps,https://storage.googleapis.com/public-datasets-lila/wcs-unzipped/animals/0052/1569.jpg,LILA 2022-02-05 species bbox export,Community Data License Agreement (permissive variant),da462e7c-92d4-11e9-9a04-000d3a74c7de,panthera onca,seq:bol-018-d0019-30,train,6edde02ecfeda1c994d5b68f9ac37d8fa714163ef5f9691c17feec6782166cde,1,2048,1536,false
dataset_rural/images/train/jaguar_da49ff07-92d4-11e9-91c7-000d3a74c7de.jpg,dataset_rural/labels/train/jaguar_da49ff07-92d4-11e9-91c7-000d3a74c7de.txt,2,jaguar,WCS Camera Traps,https://storage.googleapis.com/public-datasets-lila/wcs-unzipped/animals/0052/1643.jpg,LILA 2022-02-05 species bbox export,Community Data License Agreement (permissive variant),da49ff07-92d4-11e9-91c7-000d3a74c7de,panthera onca,seq:bol-018-d0019-34,train,b01d43bb8bec393aa539c624371b3c21f16be145051b133126c9411917725b93,1,2048,1536,false
dataset_rural/images/train/jaguar_da4a4d70-92d4-11e9-b84a-000d3a74c7de.jpg,dataset_rural/labels/train/jaguar_da4a4d70-92d4-11e9-b84a-000d3a74c7de.txt,2,jaguar,WCS Camera Traps,https://storage.googleapis.com/public-datasets-lila/wcs-unzipped/animals/0052/1647.jpg,LILA 2022-02-05 species bbox export,Community Data License Agreement (permissive variant),da4a4d70-92d4-11e9-b84a-000d3a74c7de,panthera onca,seq:bol-018-d0019-34,train,688643043bf05b8d9806118ede6ce667aa4202d4bab677c355ba6082b1aaf7a5,1,2048,1536,false
dataset_rural/images/train/jaguar_da4a74ac-92d4-11e9-aa2a-000d3a74c7de.jpg,dataset_rural/labels/train/jaguar_da4a74ac-92d4-11e9-aa2a-000d3a74c7de.txt,2,jaguar,WCS Camera Traps,https://storage.googleapis.com/public-datasets-lila/wcs-unzipped/animals/0052/1652.jpg,LILA 2022-02-05 species bbox export,Community Data License Agreement (permissive variant),da4a74ac-92d4-11e9-aa2a-000d3a74c7de,panthera onca,seq:bol-018-d0020-36,train,9f053b3322123c40fe073e9da43217318d8afaeda481bfe6fcd43756dddcf382,1,2048,1536,false
dataset_rural/images/train/jaguar_da4ae970-92d4-11e9-b140-000d3a74c7de.jpg,dataset_rural/labels/train/jaguar_da4ae970-92d4-11e9-b140-000d3a74c7de.txt,2,jaguar,WCS Camera Traps,https://storage.googleapis.com/public-datasets-lila/wcs-unzipped/animals/0052/1663.jpg,LILA 2022-02-05 species bbox export,Community Data License Agreement (permissive variant),da4ae970-92d4-11e9-b140-000d3a74c7de,panthera onca,seq:bol-018-d0019-35,train,7f450840dbea153608c38dcf776dec619da1eed889834652bef1cb9214301c6b,1,2048,1536,false
dataset_rural/images/train/jaguar_da4b3784-92d4-11e9-9ba9-000d3a74c7de.jpg,dataset_rural/labels/train/jaguar_da4b3784-92d4-11e9-9ba9-000d3a74c7de.txt,2,jaguar,WCS Camera Traps,https://storage.googleapis.com/public-datasets-lila/wcs-unzipped/animals/0052/1669.jpg,LILA 2022-02-05 species bbox export,Community Data License Agreement (permissive variant),da4b3784-92d4-11e9-9ba9-000d3a74c7de,panthera onca,seq:bol-018-d0019-36,train,af2143b4209ac6f052b6597c3f8521d91c85533aa2122d3d8db07228c40a23f3,1,2048,1536,false
dataset_rural/images/train/jaguar_da4bfaf4-92d4-11e9-abca-000d3a74c7de.jpg,dataset_rural/labels/train/jaguar_da4bfaf4-92d4-11e9-abca-000d3a74c7de.txt,2,jaguar,WCS Camera Traps,https://storage.googleapis.com/public-datasets-lila/wcs-unzipped/animals/0052/1687.jpg,LILA 2022-02-05 species bbox export,Community Data License Agreement (permissive variant),da4bfaf4-92d4-11e9-abca-000d3a74c7de,panthera onca,seq:bol-018-d0020-37,train,9daf2bd233487a2369ca6b6485ae0791ae0bef2444b9cf84221e6a52187aa2be,1,2048,1536,false
dataset_rural/images/test/jaguar_da4bfaf6-92d4-11e9-9e75-000d3a74c7de.jpg,dataset_rural/labels/test/jaguar_da4bfaf6-92d4-11e9-9e75-000d3a74c7de.txt,2,jaguar,WCS Camera Traps,https://storage.googleapis.com/public-datasets-lila/wcs-unzipped/animals/0052/1688.jpg,LILA 2022-02-05 species bbox export,Community Data License Agreement (permissive variant),da4bfaf6-92d4-11e9-9e75-000d3a74c7de,panthera onca,seq:bol-018-d0019-37,test,f98f2adfc703e6be1c481770e9ec71524482cf62c27dac5651f00b1771ca569e,1,2048,1536,false
dataset_rural/images/train/jaguar_da4c98d3-92d4-11e9-af64-000d3a74c7de.jpg,dataset_rural/labels/train/jaguar_da4c98d3-92d4-11e9-af64-000d3a74c7de.txt,2,jaguar,WCS Camera Traps,https://storage.googleapis.com/public-datasets-lila/wcs-unzipped/animals/0052/1699.jpg,LILA 2022-02-05 species bbox export,Community Data License Agreement (permissive variant),da4c98d3-92d4-11e9-af64-000d3a74c7de,panthera onca,seq:bol-018-d0019-38,train,5c9629ac8941b86b5c10a39ab78207855eaadac6a9a1f06f5f5ee95c3508571c,1,2048,1536,false
dataset_rural/images/train/jaguar_da4ce514-92d4-11e9-8e69-000d3a74c7de.jpg,dataset_rural/labels/train/jaguar_da4ce514-92d4-11e9-8e69-000d3a74c7de.txt,2,jaguar,WCS Camera Traps,https://storage.googleapis.com/public-datasets-lila/wcs-unzipped/animals/0052/1705.jpg,LILA 2022-02-05 species bbox export,Community Data License Agreement (permissive variant),da4ce514-92d4-11e9-8e69-000d3a74c7de,panthera onca,seq:bol-018-d0019-38,train,593148a4370bb1435541621a284a5faa511680f9356b78a3291d19cc76cf9b0d,1,2048,1536,false
dataset_rural/images/train/jaguar_da4d0c6d-92d4-11e9-9afe-000d3a74c7de.jpg,dataset_rural/labels/train/jaguar_da4d0c6d-92d4-11e9-9afe-000d3a74c7de.txt,2,jaguar,WCS Camera Traps,https://storage.googleapis.com/public-datasets-lila/wcs-unzipped/animals/0052/1708.jpg,LILA 2022-02-05 species bbox export,Community Data License Agreement (permissive variant),da4d0c6d-92d4-11e9-9afe-000d3a74c7de,panthera onca,seq:bol-018-d0020-38,train,c0b68c8dee3d8a13b0cbec4162ce1742d226e807de286f373adcaf5edec50bab,1,2048,1536,false
dataset_rural/images/train/jaguar_daa16f9e-92d4-11e9-8dc3-000d3a74c7de.jpg,dataset_rural/labels/train/jaguar_daa16f9e-92d4-11e9-8dc3-000d3a74c7de.txt,2,jaguar,WCS Camera Traps,https://storage.googleapis.com/public-datasets-lila/wcs-unzipped/animals/0053/1490.jpg,LILA 2022-02-05 species bbox export,Community Data License Agreement (permissive variant),daa16f9e-92d4-11e9-8dc3-000d3a74c7de,panthera onca,seq:bol-018-d0079-11,train,fdd576c470546914ffdbacaa3dfbe78414a29cc8bd11a7fb453a868b2253e059,1,1920,1080,false
dataset_rural/images/train/jaguar_daa1e4d0-92d4-11e9-bcf8-000d3a74c7de.jpg,dataset_rural/labels/train/jaguar_daa1e4d0-92d4-11e9-bcf8-000d3a74c7de.txt,2,jaguar,WCS Camera Traps,https://storage.googleapis.com/public-datasets-lila/wcs-unzipped/animals/0053/1501.jpg,LILA 2022-02-05 species bbox export,Community Data License Agreement (permissive variant),daa1e4d0-92d4-11e9-bcf8-000d3a74c7de,panthera onca,seq:bol-018-d0078-22,train,c4019f39400b9fb43c22361979d7c2ced42f55dddbd30fd670596edf65ca4497,1,2048,1536,false
dataset_rural/images/val/jaguar_daa232b0-92d4-11e9-b7cb-000d3a74c7de.jpg,dataset_rural/labels/val/jaguar_daa232b0-92d4-11e9-b7cb-000d3a74c7de.txt,2,jaguar,WCS Camera Traps,https://storage.googleapis.com/public-datasets-lila/wcs-unzipped/animals/0053/1507.jpg,LILA 2022-02-05 species bbox export,Community Data License Agreement (permissive variant),daa232b0-92d4-11e9-b7cb-000d3a74c7de,panthera onca,seq:bol-018-d0079-12,val,c27b3ad2acacdb6e4097b259e66a7c83ce9d3deab715984855b6c95eb7bdb7d7,2,1920,1080,false
dataset_rural/images/train/jaguar_db480df7-92d4-11e9-bd7a-000d3a74c7de.jpg,dataset_rural/labels/train/jaguar_db480df7-92d4-11e9-bd7a-000d3a74c7de.txt,2,jaguar,WCS Camera Traps,https://storage.googleapis.com/public-datasets-lila/wcs-unzipped/animals/0055/1025.jpg,LILA 2022-02-05 species bbox export,Community Data License Agreement (permissive variant),db480df7-92d4-11e9-bd7a-000d3a74c7de,panthera onca,seq:bol-018-d0014-37,train,f1b8e030bb75ed75fd1169f946c1e1b73dc3b98dd156a97b44eadc67f70244ad,1,2048,1536,false
dataset_rural/images/train/jaguar_db483502-92d4-11e9-9030-000d3a74c7de.jpg,dataset_rural/labels/train/jaguar_db483502-92d4-11e9-9030-000d3a74c7de.txt,2,jaguar,WCS Camera Traps,https://storage.googleapis.com/public-datasets-lila/wcs-unzipped/animals/0055/1027.jpg,LILA 2022-02-05 species bbox export,Community Data License Agreement (permissive variant),db483502-92d4-11e9-9030-000d3a74c7de,panthera onca,seq:bol-018-d0014-37,train,521c2f4631a284a0d7f6a2577cf28f19265f8756bf3ba0ec07a6985071126ac6,1,2048,1536,false
dataset_rural/images/train/jaguar_db48831c-92d4-11e9-98af-000d3a74c7de.jpg,dataset_rural/labels/train/jaguar_db48831c-92d4-11e9-98af-000d3a74c7de.txt,2,jaguar,WCS Camera Traps,https://storage.googleapis.com/public-datasets-lila/wcs-unzipped/animals/0055/1034.jpg,LILA 2022-02-05 species bbox export,Community Data License Agreement (permissive variant),db48831c-92d4-11e9-98af-000d3a74c7de,panthera onca,seq:bol-018-d0013-26,train,caff955b1afbfc6452b17a8c0ede6a29d6b3539074f38b9469cbbd1ae0a42062,1,2048,1536,false
dataset_rural/images/val/jaguar_dc32950a-92d4-11e9-a82a-000d3a74c7de.jpg,dataset_rural/labels/val/jaguar_dc32950a-92d4-11e9-a82a-000d3a74c7de.txt,2,jaguar,WCS Camera Traps,https://storage.googleapis.com/public-datasets-lila/wcs-unzipped/animals/0058/0075.jpg,LILA 2022-02-05 species bbox export,Community Data License Agreement (permissive variant),dc32950a-92d4-11e9-a82a-000d3a74c7de,panthera onca,seq:bol-018-d0031-296,val,6ba86f50ee5815a906aeb41e6342e283c4e6bdfd391f8dbf40c40dc0b2397989,1,2048,1536,false
dataset_rural/images/train/jaguar_dc370200-92d4-11e9-87a0-000d3a74c7de.jpg,dataset_rural/labels/train/jaguar_dc370200-92d4-11e9-87a0-000d3a74c7de.txt,2,jaguar,WCS Camera Traps,https://storage.googleapis.com/public-datasets-lila/wcs-unzipped/animals/0058/0175.jpg,LILA 2022-02-05 species bbox export,Community Data License Agreement (permissive variant),dc370200-92d4-11e9-87a0-000d3a74c7de,panthera onca,seq:bol-018-d0041-70,train,bcadf3b6a7c25c810a6103855e574dafe82984ed9a06eead72f210cff7af9cc0,1,2048,1536,false
dataset_rural/images/train/jaguar_dc375012-92d4-11e9-a9ba-000d3a74c7de.jpg,dataset_rural/labels/train/jaguar_dc375012-92d4-11e9-a9ba-000d3a74c7de.txt,2,jaguar,WCS Camera Traps,https://storage.googleapis.com/public-datasets-lila/wcs-unzipped/animals/0058/0179.jpg,LILA 2022-02-05 species bbox export,Community Data License Agreement (permissive variant),dc375012-92d4-11e9-a9ba-000d3a74c7de,panthera onca,seq:bol-018-d0041-70,train,124e4bf05d5334e90a48edb9779efba03153a7d20a26897b7cbae4269506b5e1,1,2048,1536,false
dataset_rural/images/train/jaguar_dc37c54a-92d4-11e9-bf6a-000d3a74c7de.jpg,dataset_rural/labels/train/jaguar_dc37c54a-92d4-11e9-bf6a-000d3a74c7de.txt,2,jaguar,WCS Camera Traps,https://storage.googleapis.com/public-datasets-lila/wcs-unzipped/animals/0058/0187.jpg,LILA 2022-02-05 species bbox export,Community Data License Agreement (permissive variant),dc37c54a-92d4-11e9-bf6a-000d3a74c7de,panthera onca,seq:bol-018-d0040-60,train,7d122f38b59bfd61386dc3f6419e950aa5f5bbbd687c4442f4f1e079186b3ea2,1,2048,1536,false
dataset_rural/images/train/jaguar_dc386199-92d4-11e9-a0bc-000d3a74c7de.jpg,dataset_rural/labels/train/jaguar_dc386199-92d4-11e9-a0bc-000d3a74c7de.txt,2,jaguar,WCS Camera Traps,https://storage.googleapis.com/public-datasets-lila/wcs-unzipped/animals/0058/0201.jpg,LILA 2022-02-05 species bbox export,Community Data License Agreement (permissive variant),dc386199-92d4-11e9-a0bc-000d3a74c7de,panthera onca,seq:bol-018-d0041-71,train,040666d0e0d52ffe09ab9a04906dacfcc94e5db18faef5c8cb5bc987257ca633,1,2048,1536,false
dataset_rural/images/train/jaguar_dc3c8038-92d4-11e9-9fd2-000d3a74c7de.jpg,dataset_rural/labels/train/jaguar_dc3c8038-92d4-11e9-9fd2-000d3a74c7de.txt,2,jaguar,WCS Camera Traps,https://storage.googleapis.com/public-datasets-lila/wcs-unzipped/animals/0058/0280.jpg,LILA 2022-02-05 species bbox export,Community Data License Agreement (permissive variant),dc3c8038-92d4-11e9-9fd2-000d3a74c7de,panthera onca,seq:bol-018-d0041-75,train,29bc84df21282b418e9d2f0da96a95f79ec1d10bd816a17e2941c7a7efee9c61,1,2048,1536,false
dataset_rural/images/train/jaguar_dc3c803a-92d4-11e9-9c0a-000d3a74c7de.jpg,dataset_rural/labels/train/jaguar_dc3c803a-92d4-11e9-9c0a-000d3a74c7de.txt,2,jaguar,WCS Camera Traps,https://storage.googleapis.com/public-datasets-lila/wcs-unzipped/animals/0058/0281.jpg,LILA 2022-02-05 species bbox export,Community Data License Agreement (permissive variant),dc3c803a-92d4-11e9-9c0a-000d3a74c7de,panthera onca,seq:bol-018-d0041-75,train,08be2c866553738cb708c9af3f11a87c095cc749ffdedc03e2f286d406cf369d,1,2048,1536,false
dataset_rural/images/train/jaguar_dc6f01d1-92d4-11e9-805c-000d3a74c7de.jpg,dataset_rural/labels/train/jaguar_dc6f01d1-92d4-11e9-805c-000d3a74c7de.txt,2,jaguar,WCS Camera Traps,https://storage.googleapis.com/public-datasets-lila/wcs-unzipped/animals/0058/1411.jpg,LILA 2022-02-05 species bbox export,Community Data License Agreement (permissive variant),dc6f01d1-92d4-11e9-805c-000d3a74c7de,panthera onca,seq:bol-018-d0079-18,train,42b138c61e2dd12aded86be2de49ef9c18675146c73769f346c50e3ffe52f8f3,1,1920,1080,false
dataset_rural/images/train/jaguar_dc8a7931-92d4-11e9-bfc5-000d3a74c7de.jpg,dataset_rural/labels/train/jaguar_dc8a7931-92d4-11e9-bfc5-000d3a74c7de.txt,2,jaguar,WCS Camera Traps,https://storage.googleapis.com/public-datasets-lila/wcs-unzipped/animals/0059/0003.jpg,LILA 2022-02-05 species bbox export,Community Data License Agreement (permissive variant),dc8a7931-92d4-11e9-bfc5-000d3a74c7de,panthera onca,seq:bol-018-d0052-190,train,39e07eebe9a0e2fb452a547a4874b149f752b8b58dd7d5f40e02e3e751ae2110,1,2048,1536,false
dataset_rural/images/train/jaguar_dc8ac74d-92d4-11e9-9b9d-000d3a74c7de.jpg,dataset_rural/labels/train/jaguar_dc8ac74d-92d4-11e9-9b9d-000d3a74c7de.txt,2,jaguar,WCS Camera Traps,https://storage.googleapis.com/public-datasets-lila/wcs-unzipped/animals/0059/0008.jpg,LILA 2022-02-05 species bbox export,Community Data License Agreement (permissive variant),dc8ac74d-92d4-11e9-9b9d-000d3a74c7de,panthera onca,seq:bol-018-d0052-190,train,1270820ba88a13c72f51637f350866b02d53142fe76d5e523bee0d9c35a373dd,1,2048,1536,false
dataset_rural/images/train/jaguar_dce4f51e-92d4-11e9-a3e6-000d3a74c7de.jpg,dataset_rural/labels/train/jaguar_dce4f51e-92d4-11e9-a3e6-000d3a74c7de.txt,2,jaguar,WCS Camera Traps,https://storage.googleapis.com/public-datasets-lila/wcs-unzipped/animals/0059/1982.jpg,LILA 2022-02-05 species bbox export,Community Data License Agreement (permissive variant),dce4f51e-92d4-11e9-a3e6-000d3a74c7de,panthera onca,seq:bol-018-d0082-23,train,dfc6e734fd87a297d71497cedafb346eb1c5d1c29d8e1690e0f80b96af517fa5,1,2048,1536,false
dataset_rural/images/train/jaguar_dce51c25-92d4-11e9-a2e9-000d3a74c7de.jpg,dataset_rural/labels/train/jaguar_dce51c25-92d4-11e9-a2e9-000d3a74c7de.txt,2,jaguar,WCS Camera Traps,https://storage.googleapis.com/public-datasets-lila/wcs-unzipped/animals/0059/1983.jpg,LILA 2022-02-05 species bbox export,Community Data License Agreement (permissive variant),dce51c25-92d4-11e9-a2e9-000d3a74c7de,panthera onca,seq:bol-018-d0082-23,train,7b97ade196e0cb39aa974cc0d3f9179d06bbfef2ef3b5f054dc29d9ac49d137b,1,2048,1536,false
dataset_rural/images/val/jaguar_dcefca8e-92d4-11e9-8bc4-000d3a74c7de.jpg,dataset_rural/labels/val/jaguar_dcefca8e-92d4-11e9-8bc4-000d3a74c7de.txt,2,jaguar,WCS Camera Traps,https://storage.googleapis.com/public-datasets-lila/wcs-unzipped/animals/0060/0216.jpg,LILA 2022-02-05 species bbox export,Community Data License Agreement (permissive variant),dcefca8e-92d4-11e9-8bc4-000d3a74c7de,panthera onca,seq:bol-018-d0028-24,val,2911c88cda1da52d95000a35ea746f528e8d2d06e1f8de5bc969c84384a675f7,1,1920,1080,false
dataset_rural/images/train/jaguar_dd1f3f19-92d4-11e9-a68a-000d3a74c7de.jpg,dataset_rural/labels/train/jaguar_dd1f3f19-92d4-11e9-a68a-000d3a74c7de.txt,2,jaguar,WCS Camera Traps,https://storage.googleapis.com/public-datasets-lila/wcs-unzipped/animals/0060/1266.jpg,LILA 2022-02-05 species bbox export,Community Data License Agreement (permissive variant),dd1f3f19-92d4-11e9-a68a-000d3a74c7de,panthera onca,seq:bol-018-d0058-64,train,4291cc989a9beb219d08ea7af7ea2b0af6570222134153b50382c31fd7b79d7e,1,2048,1536,false
dataset_rural/images/train/jaguar_dd290504-92d4-11e9-abf6-000d3a74c7de.jpg,dataset_rural/labels/train/jaguar_dd290504-92d4-11e9-abf6-000d3a74c7de.txt,2,jaguar,WCS Camera Traps,https://storage.googleapis.com/public-datasets-lila/wcs-unzipped/animals/0060/1475.jpg,LILA 2022-02-05 species bbox export,Community Data License Agreement (permissive variant),dd290504-92d4-11e9-abf6-000d3a74c7de,panthera onca,seq:bol-018-d0060-44,train,6c4a9fd981258ce2594bc7dbad38fa57e73123f544d4e2855186c1865a302054,1,2048,1536,false
dataset_rural/images/train/jaguar_dd29783c-92d4-11e9-8af9-000d3a74c7de.jpg,dataset_rural/labels/train/jaguar_dd29783c-92d4-11e9-8af9-000d3a74c7de.txt,2,jaguar,WCS Camera Traps,https://storage.googleapis.com/public-datasets-lila/wcs-unzipped/animals/0060/1485.jpg,LILA 2022-02-05 species bbox export,Community Data License Agreement (permissive variant),dd29783c-92d4-11e9-8af9-000d3a74c7de,panthera onca,seq:bol-018-d0061-55,train,4c4604ca8574b98f4939e9b04a177c04be4e716e3523c433940b9757c5c1fc51,1,1920,1080,false
dataset_rural/images/test/jaguar_ddc4f4ec-92d4-11e9-9c60-000d3a74c7de.jpg,dataset_rural/labels/test/jaguar_ddc4f4ec-92d4-11e9-9c60-000d3a74c7de.txt,2,jaguar,WCS Camera Traps,https://storage.googleapis.com/public-datasets-lila/wcs-unzipped/animals/0062/0756.jpg,LILA 2022-02-05 species bbox export,Community Data License Agreement (permissive variant),ddc4f4ec-92d4-11e9-9c60-000d3a74c7de,panthera onca,seq:bol-018-d0053-203,test,53a875ef14dc3c5d42a4d19417a655534a635a79e30bc78b720049dcd01363a5,1,2048,1536,false
dataset_rural/images/val/jaguar_ddc62f4e-92d4-11e9-a132-000d3a74c7de.jpg,dataset_rural/labels/val/jaguar_ddc62f4e-92d4-11e9-a132-000d3a74c7de.txt,2,jaguar,WCS Camera Traps,https://storage.googleapis.com/public-datasets-lila/wcs-unzipped/animals/0062/0786.jpg,LILA 2022-02-05 species bbox export,Community Data License Agreement (permissive variant),ddc62f4e-92d4-11e9-a132-000d3a74c7de,panthera onca,seq:bol-018-d0079-22,val,890e0f17f54bb21649889a8dabf631b310561831430b2e565476a8326fc2d054,1,1920,1080,false
dataset_rural/images/train/jaguar_def791b7-92d4-11e9-9bb3-000d3a74c7de.jpg,dataset_rural/labels/train/jaguar_def791b7-92d4-11e9-9bb3-000d3a74c7de.txt,2,jaguar,WCS Camera Traps,https://storage.googleapis.com/public-datasets-lila/wcs-unzipped/animals/0065/1325.jpg,LILA 2022-02-05 species bbox export,Community Data License Agreement (permissive variant),def791b7-92d4-11e9-9bb3-000d3a74c7de,panthera onca,seq:bol-018-d0014-56,train,31472ba31c0fe4637648e4e9735cf16f233f33d4cbdcf22126ee129c867aa22e,1,2048,1536,false
dataset_rural/images/train/jaguar_df0d3d58-92d4-11e9-b0aa-000d3a74c7de.jpg,dataset_rural/labels/train/jaguar_df0d3d58-92d4-11e9-b0aa-000d3a74c7de.txt,2,jaguar,WCS Camera Traps,https://storage.googleapis.com/public-datasets-lila/wcs-unzipped/animals/0065/1776.jpg,LILA 2022-02-05 species bbox export,Community Data License Agreement (permissive variant),df0d3d58-92d4-11e9-b0aa-000d3a74c7de,panthera onca,seq:bol-018-d0001-37,train,af7fdcc032b4f1cb757c57e7be3573146067d0787cf3191b57f30bba2029d8bb,1,2048,1536,false
dataset_rural/images/train/jaguar_df0d6436-92d4-11e9-b6a7-000d3a74c7de.jpg,dataset_rural/labels/train/jaguar_df0d6436-92d4-11e9-b6a7-000d3a74c7de.txt,2,jaguar,WCS Camera Traps,https://storage.googleapis.com/public-datasets-lila/wcs-unzipped/animals/0065/1778.jpg,LILA 2022-02-05 species bbox export,Community Data License Agreement (permissive variant),df0d6436-92d4-11e9-b6a7-000d3a74c7de,panthera onca,seq:bol-018-d0001-37,train,2b0c64957dbd46dc2750faa934b14eb0a5e04f679ab4ae7a1f4ad9081e56709b,1,2048,1536,false
dataset_rural/images/train/jaguar_e0347eb1-92d4-11e9-9c90-000d3a74c7de.jpg,dataset_rural/labels/train/jaguar_e0347eb1-92d4-11e9-9c90-000d3a74c7de.txt,2,jaguar,WCS Camera Traps,https://storage.googleapis.com/public-datasets-lila/wcs-unzipped/animals/0069/0124.jpg,LILA 2022-02-05 species bbox export,Community Data License Agreement (permissive variant),e0347eb1-92d4-11e9-9c90-000d3a74c7de,panthera onca,seq:bol-018-d0014-60,train,19bbd5bce0ebdc2f0e5bc7d890796c2ad8487e78186717ac681b36e01f2e9eca,1,2048,1536,false
dataset_rural/images/train/jaguar_e1cd6ea8-92d4-11e9-999c-000d3a74c7de.jpg,dataset_rural/labels/train/jaguar_e1cd6ea8-92d4-11e9-999c-000d3a74c7de.txt,2,jaguar,WCS Camera Traps,https://storage.googleapis.com/public-datasets-lila/wcs-unzipped/animals/0073/0974.jpg,LILA 2022-02-05 species bbox export,Community Data License Agreement (permissive variant),e1cd6ea8-92d4-11e9-999c-000d3a74c7de,panthera onca,seq:bol-018-d0080-69,train,031227eaffd18afa16ecde4796c1777ba295cabc54a5c6c7be7281450e7f86ad,1,2048,1536,false
dataset_rural/images/train/jaguar_e1cde482-92d4-11e9-9e83-000d3a74c7de.jpg,dataset_rural/labels/train/jaguar_e1cde482-92d4-11e9-9e83-000d3a74c7de.txt,2,jaguar,WCS Camera Traps,https://storage.googleapis.com/public-datasets-lila/wcs-unzipped/animals/0073/0984.jpg,LILA 2022-02-05 species bbox export,Community Data License Agreement (permissive variant),e1cde482-92d4-11e9-9e83-000d3a74c7de,panthera onca,seq:bol-018-d0081-78,train,855d140a56f185907cd9d4aa8a8613c879fd95f24eea17a51c83bbc9c3687eaa,1,2048,1536,false
dataset_rural/images/train/jaguar_e2651bd0-92d4-11e9-a650-000d3a74c7de.jpg,dataset_rural/labels/train/jaguar_e2651bd0-92d4-11e9-a650-000d3a74c7de.txt,2,jaguar,WCS Camera Traps,https://storage.googleapis.com/public-datasets-lila/wcs-unzipped/animals/0075/0253.jpg,LILA 2022-02-05 species bbox export,Community Data License Agreement (permissive variant),e2651bd0-92d4-11e9-a650-000d3a74c7de,panthera onca,seq:bol-019-d0043-2,train,882641ab34857d3c085610ced5488cf599ca0c57bfc1051966155350a6d8eca3,1,1920,1080,false
dataset_rural/images/train/jaguar_e28e4e6d-92d4-11e9-833b-000d3a74c7de.jpg,dataset_rural/labels/train/jaguar_e28e4e6d-92d4-11e9-833b-000d3a74c7de.txt,2,jaguar,WCS Camera Traps,https://storage.googleapis.com/public-datasets-lila/wcs-unzipped/animals/0075/1159.jpg,LILA 2022-02-05 species bbox export,Community Data License Agreement (permissive variant),e28e4e6d-92d4-11e9-833b-000d3a74c7de,panthera onca,seq:bol-019-d0057-3,train,656ae6f074d2ac9a6d81a33bff54272ab7b9bf19be8aa3c947309b6a9116c31f,1,2048,1536,false
dataset_rural/images/train/jaguar_e28f37cb-92d4-11e9-b057-000d3a74c7de.jpg,dataset_rural/labels/train/jaguar_e28f37cb-92d4-11e9-b057-000d3a74c7de.txt,2,jaguar,WCS Camera Traps,https://storage.googleapis.com/public-datasets-lila/wcs-unzipped/animals/0075/1178.jpg,LILA 2022-02-05 species bbox export,Community Data License Agreement (permissive variant),e28f37cb-92d4-11e9-b057-000d3a74c7de,panthera onca,seq:bol-019-d0058-2,train,712720f3fec1f8bc440f684a8ab3c45dde650937208ce9c964a3c0aee0f90aa9,1,2048,1536,false
dataset_rural/images/test/jaguar_e2b7ce6e-92d4-11e9-a5e9-000d3a74c7de.jpg,dataset_rural/labels/test/jaguar_e2b7ce6e-92d4-11e9-a5e9-000d3a74c7de.txt,2,jaguar,WCS Camera Traps,https://storage.googleapis.com/public-datasets-lila/wcs-unzipped/animals/0076/0064.jpg,LILA 2022-02-05 species bbox export,Community Data License Agreement (permissive variant),e2b7ce6e-92d4-11e9-a5e9-000d3a74c7de,panthera onca,seq:bol-019-d0071-2,test,2ab63cd0b0e593a4d4bf2d40b0b6eeae7912ce561d818817d0391996a023c570,1,2048,1536,false
dataset_rural/images/train/jaguar_e2cc4170-92d4-11e9-9085-000d3a74c7de.jpg,dataset_rural/labels/train/jaguar_e2cc4170-92d4-11e9-9085-000d3a74c7de.txt,2,jaguar,WCS Camera Traps,https://storage.googleapis.com/public-datasets-lila/wcs-unzipped/animals/0076/0524.jpg,LILA 2022-02-05 species bbox export,Community Data License Agreement (permissive variant),e2cc4170-92d4-11e9-9085-000d3a74c7de,panthera onca,seq:bol-019-d0055-6,train,6adaf533a02a2fa253652f11566b27c1b16363d3ee59467fd9dbbed958131680,1,2048,1536,false
dataset_rural/images/train/jaguar_e31494b9-92d4-11e9-b171-000d3a74c7de.jpg,dataset_rural/labels/train/jaguar_e31494b9-92d4-11e9-b171-000d3a74c7de.txt,2,jaguar,WCS Camera Traps,https://storage.googleapis.com/public-datasets-lila/wcs-unzipped/animals/0077/0068.jpg,LILA 2022-02-05 species bbox export,Community Data License Agreement (permissive variant),e31494b9-92d4-11e9-b171-000d3a74c7de,panthera onca,seq:bol-019-d0025-4,train,2a9a56945089022b62eb21d9fb0ca8b56c9895df292b509bd5537d8dcc381996,1,2048,1536,false
dataset_rural/images/train/jaguar_e4a33864-92d4-11e9-9949-000d3a74c7de.jpg,dataset_rural/labels/train/jaguar_e4a33864-92d4-11e9-9949-000d3a74c7de.txt,2,jaguar,WCS Camera Traps,https://storage.googleapis.com/public-datasets-lila/wcs-unzipped/animals/0081/0660.jpg,LILA 2022-02-05 species bbox export,Community Data License Agreement (permissive variant),e4a33864-92d4-11e9-9949-000d3a74c7de,panthera onca,seq:bol-019-d0065-12,train,1a3ad515fafb82d708512ce4f3c6273bff1a6faf6d6dbc6268a78446751ab131,1,2048,1536,false
dataset_rural/images/train/jaguar_e4a3ad8d-92d4-11e9-b27f-000d3a74c7de.jpg,dataset_rural/labels/train/jaguar_e4a3ad8d-92d4-11e9-b27f-000d3a74c7de.txt,2,jaguar,WCS Camera Traps,https://storage.googleapis.com/public-datasets-lila/wcs-unzipped/animals/0081/0671.jpg,LILA 2022-02-05 species bbox export,Community Data License Agreement (permissive variant),e4a3ad8d-92d4-11e9-b27f-000d3a74c7de,panthera onca,seq:bol-019-d0066-13,train,4b1b2f509161f667e15c380b344f9d417e8a46ec0e5f8edcade348f809f86025,1,2048,1536,false
dataset_rural/images/test/jaguar_e4a4982e-92d4-11e9-a8dc-000d3a74c7de.jpg,dataset_rural/labels/test/jaguar_e4a4982e-92d4-11e9-a8dc-000d3a74c7de.txt,2,jaguar,WCS Camera Traps,https://storage.googleapis.com/public-datasets-lila/wcs-unzipped/animals/0081/0691.jpg,LILA 2022-02-05 species bbox export,Community Data License Agreement (permissive variant),e4a4982e-92d4-11e9-a8dc-000d3a74c7de,panthera onca,seq:bol-019-d0057-6,test,f52090b1dd91227df453756d9c304767629c84863c0ff9208ed73506f537f376,1,2048,1536,false
dataset_rural/images/train/jaguar_e4a4bfc3-92d4-11e9-a0ab-000d3a74c7de.jpg,dataset_rural/labels/train/jaguar_e4a4bfc3-92d4-11e9-a0ab-000d3a74c7de.txt,2,jaguar,WCS Camera Traps,https://storage.googleapis.com/public-datasets-lila/wcs-unzipped/animals/0081/0695.jpg,LILA 2022-02-05 species bbox export,Community Data License Agreement (permissive variant),e4a4bfc3-92d4-11e9-a0ab-000d3a74c7de,panthera onca,seq:bol-019-d0058-4,train,be999131c58795025f79aaf84f7c3124d228f2d81cb5f192c22d704c60f70700,1,2048,1536,false
dataset_rural/images/test/jaguar_e4a53466-92d4-11e9-8976-000d3a74c7de.jpg,dataset_rural/labels/test/jaguar_e4a53466-92d4-11e9-8976-000d3a74c7de.txt,2,jaguar,WCS Camera Traps,https://storage.googleapis.com/public-datasets-lila/wcs-unzipped/animals/0081/0704.jpg,LILA 2022-02-05 species bbox export,Community Data License Agreement (permissive variant),e4a53466-92d4-11e9-8976-000d3a74c7de,panthera onca,seq:bol-019-d0057-6,test,24fa13d6d57597ef8ea1d98166ec02b0ad6c45ddd338e7b3069b9bb14dcea3f7,1,2048,1536,false
dataset_rural/images/train/jaguar_e50a85fa-92d4-11e9-a702-000d3a74c7de.jpg,dataset_rural/labels/train/jaguar_e50a85fa-92d4-11e9-a702-000d3a74c7de.txt,2,jaguar,WCS Camera Traps,https://storage.googleapis.com/public-datasets-lila/wcs-unzipped/animals/0082/0920.jpg,LILA 2022-02-05 species bbox export,Community Data License Agreement (permissive variant),e50a85fa-92d4-11e9-a702-000d3a74c7de,panthera onca,seq:bol-019-d0066-18,train,2ece96c6f67d85e0125d39d06cf6f6029a209d678349906c93dfde09e81d8243,1,2048,1536,false
dataset_rural/images/train/jaguar_e5158221-92d4-11e9-b2e6-000d3a74c7de.jpg,dataset_rural/labels/train/jaguar_e5158221-92d4-11e9-b2e6-000d3a74c7de.txt,2,jaguar,WCS Camera Traps,https://storage.googleapis.com/public-datasets-lila/wcs-unzipped/animals/0082/1123.jpg,LILA 2022-02-05 species bbox export,Community Data License Agreement (permissive variant),e5158221-92d4-11e9-b2e6-000d3a74c7de,panthera onca,seq:bol-019-d0078-40,train,a4497189cd688920716754fcd30501b44576ac532979a6f72fa38ba916a4736e,1,2048,1536,false
dataset_rural/images/train/jaguar_e5177e2e-92d4-11e9-9d74-000d3a74c7de.jpg,dataset_rural/labels/train/jaguar_e5177e2e-92d4-11e9-9d74-000d3a74c7de.txt,2,jaguar,WCS Camera Traps,https://storage.googleapis.com/public-datasets-lila/wcs-unzipped/animals/0082/1165.jpg,LILA 2022-02-05 species bbox export,Community Data License Agreement (permissive variant),e5177e2e-92d4-11e9-9d74-000d3a74c7de,panthera onca,seq:bol-019-d0078-41,train,d5c8c953ee9b36b6b3c2942872e087ec04b61df59d2348cc15bdc218bd93490f,1,2048,1536,false
dataset_rural/images/val/jaguar_e518dd80-92d4-11e9-93a4-000d3a74c7de.jpg,dataset_rural/labels/val/jaguar_e518dd80-92d4-11e9-93a4-000d3a74c7de.txt,2,jaguar,WCS Camera Traps,https://storage.googleapis.com/public-datasets-lila/wcs-unzipped/animals/0082/1192.jpg,LILA 2022-02-05 species bbox export,Community Data License Agreement (permissive variant),e518dd80-92d4-11e9-93a4-000d3a74c7de,panthera onca,seq:bol-019-d0077-52,val,2aaeda9f05c308a8906d216c89ca9c9261474d67ccde7d7d6f3d0c9b7ac0b12e,1,2048,1536,false
dataset_rural/images/val/jaguar_e5195316-92d4-11e9-88eb-000d3a74c7de.jpg,dataset_rural/labels/val/jaguar_e5195316-92d4-11e9-88eb-000d3a74c7de.txt,2,jaguar,WCS Camera Traps,https://storage.googleapis.com/public-datasets-lila/wcs-unzipped/animals/0082/1204.jpg,LILA 2022-02-05 species bbox export,Community Data License Agreement (permissive variant),e5195316-92d4-11e9-88eb-000d3a74c7de,panthera onca,seq:bol-019-d0077-52,val,81d5504637bd0db594011d501941eb5dd180c9a5fb0a08b34cbef43650122526,1,2048,1536,false
dataset_rural/images/train/jaguar_e51a3e8a-92d4-11e9-8e92-000d3a74c7de.jpg,dataset_rural/labels/train/jaguar_e51a3e8a-92d4-11e9-8e92-000d3a74c7de.txt,2,jaguar,WCS Camera Traps,https://storage.googleapis.com/public-datasets-lila/wcs-unzipped/animals/0082/1225.jpg,LILA 2022-02-05 species bbox export,Community Data License Agreement (permissive variant),e51a3e8a-92d4-11e9-8e92-000d3a74c7de,panthera onca,seq:bol-019-d0078-45,train,d62ff99505524c2cd56493c2c20f9aaeaafdbee98f60eddda58e3f25c7d5d178,1,2048,1536,false
dataset_rural/images/val/jaguar_e51a6a01-92d4-11e9-9034-000d3a74c7de.jpg,dataset_rural/labels/val/jaguar_e51a6a01-92d4-11e9-9034-000d3a74c7de.txt,2,jaguar,WCS Camera Traps,https://storage.googleapis.com/public-datasets-lila/wcs-unzipped/animals/0082/1227.jpg,LILA 2022-02-05 species bbox export,Community Data License Agreement (permissive variant),e51a6a01-92d4-11e9-9034-000d3a74c7de,panthera onca,seq:bol-019-d0077-53,val,5a030b6c3e4d7d1e2922bc516cedb998b56ac70f0df189458c09fcf3e70512cf,1,2048,1536,false
dataset_rural/images/val/jaguar_e51a6a03-92d4-11e9-8ed0-000d3a74c7de.jpg,dataset_rural/labels/val/jaguar_e51a6a03-92d4-11e9-8ed0-000d3a74c7de.txt,2,jaguar,WCS Camera Traps,https://storage.googleapis.com/public-datasets-lila/wcs-unzipped/animals/0082/1228.jpg,LILA 2022-02-05 species bbox export,Community Data License Agreement (permissive variant),e51a6a03-92d4-11e9-8ed0-000d3a74c7de,panthera onca,seq:bol-019-d0077-53,val,f1ef75d1f1dd57d37aeb378ce9ad97b32ae1282d698aadb56165ce33fc960ae4,1,2048,1536,false
dataset_rural/images/train/jaguar_e51ad9ce-92d4-11e9-9844-000d3a74c7de.jpg,dataset_rural/labels/train/jaguar_e51ad9ce-92d4-11e9-9844-000d3a74c7de.txt,2,jaguar,WCS Camera Traps,https://storage.googleapis.com/public-datasets-lila/wcs-unzipped/animals/0082/1238.jpg,LILA 2022-02-05 species bbox export,Community Data License Agreement (permissive variant),e51ad9ce-92d4-11e9-9844-000d3a74c7de,panthera onca,seq:bol-019-d0078-46,train,4c99fa9d92e8c5fc84f9aa30600bf3aa9f848913082ecd9346f59fe50868b947,1,2048,1536,false
dataset_rural/images/test/jaguar_e580c70f-92d4-11e9-af06-000d3a74c7de.jpg,dataset_rural/labels/test/jaguar_e580c70f-92d4-11e9-af06-000d3a74c7de.txt,2,jaguar,WCS Camera Traps,https://storage.googleapis.com/public-datasets-lila/wcs-unzipped/animals/0083/1429.jpg,LILA 2022-02-05 species bbox export,Community Data License Agreement (permissive variant),e580c70f-92d4-11e9-af06-000d3a74c7de,panthera onca,seq:bol-019-d0081-4,test,5cd77bdbeec48dc2e07c7976362f721601905a93748c11e97136f3a18c0610cc,1,2048,1536,false
dataset_rural/images/train/jaguar_e59058d4-92d4-11e9-a311-000d3a74c7de.jpg,dataset_rural/labels/train/jaguar_e59058d4-92d4-11e9-a311-000d3a74c7de.txt,2,jaguar,WCS Camera Traps,https://storage.googleapis.com/public-datasets-lila/wcs-unzipped/animals/0083/1765.jpg,LILA 2022-02-05 species bbox export,Community Data License Agreement (permissive variant),e59058d4-92d4-11e9-a311-000d3a74c7de,panthera onca,seq:bol-019-d0057-8,train,a5970d31bd2b2ab4b0a725c28f25b97fee6735edcdd9e8a0b0207d2340a26700,1,2048,1536,false
dataset_rural/images/train/jaguar_e5e09a42-92d4-11e9-9049-000d3a74c7de.jpg,dataset_rural/labels/train/jaguar_e5e09a42-92d4-11e9-9049-000d3a74c7de.txt,2,jaguar,WCS Camera Traps,https://storage.googleapis.com/public-datasets-lila/wcs-unzipped/animals/0084/1486.jpg,LILA 2022-02-05 species bbox export,Community Data License Agreement (permissive variant),e5e09a42-92d4-11e9-9049-000d3a74c7de,panthera onca,seq:bol-019-d0063-66,train,48650667257433fad530c251a468b5697d17c4dd820d1a6e9034058e06498a01,1,2048,1536,false
dataset_rural/images/train/jaguar_e5e13682-92d4-11e9-9e8b-000d3a74c7de.jpg,dataset_rural/labels/train/jaguar_e5e13682-92d4-11e9-9e8b-000d3a74c7de.txt,2,jaguar,WCS Camera Traps,https://storage.googleapis.com/public-datasets-lila/wcs-unzipped/animals/0084/1499.jpg,LILA 2022-02-05 species bbox export,Community Data License Agreement (permissive variant),e5e13682-92d4-11e9-9e8b-000d3a74c7de,panthera onca,seq:bol-019-d0063-66,train,926da6cdb04714e994f3d1fb29a113f585c6a33ee2508c7a3307d81dcdca6af4,1,2048,1536,false
dataset_rural/images/train/jaguar_e5e1849e-92d4-11e9-839d-000d3a74c7de.jpg,dataset_rural/labels/train/jaguar_e5e1849e-92d4-11e9-839d-000d3a74c7de.txt,2,jaguar,WCS Camera Traps,https://storage.googleapis.com/public-datasets-lila/wcs-unzipped/animals/0084/1506.jpg,LILA 2022-02-05 species bbox export,Community Data License Agreement (permissive variant),e5e1849e-92d4-11e9-839d-000d3a74c7de,panthera onca,seq:bol-019-d0082-13,train,e5d7ff5d64683a70e3c39374c82d6715795032a9d7104aea9529731f55196266,1,2048,1536,false
dataset_rural/images/train/jaguar_e5e184a0-92d4-11e9-8e6e-000d3a74c7de.jpg,dataset_rural/labels/train/jaguar_e5e184a0-92d4-11e9-8e6e-000d3a74c7de.txt,2,jaguar,WCS Camera Traps,https://storage.googleapis.com/public-datasets-lila/wcs-unzipped/animals/0084/1507.jpg,LILA 2022-02-05 species bbox export,Community Data License Agreement (permissive variant),e5e184a0-92d4-11e9-8e6e-000d3a74c7de,panthera onca,seq:bol-019-d0082-13,train,e7ab5325771cdc1c8c0ac2ca6892dd9f06eaeadfefdc95a75074813aca42a3ab,1,2048,1536,false
dataset_rural/images/train/jaguar_e62dd034-92d4-11e9-b197-000d3a74c7de.jpg,dataset_rural/labels/train/jaguar_e62dd034-92d4-11e9-b197-000d3a74c7de.txt,2,jaguar,WCS Camera Traps,https://storage.googleapis.com/public-datasets-lila/wcs-unzipped/animals/0085/1126.jpg,LILA 2022-02-05 species bbox export,Community Data License Agreement (permissive variant),e62dd034-92d4-11e9-b197-000d3a74c7de,panthera onca,seq:bol-019-d0078-54,train,610348c9397db070b78ef01ff0742be3b8a416d2dfef241ce14f0a6c663a3988,1,2048,1536,false
dataset_rural/images/val/jaguar_e728bdd4-92d4-11e9-98c8-000d3a74c7de.jpg,dataset_rural/labels/val/jaguar_e728bdd4-92d4-11e9-98c8-000d3a74c7de.txt,2,jaguar,WCS Camera Traps,https://storage.googleapis.com/public-datasets-lila/wcs-unzipped/animals/0088/0524.jpg,LILA 2022-02-05 species bbox export,Community Data License Agreement (permissive variant),e728bdd4-92d4-11e9-98c8-000d3a74c7de,panthera onca,seq:bol-019-d0070-18,val,37fa9c416f218c3569069d83d90bbb8604f804346782e8b5bc0c1cb878baefdf,1,2048,1536,false
dataset_rural/images/train/jaguar_e7295a9e-92d4-11e9-808f-000d3a74c7de.jpg,dataset_rural/labels/train/jaguar_e7295a9e-92d4-11e9-808f-000d3a74c7de.txt,2,jaguar,WCS Camera Traps,https://storage.googleapis.com/public-datasets-lila/wcs-unzipped/animals/0088/0538.jpg,LILA 2022-02-05 species bbox export,Community Data License Agreement (permissive variant),e7295a9e-92d4-11e9-808f-000d3a74c7de,panthera onca,seq:bol-019-d0070-20,train,f0f8082c68a002d62a3472a22e18295fd3ac1880c6d9c505d505b978da97584b,1,2048,1536,false
dataset_rural/images/train/jaguar_e72d7989-92d4-11e9-99f3-000d3a74c7de.jpg,dataset_rural/labels/train/jaguar_e72d7989-92d4-11e9-99f3-000d3a74c7de.txt,2,jaguar,WCS Camera Traps,https://storage.googleapis.com/public-datasets-lila/wcs-unzipped/animals/0088/0632.jpg,LILA 2022-02-05 species bbox export,Community Data License Agreement (permissive variant),e72d7989-92d4-11e9-99f3-000d3a74c7de,panthera onca,seq:bol-019-d0065-25,train,0bcad376126cced6ac905704464a802130b3c6e9f0ece6e348acf93a740fee04,1,2048,1536,false
dataset_rural/images/train/jaguar_e74f318a-92d4-11e9-bc8c-000d3a74c7de.jpg,dataset_rural/labels/train/jaguar_e74f318a-92d4-11e9-bc8c-000d3a74c7de.txt,2,jaguar,WCS Camera Traps,https://storage.googleapis.com/public-datasets-lila/wcs-unzipped/animals/0088/1371.jpg,LILA 2022-02-05 species bbox export,Community Data License Agreement (permissive variant),e74f318a-92d4-11e9-bc8c-000d3a74c7de,panthera onca,seq:bol-019-d0069-18,train,cfb55a8e3ddd09166b84e9f8f602ec0954d1f8c42cb56faf564bf51119b541ff,1,2048,1536,false
dataset_rural/images/train/jaguar_e7506c64-92d4-11e9-97bd-000d3a74c7de.jpg,dataset_rural/labels/train/jaguar_e7506c64-92d4-11e9-97bd-000d3a74c7de.txt,2,jaguar,WCS Camera Traps,https://storage.googleapis.com/public-datasets-lila/wcs-unzipped/animals/0088/1399.jpg,LILA 2022-02-05 species bbox export,Community Data License Agreement (permissive variant),e7506c64-92d4-11e9-97bd-000d3a74c7de,panthera onca,seq:bol-019-d0069-19,train,432321413719b7d0334ce3f45cef6cee56e65a4e94fec30c8b59e975afc41333,1,2048,1536,false
dataset_rural/images/train/jaguar_e751a2d8-92d4-11e9-a043-000d3a74c7de.jpg,dataset_rural/labels/train/jaguar_e751a2d8-92d4-11e9-a043-000d3a74c7de.txt,2,jaguar,WCS Camera Traps,https://storage.googleapis.com/public-datasets-lila/wcs-unzipped/animals/0088/1427.jpg,LILA 2022-02-05 species bbox export,Community Data License Agreement (permissive variant),e751a2d8-92d4-11e9-a043-000d3a74c7de,panthera onca,seq:bol-019-d0069-20,train,5ce726a684d669d2a0da073297c609afe05c75e1fd6a94d1f4c93a102ae7d6c3,1,2048,1536,false
dataset_rural/images/train/jaguar_e751f207-92d4-11e9-b0ab-000d3a74c7de.jpg,dataset_rural/labels/train/jaguar_e751f207-92d4-11e9-b0ab-000d3a74c7de.txt,2,jaguar,WCS Camera Traps,https://storage.googleapis.com/public-datasets-lila/wcs-unzipped/animals/0088/1432.jpg,LILA 2022-02-05 species bbox export,Community Data License Agreement (permissive variant),e751f207-92d4-11e9-b0ab-000d3a74c7de,panthera onca,seq:bol-019-d0069-20,train,ad1bbb094d7dd1a6f32a1567dc2012e2cd022251a48bb054f49b5dbadf35d771,1,2048,1536,false
dataset_rural/images/train/jaguar_e7da0fd8-92d4-11e9-b722-000d3a74c7de.jpg,dataset_rural/labels/train/jaguar_e7da0fd8-92d4-11e9-b722-000d3a74c7de.txt,2,jaguar,WCS Camera Traps,https://storage.googleapis.com/public-datasets-lila/wcs-unzipped/animals/0090/0345.jpg,LILA 2022-02-05 species bbox export,Community Data License Agreement (permissive variant),e7da0fd8-92d4-11e9-b722-000d3a74c7de,panthera onca,seq:bol-019-d0066-29,train,00de45f12329e8b55b3366c13b47bc2179a029fde26c45ccee2a6c1be73f1158,1,2048,1536,false
dataset_rural/images/train/jaguar_e7da845f-92d4-11e9-b5d2-000d3a74c7de.jpg,dataset_rural/labels/train/jaguar_e7da845f-92d4-11e9-b5d2-000d3a74c7de.txt,2,jaguar,WCS Camera Traps,https://storage.googleapis.com/public-datasets-lila/wcs-unzipped/animals/0090/0355.jpg,LILA 2022-02-05 species bbox export,Community Data License Agreement (permissive variant),e7da845f-92d4-11e9-b5d2-000d3a74c7de,panthera onca,seq:bol-019-d0065-33,train,65195e59a01035075449bce212d744049bca2ec7f98963786c3138475a0e769b,1,2048,1536,false
dataset_rural/images/train/jaguar_e86add09-92d4-11e9-8d58-000d3a74c7de.jpg,dataset_rural/labels/train/jaguar_e86add09-92d4-11e9-8d58-000d3a74c7de.txt,2,jaguar,WCS Camera Traps,https://storage.googleapis.com/public-datasets-lila/wcs-unzipped/animals/0091/1459.jpg,LILA 2022-02-05 species bbox export,Community Data License Agreement (permissive variant),e86add09-92d4-11e9-8d58-000d3a74c7de,panthera onca,seq:bol-019-d0065-35,train,1d21bdd3c3e71f0a5bee62426ea26adc7fc545023b64a6a7454af69bfddbbdb6,1,2048,1536,false
dataset_rural/images/train/jaguar_e86b040c-92d4-11e9-aa3f-000d3a74c7de.jpg,dataset_rural/labels/train/jaguar_e86b040c-92d4-11e9-aa3f-000d3a74c7de.txt,2,jaguar,WCS Camera Traps,https://storage.googleapis.com/public-datasets-lila/wcs-unzipped/animals/0091/1463.jpg,LILA 2022-02-05 species bbox export,Community Data License Agreement (permissive variant),e86b040c-92d4-11e9-aa3f-000d3a74c7de,panthera onca,seq:bol-019-d0065-35,train,336efff39f1b22d7efd4e6ffad615cfd801bf2be811fed4343637eba1d9c1612,1,2048,1536,false
dataset_rural/images/train/jaguar_e90a9d24-92d4-11e9-9fd0-000d3a74c7de.jpg,dataset_rural/labels/train/jaguar_e90a9d24-92d4-11e9-9fd0-000d3a74c7de.txt,2,jaguar,WCS Camera Traps,https://storage.googleapis.com/public-datasets-lila/wcs-unzipped/animals/0093/0899.jpg,LILA 2022-02-05 species bbox export,Community Data License Agreement (permissive variant),e90a9d24-92d4-11e9-9fd0-000d3a74c7de,panthera onca,seq:bol-019-d0068-36,train,c685354444583b9c1d90c70d1346921cbb47e610fdcc45227eb03fa6b4a950e0,1,2048,1536,false
dataset_rural/images/train/jaguar_e90c98e7-92d4-11e9-a9e0-000d3a74c7de.jpg,dataset_rural/labels/train/jaguar_e90c98e7-92d4-11e9-a9e0-000d3a74c7de.txt,2,jaguar,WCS Camera Traps,https://storage.googleapis.com/public-datasets-lila/wcs-unzipped/animals/0093/0948.jpg,LILA 2022-02-05 species bbox export,Community Data License Agreement (permissive variant),e90c98e7-92d4-11e9-a9e0-000d3a74c7de,panthera onca,seq:bol-019-d0066-38,train,7633555ca488f3fd996acb821b4ee4d96300c90b8cc29b7d25751a047b057c32,1,2048,1536,false
dataset_rural/images/val/jaguar_e90cc00c-92d4-11e9-908a-000d3a74c7de.jpg,dataset_rural/labels/val/jaguar_e90cc00c-92d4-11e9-908a-000d3a74c7de.txt,2,jaguar,WCS Camera Traps,https://storage.googleapis.com/public-datasets-lila/wcs-unzipped/animals/0093/0952.jpg,LILA 2022-02-05 species bbox export,Community Data License Agreement (permissive variant),e90cc00c-92d4-11e9-908a-000d3a74c7de,panthera onca,seq:bol-019-d0065-42,val,2b8e5d969d9001e8925943ba0e7ab6cd8775376c34edd710d02833fdfb837f41,1,2048,1536,false
dataset_rural/images/train/jaguar_e979b470-92d4-11e9-af97-000d3a74c7de.jpg,dataset_rural/labels/train/jaguar_e979b470-92d4-11e9-af97-000d3a74c7de.txt,2,jaguar,WCS Camera Traps,https://storage.googleapis.com/public-datasets-lila/wcs-unzipped/animals/0094/1288.jpg,LILA 2022-02-05 species bbox export,Community Data License Agreement (permissive variant),e979b470-92d4-11e9-af97-000d3a74c7de,panthera onca,seq:bol-019-d0067-36,train,b0fc5cae068be8760a5b1bef17dd1086615b87dc7494c7f7402e0364b1fa93cd,1,2048,1536,false
dataset_rural/images/val/jaguar_e979da5b-92d4-11e9-b811-000d3a74c7de.jpg,dataset_rural/labels/val/jaguar_e979da5b-92d4-11e9-b811-000d3a74c7de.txt,2,jaguar,WCS Camera Traps,https://storage.googleapis.com/public-datasets-lila/wcs-unzipped/animals/0094/1292.jpg,LILA 2022-02-05 species bbox export,Community Data License Agreement (permissive variant),e979da5b-92d4-11e9-b811-000d3a74c7de,panthera onca,seq:bol-019-d0068-38,val,72b73f39f29304e4bb986fe9c5f2971e3daca32b4080ac2cd60363ca8ba4d7c9,1,2048,1536,false
dataset_rural/images/train/jaguar_e97f8142-92d4-11e9-b76f-000d3a74c7de.jpg,dataset_rural/labels/train/jaguar_e97f8142-92d4-11e9-b76f-000d3a74c7de.txt,2,jaguar,WCS Camera Traps,https://storage.googleapis.com/public-datasets-lila/wcs-unzipped/animals/0094/1420.jpg,LILA 2022-02-05 species bbox export,Community Data License Agreement (permissive variant),e97f8142-92d4-11e9-b76f-000d3a74c7de,panthera onca,seq:bol-019-d0058-13,train,6903b14320d65e709eebbda2ca6c6211d2aabfa2c7a6fcdc340c1e68e61b75c4,1,2048,1536,false
dataset_rural/images/test/jaguar_e996d7e6-92d4-11e9-a787-000d3a74c7de.jpg,dataset_rural/labels/test/jaguar_e996d7e6-92d4-11e9-a787-000d3a74c7de.txt,2,jaguar,WCS Camera Traps,https://storage.googleapis.com/public-datasets-lila/wcs-unzipped/animals/0094/1912.jpg,LILA 2022-02-05 species bbox export,Community Data License Agreement (permissive variant),e996d7e6-92d4-11e9-a787-000d3a74c7de,panthera onca,seq:bol-019-d0074-5,test,b27eaee382435759be35e524e71fdfe7f87c8b96a8fe36f29bcb265df1851e9f,1,1920,1080,false
dataset_rural/images/test/jaguar_e9c86ed6-92d4-11e9-b0c0-000d3a74c7de.jpg,dataset_rural/labels/test/jaguar_e9c86ed6-92d4-11e9-b0c0-000d3a74c7de.txt,2,jaguar,WCS Camera Traps,https://storage.googleapis.com/public-datasets-lila/wcs-unzipped/animals/0095/0986.jpg,LILA 2022-02-05 species bbox export,Community Data License Agreement (permissive variant),e9c86ed6-92d4-11e9-b0c0-000d3a74c7de,panthera onca,seq:bol-019-d0077-64,test,2f3500034113c13cdb1c77dc0a6236ecc9e28281e5a145c062da1236cd644b71,1,2048,1536,false
dataset_rural/images/val/jaguar_e9ddf2f9-92d4-11e9-8622-000d3a74c7de.jpg,dataset_rural/labels/val/jaguar_e9ddf2f9-92d4-11e9-8622-000d3a74c7de.txt,2,jaguar,WCS Camera Traps,https://storage.googleapis.com/public-datasets-lila/wcs-unzipped/animals/0095/1466.jpg,LILA 2022-02-05 species bbox export,Community Data License Agreement (permissive variant),e9ddf2f9-92d4-11e9-8622-000d3a74c7de,panthera onca,seq:bol-019-d0066-39,val,9fdb11b83f5f4a1ca621fa3232a155472ba660e6e7e501bf886f051dcfe85369,1,2048,1536,false
dataset_rural/images/val/jaguar_e9de1a50-92d4-11e9-836b-000d3a74c7de.jpg,dataset_rural/labels/val/jaguar_e9de1a50-92d4-11e9-836b-000d3a74c7de.txt,2,jaguar,WCS Camera Traps,https://storage.googleapis.com/public-datasets-lila/wcs-unzipped/animals/0095/1467.jpg,LILA 2022-02-05 species bbox export,Community Data License Agreement (permissive variant),e9de1a50-92d4-11e9-836b-000d3a74c7de,panthera onca,seq:bol-019-d0066-39,val,4aef439d5011befbed2fdd312f269493d169f2ca9c16e555801c6a2ac96cd422,1,2048,1536,false
dataset_rural/images/train/jaguar_e9de8f48-92d4-11e9-aabd-000d3a74c7de.jpg,dataset_rural/labels/train/jaguar_e9de8f48-92d4-11e9-aabd-000d3a74c7de.txt,2,jaguar,WCS Camera Traps,https://storage.googleapis.com/public-datasets-lila/wcs-unzipped/animals/0095/1477.jpg,LILA 2022-02-05 species bbox export,Community Data License Agreement (permissive variant),e9de8f48-92d4-11e9-aabd-000d3a74c7de,panthera onca,seq:bol-019-d0065-43,train,0d9cca237761ea39ffb43cb1f92bd856473f6a9a5622e1969a6df788265da612,1,2048,1536,false
dataset_rural/images/test/jaguar_ea094896-92d4-11e9-91d3-000d3a74c7de.jpg,dataset_rural/labels/test/jaguar_ea094896-92d4-11e9-91d3-000d3a74c7de.txt,2,jaguar,WCS Camera Traps,https://storage.googleapis.com/public-datasets-lila/wcs-unzipped/animals/0096/0407.jpg,LILA 2022-02-05 species bbox export,Community Data License Agreement (permissive variant),ea094896-92d4-11e9-91d3-000d3a74c7de,panthera onca,seq:bol-019-d0068-40,test,5a122ed49d01244426cda15af75ff15f551c8d45576236ad6b48471cd526e398,1,2048,1536,false
dataset_rural/images/train/jaguar_ea1cac18-92d4-11e9-9c36-000d3a74c7de.jpg,dataset_rural/labels/train/jaguar_ea1cac18-92d4-11e9-9c36-000d3a74c7de.txt,2,jaguar,WCS Camera Traps,https://storage.googleapis.com/public-datasets-lila/wcs-unzipped/animals/0096/0835.jpg,LILA 2022-02-05 species bbox export,Community Data License Agreement (permissive variant),ea1cac18-92d4-11e9-9c36-000d3a74c7de,panthera onca,seq:bol-019-d0060-384,train,4882081c5ff5ce830c7ca0f8b93614bd6075875644973b7c9be759dfc7ac6e69,1,1920,1080,false
dataset_rural/images/val/jaguar_eaa58884-92d4-11e9-9587-000d3a74c7de.jpg,dataset_rural/labels/val/jaguar_eaa58884-92d4-11e9-9587-000d3a74c7de.txt,2,jaguar,WCS Camera Traps,https://storage.googleapis.com/public-datasets-lila/wcs-unzipped/animals/0097/1852.jpg,LILA 2022-02-05 species bbox export,Community Data License Agreement (permissive variant),eaa58884-92d4-11e9-9587-000d3a74c7de,panthera onca,seq:bol-019-d0028-12,val,13e1db6620815fa056cb247606438064a163655ec816b252e26c965b65f18639,1,2048,1536,false
dataset_rural/images/val/jaguar_eaa5fffe-92d4-11e9-adc5-000d3a74c7de.jpg,dataset_rural/labels/val/jaguar_eaa5fffe-92d4-11e9-adc5-000d3a74c7de.txt,2,jaguar,WCS Camera Traps,https://storage.googleapis.com/public-datasets-lila/wcs-unzipped/animals/0097/1862.jpg,LILA 2022-02-05 species bbox export,Community Data License Agreement (permissive variant),eaa5fffe-92d4-11e9-adc5-000d3a74c7de,panthera onca,seq:bol-019-d0029-3,val,1fe8a37719707561994b6a52fb8ce3fae4cd203038a6d8021a2a38dc2266813b,1,2048,1536,false
dataset_rural/images/train/jaguar_eb3126a8-92d4-11e9-a01d-000d3a74c7de.jpg,dataset_rural/labels/train/jaguar_eb3126a8-92d4-11e9-a01d-000d3a74c7de.txt,2,jaguar,WCS Camera Traps,https://storage.googleapis.com/public-datasets-lila/wcs-unzipped/animals/0099/0919.jpg,LILA 2022-02-05 species bbox export,Community Data License Agreement (permissive variant),eb3126a8-92d4-11e9-a01d-000d3a74c7de,panthera onca,seq:bol-019-d0042-11,train,999093372285e82eee400121c9586b6ed4106da4d639bb19659dbef0d29c1ecd,1,1920,1080,false
dataset_rural/images/train/jaguar_eb85883c-92d4-11e9-b38d-000d3a74c7de.jpg,dataset_rural/labels/train/jaguar_eb85883c-92d4-11e9-b38d-000d3a74c7de.txt,2,jaguar,WCS Camera Traps,https://storage.googleapis.com/public-datasets-lila/wcs-unzipped/animals/0100/0767.jpg,LILA 2022-02-05 species bbox export,Community Data License Agreement (permissive variant),eb85883c-92d4-11e9-b38d-000d3a74c7de,panthera onca,seq:bol-019-d0028-13,train,ae3e61ae75722829afbbe881838a6672ec9e8ba344d82ac403eb57c3a4c6f12f,1,2048,1536,false
dataset_rural/images/train/jaguar_eb85883e-92d4-11e9-b6a2-000d3a74c7de.jpg,dataset_rural/labels/train/jaguar_eb85883e-92d4-11e9-b6a2-000d3a74c7de.txt,2,jaguar,WCS Camera Traps,https://storage.googleapis.com/public-datasets-lila/wcs-unzipped/animals/0100/0768.jpg,LILA 2022-02-05 species bbox export,Community Data License Agreement (permissive variant),eb85883e-92d4-11e9-b6a2-000d3a74c7de,panthera onca,seq:bol-019-d0028-13,train,9668db50b273b94b9d7a77b806e0cf95c433cd4fe9b99dc83e8e633f25abfec1,1,2048,1536,false
dataset_rural/images/train/jaguar_eba8a0d2-92d4-11e9-abb0-000d3a74c7de.jpg,dataset_rural/labels/train/jaguar_eba8a0d2-92d4-11e9-abb0-000d3a74c7de.txt,2,jaguar,WCS Camera Traps,https://storage.googleapis.com/public-datasets-lila/wcs-unzipped/animals/0100/1549.jpg,LILA 2022-02-05 species bbox export,Community Data License Agreement (permissive variant),eba8a0d2-92d4-11e9-abb0-000d3a74c7de,panthera onca,seq:bol-019-d0039-20,train,ba5a9dc131c8ec1a9e0d9fb6624255fa29807d69412a4e1bf5c6acfec9952e9c,1,2048,1536,false
dataset_rural/images/train/jaguar_ec498eb3-92d4-11e9-9808-000d3a74c7de.jpg,dataset_rural/labels/train/jaguar_ec498eb3-92d4-11e9-9808-000d3a74c7de.txt,2,jaguar,WCS Camera Traps,https://storage.googleapis.com/public-datasets-lila/wcs-unzipped/animals/0102/0999.jpg,LILA 2022-02-05 species bbox export,Community Data License Agreement (permissive variant),ec498eb3-92d4-11e9-9808-000d3a74c7de,panthera onca,seq:bol-019-d0067-59,train,6227f37ff70444ed10f00cf3405d2c1336c4e54aea172dd74ccd3ddc7e7afb33,1,2048,1536,false
dataset_rural/images/test/jaguar_ec4a2442-92d4-11e9-8a93-000d3a74c7de.jpg,dataset_rural/labels/test/jaguar_ec4a2442-92d4-11e9-8a93-000d3a74c7de.txt,2,jaguar,WCS Camera Traps,https://storage.googleapis.com/public-datasets-lila/wcs-unzipped/animals/0102/1009.jpg,LILA 2022-02-05 species bbox export,Community Data License Agreement (permissive variant),ec4a2442-92d4-11e9-8a93-000d3a74c7de,panthera onca,seq:bol-019-d0068-57,test,6feae445da3d8bb5e4d43825bfaa652b7cb973edae6e0888bce9e724c0833f0e,1,2048,1536,false
dataset_rural/images/train/jaguar_ed3b9dc4-92d4-11e9-85af-000d3a74c7de.jpg,dataset_rural/labels/train/jaguar_ed3b9dc4-92d4-11e9-85af-000d3a74c7de.txt,2,jaguar,WCS Camera Traps,https://storage.googleapis.com/public-datasets-lila/wcs-unzipped/animals/0105/0170.jpg,LILA 2022-02-05 species bbox export,Community Data License Agreement (permissive variant),ed3b9dc4-92d4-11e9-85af-000d3a74c7de,panthera onca,seq:bol-016-d0007-5,train,fe1f47e2e0ad7a01e1766ab820f5ebf596c15b220e2fa02fda70175e81134fb2,1,1920,1080,false
dataset_rural/images/train/jaguar_ed3bc414-92d4-11e9-bc49-000d3a74c7de.jpg,dataset_rural/labels/train/jaguar_ed3bc414-92d4-11e9-bc49-000d3a74c7de.txt,2,jaguar,WCS Camera Traps,https://storage.googleapis.com/public-datasets-lila/wcs-unzipped/animals/0105/0173.jpg,LILA 2022-02-05 species bbox export,Community Data License Agreement (permissive variant),ed3bc414-92d4-11e9-bc49-000d3a74c7de,panthera onca,seq:bol-016-d0007-5,train,96ce4edecbd087f4f89cd1c9df51f26067d2d1fe8c55983366b4fa7fb3a83a90,1,1920,1080,false
dataset_rural/images/train/jaguar_ed3eaa86-92d4-11e9-836c-000d3a74c7de.jpg,dataset_rural/labels/train/jaguar_ed3eaa86-92d4-11e9-836c-000d3a74c7de.txt,2,jaguar,WCS Camera Traps,https://storage.googleapis.com/public-datasets-lila/wcs-unzipped/animals/0105/0240.jpg,LILA 2022-02-05 species bbox export,Community Data License Agreement (permissive variant),ed3eaa86-92d4-11e9-836c-000d3a74c7de,panthera onca,seq:bol-016-d0007-14,train,9c03d072940aaab0747a2b7094f662d1f0a5d3201232fe3f6700bb95961de32a,1,1920,1080,false
dataset_rural/images/train/jaguar_ed4f99e1-92d4-11e9-a14b-000d3a74c7de.jpg,dataset_rural/labels/train/jaguar_ed4f99e1-92d4-11e9-a14b-000d3a74c7de.txt,2,jaguar,WCS Camera Traps,https://storage.googleapis.com/public-datasets-lila/wcs-unzipped/animals/0105/0619.jpg,LILA 2022-02-05 species bbox export,Community Data License Agreement (permissive variant),ed4f99e1-92d4-11e9-a14b-000d3a74c7de,panthera onca,seq:bol-016-d0009-4,train,d28a47a5c946c15d9d1bea49d2634886c17dc0bb84136721cf84819992cb8cad,1,1920,1080,false
dataset_rural/images/train/jaguar_ed520b29-92d4-11e9-8cb7-000d3a74c7de.jpg,dataset_rural/labels/train/jaguar_ed520b29-92d4-11e9-8cb7-000d3a74c7de.txt,2,jaguar,WCS Camera Traps,https://storage.googleapis.com/public-datasets-lila/wcs-unzipped/animals/0105/0674.jpg,LILA 2022-02-05 species bbox export,Community Data License Agreement (permissive variant),ed520b29-92d4-11e9-8cb7-000d3a74c7de,panthera onca,seq:bol-016-d0009-12,train,6e63788fcd15005a64e2f1ed4235a3a03280fef649f328cbc14900c89c392c0c,1,1920,1080,false
dataset_rural/images/val/jaguar_ed5455c0-92d4-11e9-a526-000d3a74c7de.jpg,dataset_rural/labels/val/jaguar_ed5455c0-92d4-11e9-a526-000d3a74c7de.txt,2,jaguar,WCS Camera Traps,https://storage.googleapis.com/public-datasets-lila/wcs-unzipped/animals/0105/0724.jpg,LILA 2022-02-05 species bbox export,Community Data License Agreement (permissive variant),ed5455c0-92d4-11e9-a526-000d3a74c7de,panthera onca,seq:bol-016-d0010-5,val,a0042b0c3fd9c0995dd6a429f275306a2f1ed4b22e9cf8c28263017fa858f33c,1,1920,1080,false
dataset_rural/images/val/jaguar_ed54c9ee-92d4-11e9-af52-000d3a74c7de.jpg,dataset_rural/labels/val/jaguar_ed54c9ee-92d4-11e9-af52-000d3a74c7de.txt,2,jaguar,WCS Camera Traps,https://storage.googleapis.com/public-datasets-lila/wcs-unzipped/animals/0105/0725.jpg,LILA 2022-02-05 species bbox export,Community Data License Agreement (permissive variant),ed54c9ee-92d4-11e9-af52-000d3a74c7de,panthera onca,seq:bol-016-d0010-5,val,12d74f9f9459935f1d96bbc1ed033d367bc9ce80e0007bb68861d61e00f092c1,1,1920,1080,false
dataset_rural/images/train/jaguar_ed58738e-92d4-11e9-8c2a-000d3a74c7de.jpg,dataset_rural/labels/train/jaguar_ed58738e-92d4-11e9-8c2a-000d3a74c7de.txt,2,jaguar,WCS Camera Traps,https://storage.googleapis.com/public-datasets-lila/wcs-unzipped/animals/0105/0809.jpg,LILA 2022-02-05 species bbox export,Community Data License Agreement (permissive variant),ed58738e-92d4-11e9-8c2a-000d3a74c7de,panthera onca,seq:bol-016-d0010-14,train,aae5c81390aca827f29aec47b21bf46fdf09d41956c046ae23a15143ae04cc79,1,1920,1080,false
dataset_rural/images/train/jaguar_edcdcbd0-92d4-11e9-9682-000d3a74c7de.jpg,dataset_rural/labels/train/jaguar_edcdcbd0-92d4-11e9-9682-000d3a74c7de.txt,2,jaguar,WCS Camera Traps,https://storage.googleapis.com/public-datasets-lila/wcs-unzipped/animals/0106/1357.jpg,LILA 2022-02-05 species bbox export,Community Data License Agreement (permissive variant),edcdcbd0-92d4-11e9-9682-000d3a74c7de,panthera onca,seq:bol-016-d0014-49,train,388132b8b3d59a1ed1ba9703143863fbb125ad1407649d8dde3633246c372401,1,1920,1080,false
dataset_rural/images/train/jaguar_ede0b694-92d4-11e9-8b26-000d3a74c7de.jpg,dataset_rural/labels/train/jaguar_ede0b694-92d4-11e9-8b26-000d3a74c7de.txt,2,jaguar,WCS Camera Traps,https://storage.googleapis.com/public-datasets-lila/wcs-unzipped/animals/0106/1765.jpg,LILA 2022-02-05 species bbox export,Community Data License Agreement (permissive variant),ede0b694-92d4-11e9-8b26-000d3a74c7de,panthera onca,seq:bol-016-d0017-4,train,c0cc443a97492970433ec67d9bf3496315cd5f5ffb930e7839a20335b60b4d1d,1,1920,1080,false
dataset_rural/images/train/jaguar_ee02715e-92d4-11e9-9726-000d3a74c7de.jpg,dataset_rural/labels/train/jaguar_ee02715e-92d4-11e9-9726-000d3a74c7de.txt,2,jaguar,WCS Camera Traps,https://storage.googleapis.com/public-datasets-lila/wcs-unzipped/animals/0107/0516.jpg,LILA 2022-02-05 species bbox export,Community Data License Agreement (permissive variant),ee02715e-92d4-11e9-9726-000d3a74c7de,panthera onca,seq:bol-016-d0019-2,train,5ca09110bf031fc9a02a193316df0b7a8bcd30be2e5aaf1e58ab3d8e445d0819,1,1920,1080,false
dataset_rural/images/train/jaguar_ee02964d-92d4-11e9-b422-000d3a74c7de.jpg,dataset_rural/labels/train/jaguar_ee02964d-92d4-11e9-b422-000d3a74c7de.txt,2,jaguar,WCS Camera Traps,https://storage.googleapis.com/public-datasets-lila/wcs-unzipped/animals/0107/0519.jpg,LILA 2022-02-05 species bbox export,Community Data License Agreement (permissive variant),ee02964d-92d4-11e9-b422-000d3a74c7de,panthera onca,seq:bol-016-d0019-2,train,dfc191b6211427b576922f90d3e352792607a8e1e9a10e1b75ee056e140b4e26,1,1920,1080,false
dataset_rural/images/train/jaguar_ee02e48d-92d4-11e9-885f-000d3a74c7de.jpg,dataset_rural/labels/train/jaguar_ee02e48d-92d4-11e9-885f-000d3a74c7de.txt,2,jaguar,WCS Camera Traps,https://storage.googleapis.com/public-datasets-lila/wcs-unzipped/animals/0107/0524.jpg,LILA 2022-02-05 species bbox export,Community Data License Agreement (permissive variant),ee02e48d-92d4-11e9-885f-000d3a74c7de,panthera onca,seq:bol-016-d0019-3,train,379c18bf2207ecbd6dc67717a1e246dba95e6f90179b5d36d9f39bb2c7cc8698,1,1920,1080,false
dataset_rural/images/test/jaguar_ee05cb8f-92d4-11e9-9ba0-000d3a74c7de.jpg,dataset_rural/labels/test/jaguar_ee05cb8f-92d4-11e9-9ba0-000d3a74c7de.txt,2,jaguar,WCS Camera Traps,https://storage.googleapis.com/public-datasets-lila/wcs-unzipped/animals/0107/0594.jpg,LILA 2022-02-05 species bbox export,Community Data License Agreement (permissive variant),ee05cb8f-92d4-11e9-9ba0-000d3a74c7de,panthera onca,seq:bol-016-d0019-11,test,eb37ce85e5519ccbd8b33707c096d1d02134e5bc4188b88fc66068265f16ee64,1,1920,1080,false
dataset_rural/images/test/jaguar_ee061986-92d4-11e9-99ac-000d3a74c7de.jpg,dataset_rural/labels/test/jaguar_ee061986-92d4-11e9-99ac-000d3a74c7de.txt,2,jaguar,WCS Camera Traps,https://storage.googleapis.com/public-datasets-lila/wcs-unzipped/animals/0107/0601.jpg,LILA 2022-02-05 species bbox export,Community Data License Agreement (permissive variant),ee061986-92d4-11e9-99ac-000d3a74c7de,panthera onca,seq:bol-016-d0019-11,test,9efc55971a8274b8368d5c1ac6198609bb0230c6e3e36c4745af4296725b6f86,1,1920,1080,false
dataset_rural/images/train/jaguar_ee09c4ea-92d4-11e9-9a9c-000d3a74c7de.jpg,dataset_rural/labels/train/jaguar_ee09c4ea-92d4-11e9-9a9c-000d3a74c7de.txt,2,jaguar,WCS Camera Traps,https://storage.googleapis.com/public-datasets-lila/wcs-unzipped/animals/0107/0684.jpg,LILA 2022-02-05 species bbox export,Community Data License Agreement (permissive variant),ee09c4ea-92d4-11e9-9a9c-000d3a74c7de,panthera onca,seq:bol-016-d0020-8,train,f75236afc811d1db492f772acb634069f2aecaa33c03f527287805041e51d4ed,1,1920,1080,false
dataset_rural/images/train/jaguar_ee0aad58-92d4-11e9-9025-000d3a74c7de.jpg,dataset_rural/labels/train/jaguar_ee0aad58-92d4-11e9-9025-000d3a74c7de.txt,2,jaguar,WCS Camera Traps,https://storage.googleapis.com/public-datasets-lila/wcs-unzipped/animals/0107/0707.jpg,LILA 2022-02-05 species bbox export,Community Data License Agreement (permissive variant),ee0aad58-92d4-11e9-9025-000d3a74c7de,panthera onca,seq:bol-016-d0020-10,train,062579aa4141e4a30676364e42a61cab4f9ea1a67fd06aa9c03932b8f8dbd87b,1,1920,1080,false
dataset_rural/images/train/jaguar_ee11b1ca-92d4-11e9-8e0a-000d3a74c7de.jpg,dataset_rural/labels/train/jaguar_ee11b1ca-92d4-11e9-8e0a-000d3a74c7de.txt,2,jaguar,WCS Camera Traps,https://storage.googleapis.com/public-datasets-lila/wcs-unzipped/animals/0107/0852.jpg,LILA 2022-02-05 species bbox export,Community Data License Agreement (permissive variant),ee11b1ca-92d4-11e9-8e0a-000d3a74c7de,panthera onca,seq:bol-016-d0021-3,train,fba2b9e920cc15457b0ff21fb447627498087ce57b5265a9cea9b5b8cd1eda19,1,1920,1080,false
dataset_rural/images/train/jaguar_ee11db02-92d4-11e9-bb5b-000d3a74c7de.jpg,dataset_rural/labels/train/jaguar_ee11db02-92d4-11e9-bb5b-000d3a74c7de.txt,2,jaguar,WCS Camera Traps,https://storage.googleapis.com/public-datasets-lila/wcs-unzipped/animals/0107/0854.jpg,LILA 2022-02-05 species bbox export,Community Data License Agreement (permissive variant),ee11db02-92d4-11e9-bb5b-000d3a74c7de,panthera onca,seq:bol-016-d0021-3,train,c5f5d628bffe9068006d3272939237beb994b7f34515b0d99ff980dd4084bf2e,1,1920,1080,false
dataset_rural/images/val/jaguar_ee1274f0-92d4-11e9-b46b-000d3a74c7de.jpg,dataset_rural/labels/val/jaguar_ee1274f0-92d4-11e9-b46b-000d3a74c7de.txt,2,jaguar,WCS Camera Traps,https://storage.googleapis.com/public-datasets-lila/wcs-unzipped/animals/0107/0868.jpg,LILA 2022-02-05 species bbox export,Community Data License Agreement (permissive variant),ee1274f0-92d4-11e9-b46b-000d3a74c7de,panthera onca,seq:bol-016-d0021-4,val,f33ef0b732d009998b363fdbedeede842569bca4e650d28d5e6bd3634fb12f8e,1,1920,1080,false
dataset_rural/images/train/jaguar_ee12c410-92d4-11e9-a892-000d3a74c7de.jpg,dataset_rural/labels/train/jaguar_ee12c410-92d4-11e9-a892-000d3a74c7de.txt,2,jaguar,WCS Camera Traps,https://storage.googleapis.com/public-datasets-lila/wcs-unzipped/animals/0107/0878.jpg,LILA 2022-02-05 species bbox export,Community Data License Agreement (permissive variant),ee12c410-92d4-11e9-a892-000d3a74c7de,panthera onca,seq:bol-016-d0021-5,train,d36836290f56aff9a90b6cb0c7cf4358ccf9cc080a25bd08cda7250d2c60fd3f,1,1920,1080,false
dataset_rural/images/train/jaguar_ee12ea2a-92d4-11e9-85fe-000d3a74c7de.jpg,dataset_rural/labels/train/jaguar_ee12ea2a-92d4-11e9-85fe-000d3a74c7de.txt,2,jaguar,WCS Camera Traps,https://storage.googleapis.com/public-datasets-lila/wcs-unzipped/animals/0107/0881.jpg,LILA 2022-02-05 species bbox export,Community Data License Agreement (permissive variant),ee12ea2a-92d4-11e9-85fe-000d3a74c7de,panthera onca,seq:bol-016-d0021-5,train,57b4788e297d78ed9a225e0de1f4ed695c7801674983fd2706b14048a1801ef4,1,1920,1080,false
dataset_rural/images/test/jaguar_ee15359e-92d4-11e9-a867-000d3a74c7de.jpg,dataset_rural/labels/test/jaguar_ee15359e-92d4-11e9-a867-000d3a74c7de.txt,2,jaguar,WCS Camera Traps,https://storage.googleapis.com/public-datasets-lila/wcs-unzipped/animals/0107/0932.jpg,LILA 2022-02-05 species bbox export,Community Data License Agreement (permissive variant),ee15359e-92d4-11e9-a867-000d3a74c7de,panthera onca,seq:bol-016-d0021-11,test,96ed83c8b3fd556fb704a5b374badba20ab865ab02b6cbfcba54804dcecb7915,1,1920,1080,false
dataset_rural/images/test/jaguar_ee1535a2-92d4-11e9-88cf-000d3a74c7de.jpg,dataset_rural/labels/test/jaguar_ee1535a2-92d4-11e9-88cf-000d3a74c7de.txt,2,jaguar,WCS Camera Traps,https://storage.googleapis.com/public-datasets-lila/wcs-unzipped/animals/0107/0934.jpg,LILA 2022-02-05 species bbox export,Community Data License Agreement (permissive variant),ee1535a2-92d4-11e9-88cf-000d3a74c7de,panthera onca,seq:bol-016-d0021-11,test,a997042d0c451f87b2400ed03577a4d4cd00e4bcaeb3530db17501b62564d08a,1,1920,1080,false
dataset_rural/images/train/jaguar_ee1d714c-92d4-11e9-9a83-000d3a74c7de.jpg,dataset_rural/labels/train/jaguar_ee1d714c-92d4-11e9-9a83-000d3a74c7de.txt,2,jaguar,WCS Camera Traps,https://storage.googleapis.com/public-datasets-lila/wcs-unzipped/animals/0107/1123.jpg,LILA 2022-02-05 species bbox export,Community Data License Agreement (permissive variant),ee1d714c-92d4-11e9-9a83-000d3a74c7de,panthera onca,seq:bol-016-d0022-3,train,b02b24040542b955d23fabcf7c6da1a7cba5cd747b9dc9cf938aec1af6471e59,1,1920,1080,false
dataset_rural/images/train/jaguar_ee354000-92d4-11e9-865f-000d3a74c7de.jpg,dataset_rural/labels/train/jaguar_ee354000-92d4-11e9-865f-000d3a74c7de.txt,2,jaguar,WCS Camera Traps,https://storage.googleapis.com/public-datasets-lila/wcs-unzipped/animals/0107/1637.jpg,LILA 2022-02-05 species bbox export,Community Data License Agreement (permissive variant),ee354000-92d4-11e9-865f-000d3a74c7de,panthera onca,seq:bol-016-d0023-33,train,c7d42d239c4f68fcf85193cf6d82eae790170299cfda6525e892ad78cfb5a0d2,1,1920,1080,false
dataset_rural/images/train/jaguar_ee71102e-92d4-11e9-b18e-000d3a74c7de.jpg,dataset_rural/labels/train/jaguar_ee71102e-92d4-11e9-b18e-000d3a74c7de.txt,2,jaguar,WCS Camera Traps,https://storage.googleapis.com/public-datasets-lila/wcs-unzipped/animals/0108/0949.jpg,LILA 2022-02-05 species bbox export,Community Data License Agreement (permissive variant),ee71102e-92d4-11e9-b18e-000d3a74c7de,panthera onca,seq:bol-016-d0026-37,train,1b2f52364312ecf7374ad886dfc96573b88243b6f16af10c7dfb0c7a34cba2b8,1,1920,1080,false
dataset_rural/images/train/jaguar_ee7a376a-92d4-11e9-b67e-000d3a74c7de.jpg,dataset_rural/labels/train/jaguar_ee7a376a-92d4-11e9-b67e-000d3a74c7de.txt,2,jaguar,WCS Camera Traps,https://storage.googleapis.com/public-datasets-lila/wcs-unzipped/animals/0108/1140.jpg,LILA 2022-02-05 species bbox export,Community Data License Agreement (permissive variant),ee7a376a-92d4-11e9-b67e-000d3a74c7de,panthera onca,seq:bol-016-d0027-9,train,42297901cfdd66d0f451526bcaaa63b6e31537fdb4271569a5076d7eb5334472,1,1920,1080,false
dataset_rural/images/test/jaguar_ee7e2f02-92d4-11e9-860a-000d3a74c7de.jpg,dataset_rural/labels/test/jaguar_ee7e2f02-92d4-11e9-860a-000d3a74c7de.txt,2,jaguar,WCS Camera Traps,https://storage.googleapis.com/public-datasets-lila/wcs-unzipped/animals/0108/1217.jpg,LILA 2022-02-05 species bbox export,Community Data License Agreement (permissive variant),ee7e2f02-92d4-11e9-860a-000d3a74c7de,panthera onca,seq:bol-016-d0027-19,test,7be1136c13abf985b51e69db7046489382fc8a15bf3f20285f2d03cf191a0258,1,1920,1080,false
dataset_rural/images/train/jaguar_ee97f85f-92d4-11e9-8744-000d3a74c7de.jpg,dataset_rural/labels/train/jaguar_ee97f85f-92d4-11e9-8744-000d3a74c7de.txt,2,jaguar,WCS Camera Traps,https://storage.googleapis.com/public-datasets-lila/wcs-unzipped/animals/0108/1745.jpg,LILA 2022-02-05 species bbox export,Community Data License Agreement (permissive variant),ee97f85f-92d4-11e9-8744-000d3a74c7de,panthera onca,seq:bol-016-d0029-14,train,6f3013ea142edcd2003be0b2c28965451250fc75ffd63cfdf572a8b489546622,1,1920,1080,false
dataset_rural/images/train/jaguar_eea58da6-92d4-11e9-86f5-000d3a74c7de.jpg,dataset_rural/labels/train/jaguar_eea58da6-92d4-11e9-86f5-000d3a74c7de.txt,2,jaguar,WCS Camera Traps,https://storage.googleapis.com/public-datasets-lila/wcs-unzipped/animals/0109/0038.jpg,LILA 2022-02-05 species bbox export,Community Data License Agreement (permissive variant),eea58da6-92d4-11e9-86f5-000d3a74c7de,panthera onca,seq:bol-016-d0029-47,train,2505775c0f615212f732d59cc6f0e5487f5d9fadbd2d3044c64bd474e514e52c,1,1920,1080,false
dataset_rural/images/train/jaguar_eeaa47e8-92d4-11e9-9c76-000d3a74c7de.jpg,dataset_rural/labels/train/jaguar_eeaa47e8-92d4-11e9-9c76-000d3a74c7de.txt,2,jaguar,WCS Camera Traps,https://storage.googleapis.com/public-datasets-lila/wcs-unzipped/animals/0109/0144.jpg,LILA 2022-02-05 species bbox export,Community Data License Agreement (permissive variant),eeaa47e8-92d4-11e9-9c76-000d3a74c7de,panthera onca,seq:bol-016-d0029-58,train,745da3109e5371ae6c02c8e2d65986ab8d8b855cbed81905e1436d24b9557fac,1,1920,1080,false
dataset_rural/images/test/jaguar_eebd5b2d-92d4-11e9-81c1-000d3a74c7de.jpg,dataset_rural/labels/test/jaguar_eebd5b2d-92d4-11e9-81c1-000d3a74c7de.txt,2,jaguar,WCS Camera Traps,https://storage.googleapis.com/public-datasets-lila/wcs-unzipped/animals/0109/0539.jpg,LILA 2022-02-05 species bbox export,Community Data License Agreement (permissive variant),eebd5b2d-92d4-11e9-81c1-000d3a74c7de,panthera onca,seq:bol-016-d0030-39,test,94e09a2c6f3b30c278dd1661a33154306ca2a6151344f48b115ab316fc03c7ec,1,1920,1080,false
dataset_rural/images/test/jaguar_eebd822e-92d4-11e9-8fd8-000d3a74c7de.jpg,dataset_rural/labels/test/jaguar_eebd822e-92d4-11e9-8fd8-000d3a74c7de.txt,2,jaguar,WCS Camera Traps,https://storage.googleapis.com/public-datasets-lila/wcs-unzipped/animals/0109/0542.jpg,LILA 2022-02-05 species bbox export,Community Data License Agreement (permissive variant),eebd822e-92d4-11e9-8fd8-000d3a74c7de,panthera onca,seq:bol-016-d0030-39,test,5509336400d109064cab22c8ef97ff1c845477adc898fb89c7514feb4ba5b559,1,1920,1080,false
dataset_rural/images/train/jaguar_eec39cfc-92d4-11e9-9908-000d3a74c7de.jpg,dataset_rural/labels/train/jaguar_eec39cfc-92d4-11e9-9908-000d3a74c7de.txt,2,jaguar,WCS Camera Traps,https://storage.googleapis.com/public-datasets-lila/wcs-unzipped/animals/0109/0686.jpg,LILA 2022-02-05 species bbox export,Community Data License Agreement (permissive variant),eec39cfc-92d4-11e9-9908-000d3a74c7de,panthera onca,seq:bol-016-d0031-4,train,db02a619d95921521b7cbb3bf150031649c92f53035e40ce272763133aae77cf,1,1920,1080,false
dataset_rural/images/test/jaguar_eec438e5-92d4-11e9-b4da-000d3a74c7de.jpg,dataset_rural/labels/test/jaguar_eec438e5-92d4-11e9-b4da-000d3a74c7de.txt,2,jaguar,WCS Camera Traps,https://storage.googleapis.com/public-datasets-lila/wcs-unzipped/animals/0109/0699.jpg,LILA 2022-02-05 species bbox export,Community Data License Agreement (permissive variant),eec438e5-92d4-11e9-b4da-000d3a74c7de,panthera onca,seq:bol-016-d0031-5,test,54fc59482739e669ee98c9c4ed52b81d25c0a9c4063661a4774733ba8402bf82,1,1920,1080,false
dataset_rural/images/train/jaguar_eec571da-92d4-11e9-b197-000d3a74c7de.jpg,dataset_rural/labels/train/jaguar_eec571da-92d4-11e9-b197-000d3a74c7de.txt,2,jaguar,WCS Camera Traps,https://storage.googleapis.com/public-datasets-lila/wcs-unzipped/animals/0109/0726.jpg,LILA 2022-02-05 species bbox export,Community Data License Agreement (permissive variant),eec571da-92d4-11e9-b197-000d3a74c7de,panthera onca,seq:bol-016-d0031-10,train,ceee02d576b402497e1e739b59d148e57135aabacd223a4f98b845b458231c11,1,1920,1080,false
dataset_rural/images/train/jaguar_eec571dc-92d4-11e9-a2e4-000d3a74c7de.jpg,dataset_rural/labels/train/jaguar_eec571dc-92d4-11e9-a2e4-000d3a74c7de.txt,2,jaguar,WCS Camera Traps,https://storage.googleapis.com/public-datasets-lila/wcs-unzipped/animals/0109/0727.jpg,LILA 2022-02-05 species bbox export,Community Data License Agreement (permissive variant),eec571dc-92d4-11e9-a2e4-000d3a74c7de,panthera onca,seq:bol-016-d0031-10,train,29f86a0c3562975a6a737d55c34bfec3a8726b1bb9df66b073fff6b4c6aefe3a,1,1920,1080,false
dataset_rural/images/train/jaguar_eec794f2-92d4-11e9-b312-000d3a74c7de.jpg,dataset_rural/labels/train/jaguar_eec794f2-92d4-11e9-b312-000d3a74c7de.txt,2,jaguar,WCS Camera Traps,https://storage.googleapis.com/public-datasets-lila/wcs-unzipped/animals/0109/0776.jpg,LILA 2022-02-05 species bbox export,Community Data License Agreement (permissive variant),eec794f2-92d4-11e9-b312-000d3a74c7de,panthera onca,seq:bol-016-d0031-15,train,9b244902416f61a877342eccb12718e423046bb6ce9f42e5b7f3c21d3911580e,1,1920,1080,false
dataset_rural/images/train/jaguar_eeca7a26-92d4-11e9-99e7-000d3a74c7de.jpg,dataset_rural/labels/train/jaguar_eeca7a26-92d4-11e9-99e7-000d3a74c7de.txt,2,jaguar,WCS Camera Traps,https://storage.googleapis.com/public-datasets-lila/wcs-unzipped/animals/0109/0827.jpg,LILA 2022-02-05 species bbox export,Community Data License Agreement (permissive variant),eeca7a26-92d4-11e9-99e7-000d3a74c7de,panthera onca,seq:bol-016-d0031-20,train,b5f82da1e3031623f1e1a4ed927c717fee9f20bd57a63e50b37c07547b243722,1,1920,1080,false
dataset_rural/images/train/jaguar_eecac83a-92d4-11e9-8209-000d3a74c7de.jpg,dataset_rural/labels/train/jaguar_eecac83a-92d4-11e9-8209-000d3a74c7de.txt,2,jaguar,WCS Camera Traps,https://storage.googleapis.com/public-datasets-lila/wcs-unzipped/animals/0109/0836.jpg,LILA 2022-02-05 species bbox export,Community Data License Agreement (permissive variant),eecac83a-92d4-11e9-8209-000d3a74c7de,panthera onca,seq:bol-016-d0031-21,train,965b9d3139cc9ab79a0e3795d560c5afe8ceda1439118f37277b422c94d04eb6,1,1920,1080,false
dataset_rural/images/train/jaguar_eecaef7f-92d4-11e9-95c6-000d3a74c7de.jpg,dataset_rural/labels/train/jaguar_eecaef7f-92d4-11e9-95c6-000d3a74c7de.txt,2,jaguar,WCS Camera Traps,https://storage.googleapis.com/public-datasets-lila/wcs-unzipped/animals/0109/0838.jpg,LILA 2022-02-05 species bbox export,Community Data License Agreement (permissive variant),eecaef7f-92d4-11e9-95c6-000d3a74c7de,panthera onca,seq:bol-016-d0031-21,train,528901620561fbfe3629d2b1189d7b8fed887aefbefc1bcc22b25223bd98a509,1,1920,1080,false
dataset_rural/images/train/jaguar_eecbb2cc-92d4-11e9-9e72-000d3a74c7de.jpg,dataset_rural/labels/train/jaguar_eecbb2cc-92d4-11e9-9e72-000d3a74c7de.txt,2,jaguar,WCS Camera Traps,https://storage.googleapis.com/public-datasets-lila/wcs-unzipped/animals/0109/0855.jpg,LILA 2022-02-05 species bbox export,Community Data License Agreement (permissive variant),eecbb2cc-92d4-11e9-9e72-000d3a74c7de,panthera onca,seq:bol-016-d0031-24,train,af7ce191aff1ffc6b174a5ac19c3666f60e1cd2acfcdc9778e2a0bb0be249a04,1,1920,1080,false
dataset_rural/images/train/jaguar_eecbda7d-92d4-11e9-874d-000d3a74c7de.jpg,dataset_rural/labels/train/jaguar_eecbda7d-92d4-11e9-874d-000d3a74c7de.txt,2,jaguar,WCS Camera Traps,https://storage.googleapis.com/public-datasets-lila/wcs-unzipped/animals/0109/0860.jpg,LILA 2022-02-05 species bbox export,Community Data License Agreement (permissive variant),eecbda7d-92d4-11e9-874d-000d3a74c7de,panthera onca,seq:bol-016-d0031-24,train,736ff63b1c2b217c692199a791a87b9ea143111be4a4b482413d715e5d9950bf,1,1920,1080,false
dataset_rural/images/train/jaguar_eed01f5a-92d4-11e9-87e1-000d3a74c7de.jpg,dataset_rural/labels/train/jaguar_eed01f5a-92d4-11e9-87e1-000d3a74c7de.txt,2,jaguar,WCS Camera Traps,https://storage.googleapis.com/public-datasets-lila/wcs-unzipped/animals/0109/0958.jpg,LILA 2022-02-05 species bbox export,Community Data License Agreement (permissive variant),eed01f5a-92d4-11e9-87e1-000d3a74c7de,panthera onca,seq:bol-016-d0032-11,train,fb3696f7bb7bb68a270cc1909bf6617c1860b14d34f5f7b7947bc3d618730a25,1,1920,1080,false
dataset_rural/images/train/jaguar_eefefa70-92d4-11e9-9e9c-000d3a74c7de.jpg,dataset_rural/labels/train/jaguar_eefefa70-92d4-11e9-9e9c-000d3a74c7de.txt,2,jaguar,WCS Camera Traps,https://storage.googleapis.com/public-datasets-lila/wcs-unzipped/animals/0109/1995.jpg,LILA 2022-02-05 species bbox export,Community Data License Agreement (permissive variant),eefefa70-92d4-11e9-9e9c-000d3a74c7de,panthera onca,seq:bol-016-d0033-92,train,b825bdf22089ecf8a8b06a27b980d14e77c7786bdab13afc66ca46c2a8fd2fa6,1,1920,1080,false
dataset_rural/images/train/jaguar_ef50c128-92d4-11e9-ad64-000d3a74c7de.jpg,dataset_rural/labels/train/jaguar_ef50c128-92d4-11e9-ad64-000d3a74c7de.txt,2,jaguar,WCS Camera Traps,https://storage.googleapis.com/public-datasets-lila/wcs-unzipped/animals/0110/1765.jpg,LILA 2022-02-05 species bbox export,Community Data License Agreement (permissive variant),ef50c128-92d4-11e9-ad64-000d3a74c7de,panthera onca,seq:bol-016-d0036-2,train,2bad72dea283e6841d15ffbb19e48cf9369ea42f87cedb21350d33afc0afb105,1,1920,1080,false
dataset_rural/images/train/jaguar_ef70a552-92d4-11e9-85d0-000d3a74c7de.jpg,dataset_rural/labels/train/jaguar_ef70a552-92d4-11e9-85d0-000d3a74c7de.txt,2,jaguar,WCS Camera Traps,https://storage.googleapis.com/public-datasets-lila/wcs-unzipped/animals/0111/0457.jpg,LILA 2022-02-05 species bbox export,Community Data License Agreement (permissive variant),ef70a552-92d4-11e9-85d0-000d3a74c7de,panthera onca,seq:bol-016-d0038-8,train,8e1083408f9f552c69d707022e19305769c7340c1264d5ef25e11092e388fb2d,1,1920,1080,false
dataset_rural/images/train/jaguar_ef70f43e-92d4-11e9-8479-000d3a74c7de.jpg,dataset_rural/labels/train/jaguar_ef70f43e-92d4-11e9-8479-000d3a74c7de.txt,2,jaguar,WCS Camera Traps,https://storage.googleapis.com/public-datasets-lila/wcs-unzipped/animals/0111/0463.jpg,LILA 2022-02-05 species bbox export,Community Data License Agreement (permissive variant),ef70f43e-92d4-11e9-8479-000d3a74c7de,panthera onca,seq:bol-016-d0038-8,train,10ba950795ec3d2c8e8178f9acc172ed9f408ff49472b57efcf65a59f829a1bd,1,1920,1080,false
dataset_rural/images/train/jaguar_ef858cf2-92d4-11e9-b676-000d3a74c7de.jpg,dataset_rural/labels/train/jaguar_ef858cf2-92d4-11e9-b676-000d3a74c7de.txt,2,jaguar,WCS Camera Traps,https://storage.googleapis.com/public-datasets-lila/wcs-unzipped/animals/0111/0910.jpg,LILA 2022-02-05 species bbox export,Community Data License Agreement (permissive variant),ef858cf2-92d4-11e9-b676-000d3a74c7de,panthera onca,seq:bol-016-d0039-22,train,1cd8a6a17704f4177a9d9e4f6b4bcd8cfef4b45f062b3c1de9bbc98358d27d10,1,1920,1080,false
dataset_rural/images/train/jaguar_ef88c1f6-92d4-11e9-9aff-000d3a74c7de.jpg,dataset_rural/labels/train/jaguar_ef88c1f6-92d4-11e9-9aff-000d3a74c7de.txt,2,jaguar,WCS Camera Traps,https://storage.googleapis.com/public-datasets-lila/wcs-unzipped/animals/0111/0980.jpg,LILA 2022-02-05 species bbox export,Community Data License Agreement (permissive variant),ef88c1f6-92d4-11e9-9aff-000d3a74c7de,panthera onca,seq:bol-016-d0039-30,train,e34a3de5598600c81d16247d71a1aa98e6da944d69024d7b37cbbdc339b402a8,1,1920,1080,false
dataset_rural/images/train/jaguar_ef88e8e0-92d4-11e9-a71c-000d3a74c7de.jpg,dataset_rural/labels/train/jaguar_ef88e8e0-92d4-11e9-a71c-000d3a74c7de.txt,2,jaguar,WCS Camera Traps,https://storage.googleapis.com/public-datasets-lila/wcs-unzipped/animals/0111/0986.jpg,LILA 2022-02-05 species bbox export,Community Data License Agreement (permissive variant),ef88e8e0-92d4-11e9-a71c-000d3a74c7de,panthera onca,seq:bol-016-d0039-31,train,d6376d1e7c105094680819f6e932b9fd4ce7bffaf3869a613f4d6904601cb111,1,1920,1080,false
dataset_rural/images/train/jaguar_ef890f51-92d4-11e9-9ce9-000d3a74c7de.jpg,dataset_rural/labels/train/jaguar_ef890f51-92d4-11e9-9ce9-000d3a74c7de.txt,2,jaguar,WCS Camera Traps,https://storage.googleapis.com/public-datasets-lila/wcs-unzipped/animals/0111/0990.jpg,LILA 2022-02-05 species bbox export,Community Data License Agreement (permissive variant),ef890f51-92d4-11e9-9ce9-000d3a74c7de,panthera onca,seq:bol-016-d0039-31,train,462050292df32b35cd89b2e69d12157b41d2aaaba7db4e44f899ec8826a8f9a0,1,1920,1080,false
dataset_rural/images/train/jaguar_efc6b490-92d4-11e9-b3ac-000d3a74c7de.jpg,dataset_rural/labels/train/jaguar_efc6b490-92d4-11e9-b3ac-000d3a74c7de.txt,2,jaguar,WCS Camera Traps,https://storage.googleapis.com/public-datasets-lila/wcs-unzipped/animals/0112/0268.jpg,LILA 2022-02-05 species bbox export,Community Data License Agreement (permissive variant),efc6b490-92d4-11e9-b3ac-000d3a74c7de,panthera onca,seq:bol-016-d0042-9,train,979c22f808a320025a1023f8b40f6a3b228da1024d235eee757d116207d1ed40,1,1920,1080,false
dataset_rural/images/train/jaguar_efcd6c23-92d4-11e9-9ffa-000d3a74c7de.jpg,dataset_rural/labels/train/jaguar_efcd6c23-92d4-11e9-9ffa-000d3a74c7de.txt,2,jaguar,WCS Camera Traps,https://storage.googleapis.com/public-datasets-lila/wcs-unzipped/animals/0112/0414.jpg,LILA 2022-02-05 species bbox export,Community Data License Agreement (permissive variant),efcd6c23-92d4-11e9-9ffa-000d3a74c7de,panthera onca,seq:bol-016-d0042-25,train,eea88fff11d343b9bcfdd5506662e1441ea8f3b1d2ba8c4e1f1d55461a9a807f,1,1920,1080,false
dataset_rural/images/train/jaguar_efcd9254-92d4-11e9-8d86-000d3a74c7de.jpg,dataset_rural/labels/train/jaguar_efcd9254-92d4-11e9-8d86-000d3a74c7de.txt,2,jaguar,WCS Camera Traps,https://storage.googleapis.com/public-datasets-lila/wcs-unzipped/animals/0112/0416.jpg,LILA 2022-02-05 species bbox export,Community Data License Agreement (permissive variant),efcd9254-92d4-11e9-8d86-000d3a74c7de,panthera onca,seq:bol-016-d0042-25,train,52ddd3cf8b6f6b32690c512cc7f86b98d19eb8ba2a2249476fc746d1ea45dd4b,1,1920,1080,false
dataset_rural/images/train/jaguar_efd02a60-92d4-11e9-b67a-000d3a74c7de.jpg,dataset_rural/labels/train/jaguar_efd02a60-92d4-11e9-b67a-000d3a74c7de.txt,2,jaguar,WCS Camera Traps,https://storage.googleapis.com/public-datasets-lila/wcs-unzipped/animals/0112/0477.jpg,LILA 2022-02-05 species bbox export,Community Data License Agreement (permissive variant),efd02a60-92d4-11e9-b67a-000d3a74c7de,panthera onca,seq:bol-016-d0043-6,train,1b535ddc21f6eb4b9b065305f2538d961af7910fa19a83df30ebda7bbb24b2d0,1,1920,1080,false
dataset_rural/images/train/jaguar_efd3acde-92d4-11e9-9799-000d3a74c7de.jpg,dataset_rural/labels/train/jaguar_efd3acde-92d4-11e9-9799-000d3a74c7de.txt,2,jaguar,WCS Camera Traps,https://storage.googleapis.com/public-datasets-lila/wcs-unzipped/animals/0112/0545.jpg,LILA 2022-02-05 species bbox export,Community Data License Agreement (permissive variant),efd3acde-92d4-11e9-9799-000d3a74c7de,panthera onca,seq:bol-016-d0043-14,train,7f5cadbf1093c13659d22479e68176241e406ddd6434a35c9feb5ca94fc257e7,1,1920,1080,false
dataset_rural/images/train/jaguar_efd50c63-92d4-11e9-a4d6-000d3a74c7de.jpg,dataset_rural/labels/train/jaguar_efd50c63-92d4-11e9-a4d6-000d3a74c7de.txt,2,jaguar,WCS Camera Traps,https://storage.googleapis.com/public-datasets-lila/wcs-unzipped/animals/0112/0574.jpg,LILA 2022-02-05 species bbox export,Community Data License Agreement (permissive variant),efd50c63-92d4-11e9-a4d6-000d3a74c7de,panthera onca,seq:bol-016-d0043-17,train,3e421aeffc409b6a627b718bcfa49a7b40f1dca81910c9eba71e96df185cecb1,1,1920,1080,false
dataset_rural/images/train/jaguar_f0570ed0-92d4-11e9-b9c2-000d3a74c7de.jpg,dataset_rural/labels/train/jaguar_f0570ed0-92d4-11e9-b9c2-000d3a74c7de.txt,2,jaguar,WCS Camera Traps,https://storage.googleapis.com/public-datasets-lila/wcs-unzipped/animals/0113/1398.jpg,LILA 2022-02-05 species bbox export,Community Data License Agreement (permissive variant),f0570ed0-92d4-11e9-b9c2-000d3a74c7de,panthera onca,seq:bol-016-d0047-54,train,a2c265eff02da1a7e7e5d46d9c64e2cea946b884d1824cff5ee37bb3f7ca0ea4,1,1920,1080,false
dataset_rural/images/train/jaguar_f0719cfd-92d4-11e9-a62a-000d3a74c7de.jpg,dataset_rural/labels/train/jaguar_f0719cfd-92d4-11e9-a62a-000d3a74c7de.txt,2,jaguar,WCS Camera Traps,https://storage.googleapis.com/public-datasets-lila/wcs-unzipped/animals/0113/1958.jpg,LILA 2022-02-05 species bbox export,Community Data License Agreement (permissive variant),f0719cfd-92d4-11e9-a62a-000d3a74c7de,panthera onca,seq:bol-016-d0048-53,train,7bc54bcdc1236d079fe23cd15f6ff989fe0c258d10d77a439bbf36fdf06372e7,1,1920,1080,false
dataset_rural/images/train/jaguar_f0e87816-92d4-11e9-8b9f-000d3a74c7de.jpg,dataset_rural/labels/train/jaguar_f0e87816-92d4-11e9-8b9f-000d3a74c7de.txt,2,jaguar,WCS Camera Traps,https://storage.googleapis.com/public-datasets-lila/wcs-unzipped/animals/0115/0536.jpg,LILA 2022-02-05 species bbox export,Community Data License Agreement (permissive variant),f0e87816-92d4-11e9-8b9f-000d3a74c7de,panthera onca,seq:bol-016-d0053-4,train,846bae7575f09312c2e5788c7af0c5d62290298744086f20266d5bd62a97a1d3,1,1920,1080,false
dataset_rural/images/train/jaguar_f0ea25e8-92d4-11e9-94bd-000d3a74c7de.jpg,dataset_rural/labels/train/jaguar_f0ea25e8-92d4-11e9-94bd-000d3a74c7de.txt,2,jaguar,WCS Camera Traps,https://storage.googleapis.com/public-datasets-lila/wcs-unzipped/animals/0115/0562.jpg,LILA 2022-02-05 species bbox export,Community Data License Agreement (permissive variant),f0ea25e8-92d4-11e9-94bd-000d3a74c7de,panthera onca,seq:bol-016-d0053-7,train,a6d7c7f6cb49ec729d15a926aa681ba64f807c6c54c187291a47e6b8a10ccf51,1,1920,1080,false
dataset_rural/images/val/jaguar_f0ec48fc-92d4-11e9-8d72-000d3a74c7de.jpg,dataset_rural/labels/val/jaguar_f0ec48fc-92d4-11e9-8d72-000d3a74c7de.txt,2,jaguar,WCS Camera Traps,https://storage.googleapis.com/public-datasets-lila/wcs-unzipped/animals/0115/0612.jpg,LILA 2022-02-05 species bbox export,Community Data License Agreement (permissive variant),f0ec48fc-92d4-11e9-8d72-000d3a74c7de,panthera onca,seq:bol-016-d0053-12,val,be695daa8d6226a984266d62c46065fba0e8a5f0c2e561c7f4708c9bbc8ac383,1,1920,1080,false
dataset_rural/images/test/jaguar_f0ed5b0d-92d4-11e9-b906-000d3a74c7de.jpg,dataset_rural/labels/test/jaguar_f0ed5b0d-92d4-11e9-b906-000d3a74c7de.txt,2,jaguar,WCS Camera Traps,https://storage.googleapis.com/public-datasets-lila/wcs-unzipped/animals/0115/0635.jpg,LILA 2022-02-05 species bbox export,Community Data License Agreement (permissive variant),f0ed5b0d-92d4-11e9-b906-000d3a74c7de,panthera onca,seq:bol-016-d0053-14,test,77bbf71f12cddfcaa6cfa4b02f21b00fe523437db4b5f98086c100cb49b7f0c0,1,1920,1080,false
dataset_rural/images/train/jaguar_f0eda83b-92d4-11e9-8eab-000d3a74c7de.jpg,dataset_rural/labels/train/jaguar_f0eda83b-92d4-11e9-8eab-000d3a74c7de.txt,2,jaguar,WCS Camera Traps,https://storage.googleapis.com/public-datasets-lila/wcs-unzipped/animals/0115/0642.jpg,LILA 2022-02-05 species bbox export,Community Data License Agreement (permissive variant),f0eda83b-92d4-11e9-8eab-000d3a74c7de,panthera onca,seq:bol-016-d0053-15,train,70f810cb432c70a2192c575922c606150c21cde8d91bc4b476bd571d8edcef18,1,1920,1080,false
dataset_rural/images/train/jaguar_f0eda83f-92d4-11e9-ace1-000d3a74c7de.jpg,dataset_rural/labels/train/jaguar_f0eda83f-92d4-11e9-ace1-000d3a74c7de.txt,2,jaguar,WCS Camera Traps,https://storage.googleapis.com/public-datasets-lila/wcs-unzipped/animals/0115/0644.jpg,LILA 2022-02-05 species bbox export,Community Data License Agreement (permissive variant),f0eda83f-92d4-11e9-ace1-000d3a74c7de,panthera onca,seq:bol-016-d0053-15,train,486a7c2b4520e14759ca9808d65ffebae6d494f69dcaea46ef9d6e15155c2493,1,1920,1080,false
dataset_rural/images/train/jaguar_f0ee92f1-92d4-11e9-9576-000d3a74c7de.jpg,dataset_rural/labels/train/jaguar_f0ee92f1-92d4-11e9-9576-000d3a74c7de.txt,2,jaguar,WCS Camera Traps,https://storage.googleapis.com/public-datasets-lila/wcs-unzipped/animals/0115/0664.jpg,LILA 2022-02-05 species bbox export,Community Data License Agreement (permissive variant),f0ee92f1-92d4-11e9-9576-000d3a74c7de,panthera onca,seq:bol-016-d0053-17,train,13cd9831b918faf22d1f6b85e19b312134e80c2287e8409ae24b2c1467aa6834,1,1920,1080,false
dataset_rural/images/val/jaguar_f0ef2f03-92d4-11e9-b927-000d3a74c7de.jpg,dataset_rural/labels/val/jaguar_f0ef2f03-92d4-11e9-b927-000d3a74c7de.txt,2,jaguar,WCS Camera Traps,https://storage.googleapis.com/public-datasets-lila/wcs-unzipped/animals/0115/0678.jpg,LILA 2022-02-05 species bbox export,Community Data License Agreement (permissive variant),f0ef2f03-92d4-11e9-b927-000d3a74c7de,panthera onca,seq:bol-016-d0053-19,val,e21af634a712d79673cbfbfa2f2af37fb9a06657cfd8fe1c853a16fcd5a15451,1,1920,1080,false
dataset_rural/images/train/jaguar_f0f45f28-92d4-11e9-8aa5-000d3a74c7de.jpg,dataset_rural/labels/train/jaguar_f0f45f28-92d4-11e9-8aa5-000d3a74c7de.txt,2,jaguar,WCS Camera Traps,https://storage.googleapis.com/public-datasets-lila/wcs-unzipped/animals/0115/0794.jpg,LILA 2022-02-05 species bbox export,Community Data License Agreement (permissive variant),f0f45f28-92d4-11e9-8aa5-000d3a74c7de,panthera onca,seq:bol-016-d0053-34,train,71e240fbe78328fd127316d453f568ada92e1052ce1a1084079a7eea26eb4bdf,1,1920,1080,false
dataset_rural/images/train/jaguar_f0f48632-92d4-11e9-99ca-000d3a74c7de.jpg,dataset_rural/labels/train/jaguar_f0f48632-92d4-11e9-99ca-000d3a74c7de.txt,2,jaguar,WCS Camera Traps,https://storage.googleapis.com/public-datasets-lila/wcs-unzipped/animals/0115/0800.jpg,LILA 2022-02-05 species bbox export,Community Data License Agreement (permissive variant),f0f48632-92d4-11e9-99ca-000d3a74c7de,panthera onca,seq:bol-016-d0053-34,train,4c4c3fb5209ae5e8e44ea32d5d52a63f09402c8a4faeceb919167312fdc9fa22,1,1920,1080,false
dataset_rural/images/val/jaguar_f0f6a91d-92d4-11e9-9e5a-000d3a74c7de.jpg,dataset_rural/labels/val/jaguar_f0f6a91d-92d4-11e9-9e5a-000d3a74c7de.txt,2,jaguar,WCS Camera Traps,https://storage.googleapis.com/public-datasets-lila/wcs-unzipped/animals/0115/0846.jpg,LILA 2022-02-05 species bbox export,Community Data License Agreement (permissive variant),f0f6a91d-92d4-11e9-9e5a-000d3a74c7de,panthera onca,seq:bol-016-d0054-3,val,03f952c9e1fc223207cf57512e0350a290d74bb37085fc636326641201c58c64,1,1920,1080,false
dataset_rural/images/train/jaguar_f0fb644a-92d4-11e9-8b41-000d3a74c7de.jpg,dataset_rural/labels/train/jaguar_f0fb644a-92d4-11e9-8b41-000d3a74c7de.txt,2,jaguar,WCS Camera Traps,https://storage.googleapis.com/public-datasets-lila/wcs-unzipped/animals/0115/0942.jpg,LILA 2022-02-05 species bbox export,Community Data License Agreement (permissive variant),f0fb644a-92d4-11e9-8b41-000d3a74c7de,panthera onca,seq:bol-016-d0054-15,train,fff37270e9df4a042331aadc29d7c4ef4dfff5e46fe305d569807123e881eee3,1,1920,1080,false
dataset_rural/images/train/jaguar_f0fc2890-92d4-11e9-b21d-000d3a74c7de.jpg,dataset_rural/labels/train/jaguar_f0fc2890-92d4-11e9-b21d-000d3a74c7de.txt,2,jaguar,WCS Camera Traps,https://storage.googleapis.com/public-datasets-lila/wcs-unzipped/animals/0115/0959.jpg,LILA 2022-02-05 species bbox export,Community Data License Agreement (permissive variant),f0fc2890-92d4-11e9-b21d-000d3a74c7de,panthera onca,seq:bol-016-d0054-17,train,9c0e68939ec572a165e8bec6c1c07642baa02081fec13b4956e3bf0451c8d78b,1,1920,1080,false
dataset_rural/images/train/jaguar_f0fc75e8-92d4-11e9-9f61-000d3a74c7de.jpg,dataset_rural/labels/train/jaguar_f0fc75e8-92d4-11e9-9f61-000d3a74c7de.txt,2,jaguar,WCS Camera Traps,https://storage.googleapis.com/public-datasets-lila/wcs-unzipped/animals/0115/0967.jpg,LILA 2022-02-05 species bbox export,Community Data License Agreement (permissive variant),f0fc75e8-92d4-11e9-9f61-000d3a74c7de,panthera onca,seq:bol-016-d0054-18,train,0c9c9e034d2c1caa9e09f338c6d96f712176f89628dd6c327e997ff9782ea44a,1,1920,1080,false
dataset_rural/images/train/jaguar_f0fcea94-92d4-11e9-a69a-000d3a74c7de.jpg,dataset_rural/labels/train/jaguar_f0fcea94-92d4-11e9-a69a-000d3a74c7de.txt,2,jaguar,WCS Camera Traps,https://storage.googleapis.com/public-datasets-lila/wcs-unzipped/animals/0115/0978.jpg,LILA 2022-02-05 species bbox export,Community Data License Agreement (permissive variant),f0fcea94-92d4-11e9-a69a-000d3a74c7de,panthera onca,seq:bol-016-d0054-19,train,5b54369d61c4d6f0ffa4c8a792a97faa2e8caa86b56296b48367c8df4891b2f1,1,1920,1080,false
dataset_rural/images/test/jaguar_f0fd86ec-92d4-11e9-ad9f-000d3a74c7de.jpg,dataset_rural/labels/test/jaguar_f0fd86ec-92d4-11e9-ad9f-000d3a74c7de.txt,2,jaguar,WCS Camera Traps,https://storage.googleapis.com/public-datasets-lila/wcs-unzipped/animals/0115/0991.jpg,LILA 2022-02-05 species bbox export,Community Data License Agreement (permissive variant),f0fd86ec-92d4-11e9-ad9f-000d3a74c7de,panthera onca,seq:bol-016-d0054-20,test,cef8c99f3b8fb2ecd2c054eee5ad1d707e044f5aafb1c404e15a51f57e7b8b71,1,1920,1080,false
dataset_rural/images/test/jaguar_f0fdafc3-92d4-11e9-9aa2-000d3a74c7de.jpg,dataset_rural/labels/test/jaguar_f0fdafc3-92d4-11e9-9aa2-000d3a74c7de.txt,2,jaguar,WCS Camera Traps,https://storage.googleapis.com/public-datasets-lila/wcs-unzipped/animals/0115/0996.jpg,LILA 2022-02-05 species bbox export,Community Data License Agreement (permissive variant),f0fdafc3-92d4-11e9-9aa2-000d3a74c7de,panthera onca,seq:bol-016-d0054-20,test,e744cdcf01b33c81b2035130d3aa56ac3204a0010c2445bd930a52383e0831de,1,1920,1080,false
dataset_rural/images/test/jaguar_f0febfad-92d4-11e9-ad90-000d3a74c7de.jpg,dataset_rural/labels/test/jaguar_f0febfad-92d4-11e9-ad90-000d3a74c7de.txt,2,jaguar,WCS Camera Traps,https://storage.googleapis.com/public-datasets-lila/wcs-unzipped/animals/0115/1022.jpg,LILA 2022-02-05 species bbox export,Community Data License Agreement (permissive variant),f0febfad-92d4-11e9-ad90-000d3a74c7de,panthera onca,seq:bol-016-d0054-24,test,8b97cf343ca01a2f85ec8cd25202d1b51e68ce3d55829a50e3ace99ee9d5291c,1,1920,1080,false
dataset_rural/images/train/jaguar_f0ffac52-92d4-11e9-9377-000d3a74c7de.jpg,dataset_rural/labels/train/jaguar_f0ffac52-92d4-11e9-9377-000d3a74c7de.txt,2,jaguar,WCS Camera Traps,https://storage.googleapis.com/public-datasets-lila/wcs-unzipped/animals/0115/1044.jpg,LILA 2022-02-05 species bbox export,Community Data License Agreement (permissive variant),f0ffac52-92d4-11e9-9377-000d3a74c7de,panthera onca,seq:bol-016-d0054-26,train,1eb1a277254c0d420d2bda729733d8a3624cf753f96b71cf6ac10cfb4f029c48,1,1920,1080,false
dataset_rural/images/train/jaguar_f1001ee8-92d4-11e9-83eb-000d3a74c7de.jpg,dataset_rural/labels/train/jaguar_f1001ee8-92d4-11e9-83eb-000d3a74c7de.txt,2,jaguar,WCS Camera Traps,https://storage.googleapis.com/public-datasets-lila/wcs-unzipped/animals/0115/1053.jpg,LILA 2022-02-05 species bbox export,Community Data License Agreement (permissive variant),f1001ee8-92d4-11e9-83eb-000d3a74c7de,panthera onca,seq:bol-016-d0054-27,train,d9361ba93d9fbf9a08c8d47d2ce6035e3239a3b952611c9f3819ca4d0f1b1522,1,1920,1080,false
dataset_rural/images/train/jaguar_f10723b9-92d4-11e9-b621-000d3a74c7de.jpg,dataset_rural/labels/train/jaguar_f10723b9-92d4-11e9-b621-000d3a74c7de.txt,2,jaguar,WCS Camera Traps,https://storage.googleapis.com/public-datasets-lila/wcs-unzipped/animals/0115/1218.jpg,LILA 2022-02-05 species bbox export,Community Data License Agreement (permissive variant),f10723b9-92d4-11e9-b621-000d3a74c7de,panthera onca,seq:bol-016-d0054-46,train,d2c44d26c095f5c33b197e56e3f00d38ce6cc2f5c447638d5f450b670df499d0,1,1920,1080,false
dataset_rural/images/train/jaguar_f165974c-92d4-11e9-ad09-000d3a74c7de.jpg,dataset_rural/labels/train/jaguar_f165974c-92d4-11e9-ad09-000d3a74c7de.txt,2,jaguar,WCS Camera Traps,https://storage.googleapis.com/public-datasets-lila/wcs-unzipped/animals/0116/1271.jpg,LILA 2022-02-05 species bbox export,Community Data License Agreement (permissive variant),f165974c-92d4-11e9-ad09-000d3a74c7de,panthera onca,seq:bol-016-d0057-86,train,7c96ca8eaf382d79d251e4c317520f420c2a2c9e3d6c02dad4e4584dc22157f5,1,1920,1080,false
dataset_rural/images/val/jaguar_f16633bb-92d4-11e9-aa80-000d3a74c7de.jpg,dataset_rural/labels/val/jaguar_f16633bb-92d4-11e9-aa80-000d3a74c7de.txt,2,jaguar,WCS Camera Traps,https://storage.googleapis.com/public-datasets-lila/wcs-unzipped/animals/0116/1284.jpg,LILA 2022-02-05 species bbox export,Community Data License Agreement (permissive variant),f16633bb-92d4-11e9-aa80-000d3a74c7de,panthera onca,seq:bol-016-d0057-88,val,557781d9501d09bd243e70e0478c84a35e7296f90bdbab90001863182352b3c8,1,1920,1080,false
dataset_rural/images/train/jaguar_f1c25dc0-92d4-11e9-b6cc-000d3a74c7de.jpg,dataset_rural/labels/train/jaguar_f1c25dc0-92d4-11e9-b6cc-000d3a74c7de.txt,2,jaguar,WCS Camera Traps,https://storage.googleapis.com/public-datasets-lila/wcs-unzipped/animals/0117/1250.jpg,LILA 2022-02-05 species bbox export,Community Data License Agreement (permissive variant),f1c25dc0-92d4-11e9-b6cc-000d3a74c7de,panthera onca,seq:bol-016-d0061-30,train,d52f4afa5f6c237513961297af7328f6f50c105531cfcd2de62f074b3d4556e4,1,1920,1080,false
dataset_rural/images/train/jaguar_f1e6fea7-92d4-11e9-bdf1-000d3a74c7de.jpg,dataset_rural/labels/train/jaguar_f1e6fea7-92d4-11e9-bdf1-000d3a74c7de.txt,2,jaguar,WCS Camera Traps,https://storage.googleapis.com/public-datasets-lila/wcs-unzipped/animals/0118/0071.jpg,LILA 2022-02-05 species bbox export,Community Data License Agreement (permissive variant),f1e6fea7-92d4-11e9-bdf1-000d3a74c7de,panthera onca,seq:bol-016-d0063-48,train,45ee31db970c0ef1a9d48ade817f814209f6a218315e67f6caad385b9ab2cebe,1,1920,1080,false
dataset_rural/images/train/jaguar_f1e8faa2-92d4-11e9-808e-000d3a74c7de.jpg,dataset_rural/labels/train/jaguar_f1e8faa2-92d4-11e9-808e-000d3a74c7de.txt,2,jaguar,WCS Camera Traps,https://storage.googleapis.com/public-datasets-lila/wcs-unzipped/animals/0118/0117.jpg,LILA 2022-02-05 species bbox export,Community Data License Agreement (permissive variant),f1e8faa2-92d4-11e9-808e-000d3a74c7de,panthera onca,seq:bol-016-d0063-54,train,e9e8be551dc9f2d79728e6febb13032f221af21dc7f9fa84eb3247254b9fafd0,1,1920,1080,false
dataset_rural/images/train/jaguar_f27b76aa-92d4-11e9-8ca1-000d3a74c7de.jpg,dataset_rural/labels/train/jaguar_f27b76aa-92d4-11e9-8ca1-000d3a74c7de.txt,2,jaguar,WCS Camera Traps,https://storage.googleapis.com/public-datasets-lila/wcs-unzipped/animals/0119/1280.jpg,LILA 2022-02-05 species bbox export,Community Data License Agreement (permissive variant),f27b76aa-92d4-11e9-8ca1-000d3a74c7de,panthera onca,seq:bol-016-d0068-69,train,4b567644e32032257236a6e0e1eb75463e3c69c3b838336af5be9cfc9dee5f9f,1,1920,1080,false
dataset_rural/images/train/jaguar_f27f4588-92d4-11e9-b655-000d3a74c7de.jpg,dataset_rural/labels/train/jaguar_f27f4588-92d4-11e9-b655-000d3a74c7de.txt,2,jaguar,WCS Camera Traps,https://storage.googleapis.com/public-datasets-lila/wcs-unzipped/animals/0119/1354.jpg,LILA 2022-02-05 species bbox export,Community Data License Agreement (permissive variant),f27f4588-92d4-11e9-b655-000d3a74c7de,panthera onca,seq:bol-016-d0068-77,train,69f68f7b62551ed06669fe343c3c45890e3190fa544d5bd243f556f954197040,1,1920,1080,false
dataset_rural/images/train/jaguar_f28056ba-92d4-11e9-9e07-000d3a74c7de.jpg,dataset_rural/labels/train/jaguar_f28056ba-92d4-11e9-9e07-000d3a74c7de.txt,2,jaguar,WCS Camera Traps,https://storage.googleapis.com/public-datasets-lila/wcs-unzipped/animals/0119/1378.jpg,LILA 2022-02-05 species bbox export,Community Data License Agreement (permissive variant),f28056ba-92d4-11e9-9e07-000d3a74c7de,panthera onca,seq:bol-016-d0068-79,train,1a2a5a8343d547d912fd0f834d01d21d4eeec6bbbcbbbea24d81c6652f960701,1,1920,1080,false
dataset_rural/images/train/jaguar_f36b7964-92d4-11e9-b9bd-000d3a74c7de.jpg,dataset_rural/labels/train/jaguar_f36b7964-92d4-11e9-b9bd-000d3a74c7de.txt,2,jaguar,WCS Camera Traps,https://storage.googleapis.com/public-datasets-lila/wcs-unzipped/animals/0122/0461.jpg,LILA 2022-02-05 species bbox export,Community Data License Agreement (permissive variant),f36b7964-92d4-11e9-b9bd-000d3a74c7de,panthera onca,seq:bol-016-d0077-11,train,c77a1bb5c7bc927e9abc24cfcf96a15956b3cdb7922f3136758b5acbc1bf2e1e,1,1920,1080,false
dataset_rural/images/train/jaguar_f36d0006-92d4-11e9-9ee8-000d3a74c7de.jpg,dataset_rural/labels/train/jaguar_f36d0006-92d4-11e9-9ee8-000d3a74c7de.txt,2,jaguar,WCS Camera Traps,https://storage.googleapis.com/public-datasets-lila/wcs-unzipped/animals/0122/0492.jpg,LILA 2022-02-05 species bbox export,Community Data License Agreement (permissive variant),f36d0006-92d4-11e9-9ee8-000d3a74c7de,panthera onca,seq:bol-016-d0077-15,train,98799a368f5260be0e12dab3737a1ef40246e2bfde578a788bdb09e8f9851b1b,1,1920,1080,false
dataset_rural/images/val/jaguar_f36eadb8-92d4-11e9-8da1-000d3a74c7de.jpg,dataset_rural/labels/val/jaguar_f36eadb8-92d4-11e9-8da1-000d3a74c7de.txt,2,jaguar,WCS Camera Traps,https://storage.googleapis.com/public-datasets-lila/wcs-unzipped/animals/0122/0532.jpg,LILA 2022-02-05 species bbox export,Community Data License Agreement (permissive variant),f36eadb8-92d4-11e9-8da1-000d3a74c7de,panthera onca,seq:bol-016-d0077-20,val,5906a5619f84605db9e2923f88c6c6bd61c6003a920dbaf30a277d635de5fe44,1,1920,1080,false
dataset_rural/images/val/jaguar_f3745304-92d4-11e9-b38f-000d3a74c7de.jpg,dataset_rural/labels/val/jaguar_f3745304-92d4-11e9-b38f-000d3a74c7de.txt,2,jaguar,WCS Camera Traps,https://storage.googleapis.com/public-datasets-lila/wcs-unzipped/animals/0122/0646.jpg,LILA 2022-02-05 species bbox export,Community Data License Agreement (permissive variant),f3745304-92d4-11e9-b38f-000d3a74c7de,panthera onca,seq:bol-016-d0078-6,val,448ad82ca0e43822c4023941fa7920238f11bdaf0029e1f0c35ddf7b2602c1ef,1,1920,1080,false
dataset_rural/images/test/jaguar_f3747a1b-92d4-11e9-8d5d-000d3a74c7de.jpg,dataset_rural/labels/test/jaguar_f3747a1b-92d4-11e9-8d5d-000d3a74c7de.txt,2,jaguar,WCS Camera Traps,https://storage.googleapis.com/public-datasets-lila/wcs-unzipped/animals/0122/0649.jpg,LILA 2022-02-05 species bbox export,Community Data License Agreement (permissive variant),f3747a1b-92d4-11e9-8d5d-000d3a74c7de,panthera onca,seq:bol-016-d0078-8,test,87808628e494b22cf185e21ebd8eb14f1f8a5ba2c641df95dcfe2b3627f6d3be,1,1920,1080,false
dataset_rural/images/test/jaguar_f37600ae-92d4-11e9-9eb0-000d3a74c7de.jpg,dataset_rural/labels/test/jaguar_f37600ae-92d4-11e9-9eb0-000d3a74c7de.txt,2,jaguar,WCS Camera Traps,https://storage.googleapis.com/public-datasets-lila/wcs-unzipped/animals/0122/0682.jpg,LILA 2022-02-05 species bbox export,Community Data License Agreement (permissive variant),f37600ae-92d4-11e9-9eb0-000d3a74c7de,panthera onca,seq:bol-016-d0078-12,test,931f00e39eaa73ada97ed9be7feb7a042f41081f245cc75f8a54ef5a2671d5e7,1,1920,1080,false
dataset_rural/images/train/jaguar_f3cd9694-92d4-11e9-bcaa-000d3a74c7de.jpg,dataset_rural/labels/train/jaguar_f3cd9694-92d4-11e9-bcaa-000d3a74c7de.txt,2,jaguar,WCS Camera Traps,https://storage.googleapis.com/public-datasets-lila/wcs-unzipped/animals/0123/0579.jpg,LILA 2022-02-05 species bbox export,Community Data License Agreement (permissive variant),f3cd9694-92d4-11e9-bcaa-000d3a74c7de,panthera onca,seq:bol-016-d0083-5,train,bb4cb6d96ddace0dd1d2400b68e2bb7efc869e73e5d6aa4640ce507c70ddde46,1,1920,1080,false
dataset_rural/images/train/jaguar_f3cdbda6-92d4-11e9-8656-000d3a74c7de.jpg,dataset_rural/labels/train/jaguar_f3cdbda6-92d4-11e9-8656-000d3a74c7de.txt,2,jaguar,WCS Camera Traps,https://storage.googleapis.com/public-datasets-lila/wcs-unzipped/animals/0123/0581.jpg,LILA 2022-02-05 species bbox export,Community Data License Agreement (permissive variant),f3cdbda6-92d4-11e9-8656-000d3a74c7de,panthera onca,seq:bol-016-d0083-7,train,3dcdd4201d19c293b965b4d50883a54645b27f1debc6527ffb8469b9e16e4feb,1,1920,1080,false
dataset_rural/images/train/jaguar_f3e675c8-92d4-11e9-be42-000d3a74c7de.jpg,dataset_rural/labels/train/jaguar_f3e675c8-92d4-11e9-be42-000d3a74c7de.txt,2,jaguar,WCS Camera Traps,https://storage.googleapis.com/public-datasets-lila/wcs-unzipped/animals/0123/1124.jpg,LILA 2022-02-05 species bbox export,Community Data License Agreement (permissive variant),f3e675c8-92d4-11e9-be42-000d3a74c7de,panthera onca,seq:bol-015-d0001-57,train,43dd9c3bb36bd0daa52fccd4ca46c815c3cb413e650f2704cfa8b155d923ca29,1,2048,1536,false
dataset_rural/images/train/jaguar_f55bb0a8-92d4-11e9-9236-000d3a74c7de.jpg,dataset_rural/labels/train/jaguar_f55bb0a8-92d4-11e9-9236-000d3a74c7de.txt,2,jaguar,WCS Camera Traps,https://storage.googleapis.com/public-datasets-lila/wcs-unzipped/animals/0127/1173.jpg,LILA 2022-02-05 species bbox export,Community Data License Agreement (permissive variant),f55bb0a8-92d4-11e9-9236-000d3a74c7de,panthera onca,seq:bol-015-d0009-49,train,84991d9cb0648ca276eeae12a72cd6a4a1eed874c23a993ff555f2ef564b0a95,1,2048,1536,false
dataset_rural/images/train/jaguar_f5b123a8-92d4-11e9-b4cd-000d3a74c7de.jpg,dataset_rural/labels/train/jaguar_f5b123a8-92d4-11e9-b4cd-000d3a74c7de.txt,2,jaguar,WCS Camera Traps,https://storage.googleapis.com/public-datasets-lila/wcs-unzipped/animals/0128/0986.jpg,LILA 2022-02-05 species bbox export,Community Data License Agreement (permissive variant),f5b123a8-92d4-11e9-b4cd-000d3a74c7de,panthera onca,seq:bol-015-d0009-264,train,493aef921ab24ddb5a87ba8a62f4433df6b6e868b5b24ee1a4e2b846c597fdbc,1,2048,1536,false
dataset_rural/images/train/jaguar_f5b171cf-92d4-11e9-89be-000d3a74c7de.jpg,dataset_rural/labels/train/jaguar_f5b171cf-92d4-11e9-89be-000d3a74c7de.txt,2,jaguar,WCS Camera Traps,https://storage.googleapis.com/public-datasets-lila/wcs-unzipped/animals/0128/0994.jpg,LILA 2022-02-05 species bbox export,Community Data License Agreement (permissive variant),f5b171cf-92d4-11e9-89be-000d3a74c7de,panthera onca,seq:bol-015-d0009-264,train,0f6d16818dbc5d5b71b046c64e410217546c1e911ee980aa752f73133f48a92b,1,2048,1536,false
dataset_rural/images/train/jaguar_f82a137a-92d4-11e9-b06f-000d3a74c7de.jpg,dataset_rural/labels/train/jaguar_f82a137a-92d4-11e9-b06f-000d3a74c7de.txt,2,jaguar,WCS Camera Traps,https://storage.googleapis.com/public-datasets-lila/wcs-unzipped/animals/0135/0824.jpg,LILA 2022-02-05 species bbox export,Community Data License Agreement (permissive variant),f82a137a-92d4-11e9-b06f-000d3a74c7de,panthera onca,seq:bol-015-d0026-37,train,01461deff046afd58fb828b53783d0b5d041e57bacf0396214dd609e3ff3e5ae,1,2048,1536,false
dataset_rural/images/train/jaguar_f8776fa8-92d4-11e9-b3d6-000d3a74c7de.jpg,dataset_rural/labels/train/jaguar_f8776fa8-92d4-11e9-b3d6-000d3a74c7de.txt,2,jaguar,WCS Camera Traps,https://storage.googleapis.com/public-datasets-lila/wcs-unzipped/animals/0136/0466.jpg,LILA 2022-02-05 species bbox export,Community Data License Agreement (permissive variant),f8776fa8-92d4-11e9-b3d6-000d3a74c7de,panthera onca,seq:bol-015-d0028-51,train,e0d8c75a500d836ab47d7acca6edb21f14269546affbbf47b7a16db675c33502,1,2048,1536,false
dataset_rural/images/train/wild_boar_c7a2835d-8c29-11eb-b0b7-000d3a74c7de.jpg,dataset_rural/labels/train/wild_boar_c7a2835d-8c29-11eb-b0b7-000d3a74c7de.txt,1,wild_boar,SWG Camera Traps 2018-2020,https://storage.googleapis.com/public-datasets-lila/swg-camera-traps/public/lao/loc_0000/2017/10/image_00010.jpg,LILA species bbox export,Community Data License Agreement (permissive variant),c7a2835d-8c29-11eb-b0b7-000d3a74c7de,Eurasian Wild Pig,seq:0a9bb76a-8c2a-11eb-966d-000d3a74c7de,train,f2fe3980ef82a61fc246b64b9b65ab74f5c1e3912924c9e464f8521e2c666180,1,3264,2448,false
dataset_rural/images/train/wild_boar_c7f1231c-8c29-11eb-9933-000d3a74c7de.jpg,dataset_rural/labels/train/wild_boar_c7f1231c-8c29-11eb-9933-000d3a74c7de.txt,1,wild_boar,SWG Camera Traps 2018-2020,https://storage.googleapis.com/public-datasets-lila/swg-camera-traps/public/lao/loc_0008/2017/10/image_00805.jpg,LILA species bbox export,Community Data License Agreement (permissive variant),c7f1231c-8c29-11eb-9933-000d3a74c7de,Eurasian Wild Pig,seq:2db74be3-8c2a-11eb-9d3d-000d3a74c7de,train,67c8dfff8b14b7bcb2e0b6e38bfc19118c110f519693e513131541d1e52e4ecc,2,3264,2448,false
dataset_rural/images/train/wild_boar_c7f1235e-8c29-11eb-aaae-000d3a74c7de.jpg,dataset_rural/labels/train/wild_boar_c7f1235e-8c29-11eb-aaae-000d3a74c7de.txt,1,wild_boar,SWG Camera Traps 2018-2020,https://storage.googleapis.com/public-datasets-lila/swg-camera-traps/public/lao/loc_0008/2017/10/image_00871.jpg,LILA species bbox export,Community Data License Agreement (permissive variant),c7f1235e-8c29-11eb-aaae-000d3a74c7de,Eurasian Wild Pig,seq:2db74bf0-8c2a-11eb-9cd2-000d3a74c7de,train,6a5c770a200ed8066d8293bab4cc1737ae0f4c0546bb796361a053ef61bb04d2,1,3264,2448,false
dataset_rural/images/test/wild_boar_c7f124e5-8c29-11eb-aefa-000d3a74c7de.jpg,dataset_rural/labels/test/wild_boar_c7f124e5-8c29-11eb-aefa-000d3a74c7de.txt,1,wild_boar,SWG Camera Traps 2018-2020,https://storage.googleapis.com/public-datasets-lila/swg-camera-traps/public/lao/loc_0008/2017/10/image_01262.jpg,LILA species bbox export,Community Data License Agreement (permissive variant),c7f124e5-8c29-11eb-aefa-000d3a74c7de,Eurasian Wild Pig,seq:2db74c1f-8c2a-11eb-bb2f-000d3a74c7de,test,94192e4334f103d2ba5733999dbc9352ff3f09519f6310faa2f39fbe239dab07,1,3264,2448,false
dataset_rural/images/train/wild_boar_c7f1263f-8c29-11eb-a2b2-000d3a74c7de.jpg,dataset_rural/labels/train/wild_boar_c7f1263f-8c29-11eb-a2b2-000d3a74c7de.txt,1,wild_boar,SWG Camera Traps 2018-2020,https://storage.googleapis.com/public-datasets-lila/swg-camera-traps/public/lao/loc_0008/2017/11/image_01061.jpg,LILA species bbox export,Community Data License Agreement (permissive variant),c7f1263f-8c29-11eb-a2b2-000d3a74c7de,Eurasian Wild Pig,seq:2db74c73-8c2a-11eb-85f3-000d3a74c7de,train,b3b14336fbdedb661e62c2f800f32231020e7601fcfd2318a2f4471eb01542c0,1,3264,2448,false
dataset_rural/images/train/wild_boar_c7f847e8-8c29-11eb-9384-000d3a74c7de.jpg,dataset_rural/labels/train/wild_boar_c7f847e8-8c29-11eb-9384-000d3a74c7de.txt,1,wild_boar,SWG Camera Traps 2018-2020,https://storage.googleapis.com/public-datasets-lila/swg-camera-traps/public/lao/loc_0011/2017/12/image_00224.jpg,LILA species bbox export,Community Data License Agreement (permissive variant),c7f847e8-8c29-11eb-9384-000d3a74c7de,Eurasian Wild Pig,seq:2e54a791-8c2a-11eb-8d7b-000d3a74c7de,train,ec005c551a190b6f8b428d8e96439188d79b583c4eaf4d6b53e2540e1935ebcb,1,3264,2448,false
dataset_rural/images/train/wild_boar_c7fd0f37-8c29-11eb-81bc-000d3a74c7de.jpg,dataset_rural/labels/train/wild_boar_c7fd0f37-8c29-11eb-81bc-000d3a74c7de.txt,1,wild_boar,SWG Camera Traps 2018-2020,https://storage.googleapis.com/public-datasets-lila/swg-camera-traps/public/lao/loc_0012/2017/11/image_00350.jpg,LILA species bbox export,Community Data License Agreement (permissive variant),c7fd0f37-8c29-11eb-81bc-000d3a74c7de,Eurasian Wild Pig,seq:27836e1f-8c2a-11eb-a258-000d3a74c7de,train,715d1b5b0ab3977d2a3a9fd86c4bac1bd68d6722d04e541ca74f5fc2a1d7a440,1,3264,2448,false
dataset_rural/images/train/wild_boar_c7fd0ffd-8c29-11eb-ad5e-000d3a74c7de.jpg,dataset_rural/labels/train/wild_boar_c7fd0ffd-8c29-11eb-ad5e-000d3a74c7de.txt,1,wild_boar,SWG Camera Traps 2018-2020,https://storage.googleapis.com/public-datasets-lila/swg-camera-traps/public/lao/loc_0012/2018/01/image_00656.jpg,LILA species bbox export,Community Data License Agreement (permissive variant),c7fd0ffd-8c29-11eb-ad5e-000d3a74c7de,Eurasian Wild Pig,seq:27836ebc-8c2a-11eb-8393-000d3a74c7de,train,bb25122de168bf8f9a1d329c7554180b6b7c050bc354bf9951f8597b815e5241,3,3264,2448,false
dataset_rural/images/train/wild_boar_c7fd1024-8c29-11eb-bd10-000d3a74c7de.jpg,dataset_rural/labels/train/wild_boar_c7fd1024-8c29-11eb-bd10-000d3a74c7de.txt,1,wild_boar,SWG Camera Traps 2018-2020,https://storage.googleapis.com/public-datasets-lila/swg-camera-traps/public/lao/loc_0012/2018/01/image_00695.jpg,LILA species bbox export,Community Data License Agreement (permissive variant),c7fd1024-8c29-11eb-bd10-000d3a74c7de,Eurasian Wild Pig,seq:27836ed5-8c2a-11eb-af86-000d3a74c7de,train,3f4c16dbacd6b57251b2405669b73c2bd0055ab609146b9872ba9b89501f5bcd,1,3264,2448,false
dataset_rural/images/train/wild_boar_c8069dd4-8c29-11eb-9692-000d3a74c7de.jpg,dataset_rural/labels/train/wild_boar_c8069dd4-8c29-11eb-9692-000d3a74c7de.txt,1,wild_boar,SWG Camera Traps 2018-2020,https://storage.googleapis.com/public-datasets-lila/swg-camera-traps/public/lao/loc_0014/2017/10/image_00347.jpg,LILA species bbox export,Community Data License Agreement (permissive variant),c8069dd4-8c29-11eb-9692-000d3a74c7de,Eurasian Wild Pig,seq:1be3ec72-8c2a-11eb-9e02-000d3a74c7de,train,45b7c79711bc71224131b426619dfa74d824449fa5aed74c09100b2f9992d06a,1,3264,2448,false
dataset_rural/images/train/wild_boar_c8069de5-8c29-11eb-8945-000d3a74c7de.jpg,dataset_rural/labels/train/wild_boar_c8069de5-8c29-11eb-8945-000d3a74c7de.txt,1,wild_boar,SWG Camera Traps 2018-2020,https://storage.googleapis.com/public-datasets-lila/swg-camera-traps/public/lao/loc_0014/2017/11/image_00163.jpg,LILA species bbox export,Community Data License Agreement (permissive variant),c8069de5-8c29-11eb-8945-000d3a74c7de,Eurasian Wild Pig,seq:1be3ecab-8c2a-11eb-b9ec-000d3a74c7de,train,e3db4ea15268eea6bdc3088aa6fc49e8abd2298959b1db861d20d7f3d1dec4cc,1,3264,2448,false
dataset_rural/images/train/wild_boar_c806a001-8c29-11eb-8510-000d3a74c7de.jpg,dataset_rural/labels/train/wild_boar_c806a001-8c29-11eb-8510-000d3a74c7de.txt,1,wild_boar,SWG Camera Traps 2018-2020,https://storage.googleapis.com/public-datasets-lila/swg-camera-traps/public/lao/loc_0014/2018/04/image_00058.jpg,LILA species bbox export,Community Data License Agreement (permissive variant),c806a001-8c29-11eb-8510-000d3a74c7de,Eurasian Wild Pig,seq:1be3edd1-8c2a-11eb-80a9-000d3a74c7de,train,8bcabbd2721a5f8ad48782f5a7615edbe0d9b6913096f32816e35119ed8b7c2d,1,3264,2448,false
dataset_rural/images/test/wild_boar_c8090076-8c29-11eb-9835-000d3a74c7de.jpg,dataset_rural/labels/test/wild_boar_c8090076-8c29-11eb-9835-000d3a74c7de.txt,1,wild_boar,SWG Camera Traps 2018-2020,https://storage.googleapis.com/public-datasets-lila/swg-camera-traps/public/lao/loc_0015/2017/10/image_00183.jpg,LILA species bbox export,Community Data License Agreement (permissive variant),c8090076-8c29-11eb-9835-000d3a74c7de,Eurasian Wild Pig,seq:2fc16f9b-8c2a-11eb-940b-000d3a74c7de,test,fddc708002ec9d54572a931fa96a349087e037ca95776cf1841c87e1c06dadb4,1,3264,2448,false
dataset_rural/images/test/wild_boar_c80900af-8c29-11eb-bff5-000d3a74c7de.jpg,dataset_rural/labels/test/wild_boar_c80900af-8c29-11eb-bff5-000d3a74c7de.txt,1,wild_boar,SWG Camera Traps 2018-2020,https://storage.googleapis.com/public-datasets-lila/swg-camera-traps/public/lao/loc_0015/2018/02/image_00231.jpg,LILA species bbox export,Community Data License Agreement (permissive variant),c80900af-8c29-11eb-bff5-000d3a74c7de,Eurasian Wild Pig,seq:2fc17066-8c2a-11eb-9c58-000d3a74c7de,test,524c7ae6f63d78755bcee4950718ecd3454ccdb2e7394d178e0fe550fc44648e,1,3264,2448,false
dataset_rural/images/train/wild_boar_c819ae1c-8c29-11eb-a3d0-000d3a74c7de.jpg,dataset_rural/labels/train/wild_boar_c819ae1c-8c29-11eb-a3d0-000d3a74c7de.txt,1,wild_boar,SWG Camera Traps 2018-2020,https://storage.googleapis.com/public-datasets-lila/swg-camera-traps/public/lao/loc_0016/2017/11/image_00350.jpg,LILA species bbox export,Community Data License Agreement (permissive variant),c819ae1c-8c29-11eb-a3d0-000d3a74c7de,Eurasian Wild Pig,seq:fcbf86b5-8c29-11eb-8708-000d3a74c7de,train,b3c2d05165f99de87ceb5e3d10e6eda6b015525a9387a80513685fe688262aea,1,3264,2448,false
dataset_rural/images/test/wild_boar_c81c0d1a-8c29-11eb-bc15-000d3a74c7de.jpg,dataset_rural/labels/test/wild_boar_c81c0d1a-8c29-11eb-bc15-000d3a74c7de.txt,1,wild_boar,SWG Camera Traps 2018-2020,https://storage.googleapis.com/public-datasets-lila/swg-camera-traps/public/lao/loc_0016/2017/12/image_04570.jpg,LILA species bbox export,Community Data License Agreement (permissive variant),c81c0d1a-8c29-11eb-bc15-000d3a74c7de,Eurasian Wild Pig,seq:fcbf8712-8c29-11eb-a5b2-000d3a74c7de,test,2c3df2865f94ca6472085552f893de8c1aea053ec9c3761c58c3e9bb64e2b737,1,3264,2448,false
dataset_rural/images/test/wild_boar_c81e7570-8c29-11eb-ab6a-000d3a74c7de.jpg,dataset_rural/labels/test/wild_boar_c81e7570-8c29-11eb-ab6a-000d3a74c7de.txt,1,wild_boar,SWG Camera Traps 2018-2020,https://storage.googleapis.com/public-datasets-lila/swg-camera-traps/public/lao/loc_0017/2017/12/image_00291.jpg,LILA species bbox export,Community Data License Agreement (permissive variant),c81e7570-8c29-11eb-ab6a-000d3a74c7de,Eurasian Wild Pig,seq:f365d944-8c29-11eb-a51e-000d3a74c7de,test,d5b81a3fd410aa11ca8c33a3cb8d0628639dd74444c109ab8fc0d1bacf223335,1,3264,2448,false
dataset_rural/images/train/wild_boar_c81e75c7-8c29-11eb-92f3-000d3a74c7de.jpg,dataset_rural/labels/train/wild_boar_c81e75c7-8c29-11eb-92f3-000d3a74c7de.txt,1,wild_boar,SWG Camera Traps 2018-2020,https://storage.googleapis.com/public-datasets-lila/swg-camera-traps/public/lao/loc_0017/2018/02/image_00132.jpg,LILA species bbox export,Community Data License Agreement (permissive variant),c81e75c7-8c29-11eb-92f3-000d3a74c7de,Eurasian Wild Pig,seq:f3683929-8c29-11eb-9c9f-000d3a74c7de,train,2ad8523c283414250a40c0ef585854cb216906f831922f5c87aa46b838178e68,1,3264,2448,false
dataset_rural/images/train/wild_boar_c82a62bd-8c29-11eb-9e18-000d3a74c7de.jpg,dataset_rural/labels/train/wild_boar_c82a62bd-8c29-11eb-9e18-000d3a74c7de.txt,1,wild_boar,SWG Camera Traps 2018-2020,https://storage.googleapis.com/public-datasets-lila/swg-camera-traps/public/lao/loc_0021/2018/03/image_00163.jpg,LILA species bbox export,Community Data License Agreement (permissive variant),c82a62bd-8c29-11eb-9e18-000d3a74c7de,Eurasian Wild Pig,seq:e90de869-8c29-11eb-b11c-000d3a74c7de,train,e054ba21cf514afc23e0daf1dfdd15bad9faca058c517e45c19e0c09c2181bff,1,3264,2448,false
dataset_rural/images/train/wild_boar_c85a07fd-8c29-11eb-b1a0-000d3a74c7de.jpg,dataset_rural/labels/train/wild_boar_c85a07fd-8c29-11eb-b1a0-000d3a74c7de.txt,1,wild_boar,SWG Camera Traps 2018-2020,https://storage.googleapis.com/public-datasets-lila/swg-camera-traps/public/lao/loc_0030/2017/10/image_00074.jpg,LILA species bbox export,Community Data License Agreement (permissive variant),c85a07fd-8c29-11eb-b1a0-000d3a74c7de,Eurasian Wild Pig,seq:ee252916-8c29-11eb-876d-000d3a74c7de,train,16c042a435364b69dae9da5edf5cac7ebfdb379f2b2516ab459fbad5901e96d7,2,2560,1920,false
dataset_rural/images/train/wild_boar_c87402e3-8c29-11eb-8c2d-000d3a74c7de.jpg,dataset_rural/labels/train/wild_boar_c87402e3-8c29-11eb-8c2d-000d3a74c7de.txt,1,wild_boar,SWG Camera Traps 2018-2020,https://storage.googleapis.com/public-datasets-lila/swg-camera-traps/public/lao/loc_0044/2017/11/image_00032.jpg,LILA species bbox export,Community Data License Agreement (permissive variant),c87402e3-8c29-11eb-8c2d-000d3a74c7de,Eurasian Wild Pig,seq:f2180f7d-8c29-11eb-8c82-000d3a74c7de,train,c02684096f5e7ac25204e0e5fe2d916c479757790f4c50c40b51a815250b2182,2,2560,1920,false
dataset_rural/images/train/wild_boar_c87dd8b7-8c29-11eb-9ca5-000d3a74c7de.jpg,dataset_rural/labels/train/wild_boar_c87dd8b7-8c29-11eb-9ca5-000d3a74c7de.txt,1,wild_boar,SWG Camera Traps 2018-2020,https://storage.googleapis.com/public-datasets-lila/swg-camera-traps/public/lao/loc_0048/2017/10/image_00098.jpg,LILA species bbox export,Community Data License Agreement (permissive variant),c87dd8b7-8c29-11eb-9ca5-000d3a74c7de,Eurasian Wild Pig,seq:0c061bce-8c2a-11eb-932d-000d3a74c7de,train,a6edf199394c9e798cdf9151bbfc7c01f5427400afe24f73cf73d14caff9c33f,1,2560,1920,false
dataset_rural/images/val/wild_boar_c8829a01-8c29-11eb-9ed1-000d3a74c7de.jpg,dataset_rural/labels/val/wild_boar_c8829a01-8c29-11eb-9ed1-000d3a74c7de.txt,1,wild_boar,SWG Camera Traps 2018-2020,https://storage.googleapis.com/public-datasets-lila/swg-camera-traps/public/lao/loc_0050/2017/12/image_00039.jpg,LILA species bbox export,Community Data License Agreement (permissive variant),c8829a01-8c29-11eb-9ed1-000d3a74c7de,Eurasian Wild Pig,seq:0cc01623-8c2a-11eb-97de-000d3a74c7de,val,5e14d52fc5c9335333eea297bf3de725beb942c05b201dea266f7044ddb0715d,1,2560,1920,false
dataset_rural/images/val/wild_boar_c8875f27-8c29-11eb-b025-000d3a74c7de.jpg,dataset_rural/labels/val/wild_boar_c8875f27-8c29-11eb-b025-000d3a74c7de.txt,1,wild_boar,SWG Camera Traps 2018-2020,https://storage.googleapis.com/public-datasets-lila/swg-camera-traps/public/lao/loc_0051/2017/12/image_00113.jpg,LILA species bbox export,Community Data License Agreement (permissive variant),c8875f27-8c29-11eb-b025-000d3a74c7de,Eurasian Wild Pig,seq:e09ce411-8c29-11eb-8605-000d3a74c7de,val,45ff9cdc7ce483a053bf7a6c58cac7f033d879501b02efe4746240ea2cda6b20,1,2560,1920,false
dataset_rural/images/train/wild_boar_c8875f70-8c29-11eb-8ece-000d3a74c7de.jpg,dataset_rural/labels/train/wild_boar_c8875f70-8c29-11eb-8ece-000d3a74c7de.txt,1,wild_boar,SWG Camera Traps 2018-2020,https://storage.googleapis.com/public-datasets-lila/swg-camera-traps/public/lao/loc_0051/2017/12/image_00186.jpg,LILA species bbox export,Community Data License Agreement (permissive variant),c8875f70-8c29-11eb-8ece-000d3a74c7de,Eurasian Wild Pig,seq:e09ce478-8c29-11eb-ba08-000d3a74c7de,train,043415bb750fe0174ee479dce7b376569d81acfd47113d82f534f25da09a8f13,1,2560,1920,false
dataset_rural/images/train/wild_boar_c8875fb6-8c29-11eb-9035-000d3a74c7de.jpg,dataset_rural/labels/train/wild_boar_c8875fb6-8c29-11eb-9035-000d3a74c7de.txt,1,wild_boar,SWG Camera Traps 2018-2020,https://storage.googleapis.com/public-datasets-lila/swg-camera-traps/public/lao/loc_0051/2018/02/image_00295.jpg,LILA species bbox export,Community Data License Agreement (permissive variant),c8875fb6-8c29-11eb-9035-000d3a74c7de,Eurasian Wild Pig,seq:e09ce577-8c29-11eb-a0e2-000d3a74c7de,train,bf61ff555af2e446342104783436b8c9895ea9f1d4f25d78a29ebca973faf5bc,1,2560,1920,false
dataset_rural/images/train/wild_boar_c889c162-8c29-11eb-84c1-000d3a74c7de.jpg,dataset_rural/labels/train/wild_boar_c889c162-8c29-11eb-84c1-000d3a74c7de.txt,1,wild_boar,SWG Camera Traps 2018-2020,https://storage.googleapis.com/public-datasets-lila/swg-camera-traps/public/lao/loc_0051/2018/03/image_01216.jpg,LILA species bbox export,Community Data License Agreement (permissive variant),c889c162-8c29-11eb-84c1-000d3a74c7de,Eurasian Wild Pig,seq:e09ce650-8c29-11eb-bf7a-000d3a74c7de,train,432389d233a83b7b03cfc25453861c2c79bb3cedc271093bdf88837157ae0553,1,2560,1920,false
dataset_rural/images/train/wild_boar_c889c1d9-8c29-11eb-aff6-000d3a74c7de.jpg,dataset_rural/labels/train/wild_boar_c889c1d9-8c29-11eb-aff6-000d3a74c7de.txt,1,wild_boar,SWG Camera Traps 2018-2020,https://storage.googleapis.com/public-datasets-lila/swg-camera-traps/public/lao/loc_0051/2018/03/image_01335.jpg,LILA species bbox export,Community Data License Agreement (permissive variant),c889c1d9-8c29-11eb-aff6-000d3a74c7de,Eurasian Wild Pig,seq:e09f4136-8c29-11eb-b854-000d3a74c7de,train,7192e22c445745d6213c263bad40a62e65b24ed1726ba4786afbaa0301aecde9,2,2560,1920,false
dataset_rural/images/train/wild_boar_c889c2e8-8c29-11eb-a4a1-000d3a74c7de.jpg,dataset_rural/labels/train/wild_boar_c889c2e8-8c29-11eb-a4a1-000d3a74c7de.txt,1,wild_boar,SWG Camera Traps 2018-2020,https://storage.googleapis.com/public-datasets-lila/swg-camera-traps/public/lao/loc_0051/2018/03/image_01606.jpg,LILA species bbox export,Community Data License Agreement (permissive variant),c889c2e8-8c29-11eb-a4a1-000d3a74c7de,Eurasian Wild Pig,seq:e09f429d-8c29-11eb-99ca-000d3a74c7de,train,a8875d5cac139f38ece1c45dca08a09004ebe4d792bdb6c1e4ad3cbee0ef2394,1,2560,1920,false
dataset_rural/images/train/wild_boar_c889c358-8c29-11eb-8f76-000d3a74c7de.jpg,dataset_rural/labels/train/wild_boar_c889c358-8c29-11eb-8f76-000d3a74c7de.txt,1,wild_boar,SWG Camera Traps 2018-2020,https://storage.googleapis.com/public-datasets-lila/swg-camera-traps/public/lao/loc_0051/2018/03/image_01718.jpg,LILA species bbox export,Community Data License Agreement (permissive variant),c889c358-8c29-11eb-8f76-000d3a74c7de,Eurasian Wild Pig,seq:e09f42e4-8c29-11eb-9904-000d3a74c7de,train,ad2a90a103a48dd934265cf60fdae5d0c68ed64997b1b6d92682433219fb27ef,1,2560,1920,false
dataset_rural/images/train/wild_boar_c889c3bc-8c29-11eb-ad40-000d3a74c7de.jpg,dataset_rural/labels/train/wild_boar_c889c3bc-8c29-11eb-ad40-000d3a74c7de.txt,1,wild_boar,SWG Camera Traps 2018-2020,https://storage.googleapis.com/public-datasets-lila/swg-camera-traps/public/lao/loc_0051/2018/03/image_01818.jpg,LILA species bbox export,Community Data License Agreement (permissive variant),c889c3bc-8c29-11eb-ad40-000d3a74c7de,Eurasian Wild Pig,seq:e09f433d-8c29-11eb-bde8-000d3a74c7de,train,3948a735e24a37773b7459e6bfb1c40a4137fda2673508e3a1720fe665f571af,2,2560,1920,false
dataset_rural/images/train/wild_boar_c889c40c-8c29-11eb-97aa-000d3a74c7de.jpg,dataset_rural/labels/train/wild_boar_c889c40c-8c29-11eb-97aa-000d3a74c7de.txt,1,wild_boar,SWG Camera Traps 2018-2020,https://storage.googleapis.com/public-datasets-lila/swg-camera-traps/public/lao/loc_0051/2018/04/image_00531.jpg,LILA species bbox export,Community Data License Agreement (permissive variant),c889c40c-8c29-11eb-97aa-000d3a74c7de,Eurasian Wild Pig,seq:e09f4378-8c29-11eb-a47a-000d3a74c7de,train,46fee4411ecf4512a0e7c5783d6dffeca77880dc4e355b168a326b875d75bb79,1,2560,1920,false
dataset_rural/images/train/wild_boar_c88c23c6-8c29-11eb-aa37-000d3a74c7de.jpg,dataset_rural/labels/train/wild_boar_c88c23c6-8c29-11eb-aa37-000d3a74c7de.txt,1,wild_boar,SWG Camera Traps 2018-2020,https://storage.googleapis.com/public-datasets-lila/swg-camera-traps/public/lao/loc_0051/2018/04/image_00773.jpg,LILA species bbox export,Community Data License Agreement (permissive variant),c88c23c6-8c29-11eb-aa37-000d3a74c7de,Eurasian Wild Pig,seq:e09f43f5-8c29-11eb-b00c-000d3a74c7de,train,7eaa5cc66d08fa409b1be33dae6b9e6daaf6c1f65f5c1bac83a5fcc729c059e2,1,2560,1920,false
dataset_rural/images/train/wild_boar_c88c23e5-8c29-11eb-9e31-000d3a74c7de.jpg,dataset_rural/labels/train/wild_boar_c88c23e5-8c29-11eb-9e31-000d3a74c7de.txt,1,wild_boar,SWG Camera Traps 2018-2020,https://storage.googleapis.com/public-datasets-lila/swg-camera-traps/public/lao/loc_0051/2018/04/image_00804.jpg,LILA species bbox export,Community Data License Agreement (permissive variant),c88c23e5-8c29-11eb-9e31-000d3a74c7de,Eurasian Wild Pig,seq:e09f4402-8c29-11eb-8cc3-000d3a74c7de,train,087fdce71375746bc492bfc7b262e343730a25af00f8a6a877f6f4f00011270d,1,2560,1920,false
dataset_rural/images/train/wild_boar_c88c2489-8c29-11eb-ac81-000d3a74c7de.jpg,dataset_rural/labels/train/wild_boar_c88c2489-8c29-11eb-ac81-000d3a74c7de.txt,1,wild_boar,SWG Camera Traps 2018-2020,https://storage.googleapis.com/public-datasets-lila/swg-camera-traps/public/lao/loc_0051/2018/04/image_00968.jpg,LILA species bbox export,Community Data License Agreement (permissive variant),c88c2489-8c29-11eb-ac81-000d3a74c7de,Eurasian Wild Pig,seq:e09f4482-8c29-11eb-8e48-000d3a74c7de,train,08ecc06f12a1ea115281e01b7771d113a14dd676444acf73d7418e6b950018d8,1,2560,1920,false
dataset_rural/images/val/wild_boar_c88c249f-8c29-11eb-9de2-000d3a74c7de.jpg,dataset_rural/labels/val/wild_boar_c88c249f-8c29-11eb-9de2-000d3a74c7de.txt,1,wild_boar,SWG Camera Traps 2018-2020,https://storage.googleapis.com/public-datasets-lila/swg-camera-traps/public/lao/loc_0051/2018/04/image_00990.jpg,LILA species bbox export,Community Data License Agreement (permissive variant),c88c249f-8c29-11eb-9de2-000d3a74c7de,Eurasian Wild Pig,seq:e09f448c-8c29-11eb-88fd-000d3a74c7de,val,d516a0689e388528a8e8e7ee1b9a066276f9ba497f351721883d5ccf3f2c11a4,1,2560,1920,false
dataset_rural/images/val/wild_boar_c88e8714-8c29-11eb-be93-000d3a74c7de.jpg,dataset_rural/labels/val/wild_boar_c88e8714-8c29-11eb-be93-000d3a74c7de.txt,1,wild_boar,SWG Camera Traps 2018-2020,https://storage.googleapis.com/public-datasets-lila/swg-camera-traps/public/lao/loc_0053/2017/10/image_00041.jpg,LILA species bbox export,Community Data License Agreement (permissive variant),c88e8714-8c29-11eb-be93-000d3a74c7de,Eurasian Wild Pig,seq:e66cda5a-8c29-11eb-8e3a-000d3a74c7de,val,e3e085418e691135fc13705ceefd49ef6b186da9ba3a07311f182d5d459005a1,1,2560,1920,false
dataset_rural/images/train/wild_boar_c88e871a-8c29-11eb-97a5-000d3a74c7de.jpg,dataset_rural/labels/train/wild_boar_c88e871a-8c29-11eb-97a5-000d3a74c7de.txt,1,wild_boar,SWG Camera Traps 2018-2020,https://storage.googleapis.com/public-datasets-lila/swg-camera-traps/public/lao/loc_0053/2017/10/image_00047.jpg,LILA species bbox export,Community Data License Agreement (permissive variant),c88e871a-8c29-11eb-97a5-000d3a74c7de,Eurasian Wild Pig,seq:e66cda64-8c29-11eb-8d75-000d3a74c7de,train,3a9c6b579fb684da19faff30b082b94bce824a59b07219f91e77048ae039c277,1,2560,1920,false
dataset_rural/images/train/wild_boar_c895abd8-8c29-11eb-8c43-000d3a74c7de.jpg,dataset_rural/labels/train/wild_boar_c895abd8-8c29-11eb-8c43-000d3a74c7de.txt,1,wild_boar,SWG Camera Traps 2018-2020,https://storage.googleapis.com/public-datasets-lila/swg-camera-traps/public/lao/loc_0060/2017/11/image_00061.jpg,LILA species bbox export,Community Data License Agreement (permissive variant),c895abd8-8c29-11eb-8c43-000d3a74c7de,Eurasian Wild Pig,seq:0f755298-8c2a-11eb-bbc1-000d3a74c7de,train,b2598b66b7d8c48a89d198515d07c9afc09dde1c46580ada0bc0dab471285a99,1,2560,1920,false
dataset_rural/images/train/wild_boar_c895ae38-8c29-11eb-af96-000d3a74c7de.jpg,dataset_rural/labels/train/wild_boar_c895ae38-8c29-11eb-af96-000d3a74c7de.txt,1,wild_boar,SWG Camera Traps 2018-2020,https://storage.googleapis.com/public-datasets-lila/swg-camera-traps/public/lao/loc_0062/2017/10/image_00054.jpg,LILA species bbox export,Community Data License Agreement (permissive variant),c895ae38-8c29-11eb-af96-000d3a74c7de,Eurasian Wild Pig,seq:29866a3f-8c2a-11eb-a120-000d3a74c7de,train,4714bf8699997dc13cdfd5d830e4913ca1391eb53822ba094be0a69f77bb3b53,1,2560,1920,false
dataset_rural/images/val/wild_boar_c89ccdc2-8c29-11eb-8287-000d3a74c7de.jpg,dataset_rural/labels/val/wild_boar_c89ccdc2-8c29-11eb-8287-000d3a74c7de.txt,1,wild_boar,SWG Camera Traps 2018-2020,https://storage.googleapis.com/public-datasets-lila/swg-camera-traps/public/lao/loc_0068/2017/10/image_00075.jpg,LILA species bbox export,Community Data License Agreement (permissive variant),c89ccdc2-8c29-11eb-8287-000d3a74c7de,Eurasian Wild Pig,seq:32536836-8c2a-11eb-9333-000d3a74c7de,val,65fb8d081524804409ddb72777b15b980fb4a79b6dd8325e75aaa6992fb4a528,1,2560,1920,false
dataset_rural/images/train/wild_boar_c89ccdc4-8c29-11eb-b560-000d3a74c7de.jpg,dataset_rural/labels/train/wild_boar_c89ccdc4-8c29-11eb-b560-000d3a74c7de.txt,1,wild_boar,SWG Camera Traps 2018-2020,https://storage.googleapis.com/public-datasets-lila/swg-camera-traps/public/lao/loc_0068/2017/10/image_00077.jpg,LILA species bbox export,Community Data License Agreement (permissive variant),c89ccdc4-8c29-11eb-b560-000d3a74c7de,Eurasian Wild Pig,seq:32536838-8c2a-11eb-8311-000d3a74c7de,train,2036d2f3a77942a66885eff55d053be6a7fc067e0961ad392658652a1c27e670,1,2560,1920,false
dataset_rural/images/train/wild_boar_c89f3099-8c29-11eb-b4d4-000d3a74c7de.jpg,dataset_rural/labels/train/wild_boar_c89f3099-8c29-11eb-b4d4-000d3a74c7de.txt,1,wild_boar,SWG Camera Traps 2018-2020,https://storage.googleapis.com/public-datasets-lila/swg-camera-traps/public/lao/loc_0068/2017/12/image_00134.jpg,LILA species bbox export,Community Data License Agreement (permissive variant),c89f3099-8c29-11eb-b4d4-000d3a74c7de,Eurasian Wild Pig,seq:325368d9-8c2a-11eb-9d8b-000d3a74c7de,train,0e3db9afba69d52203b50be9aeeb97f70c41bf6e0d8fecca7539be57921d337f,1,2560,1920,false
dataset_rural/images/train/wild_boar_c89f30c3-8c29-11eb-b578-000d3a74c7de.jpg,dataset_rural/labels/train/wild_boar_c89f30c3-8c29-11eb-b578-000d3a74c7de.txt,1,wild_boar,SWG Camera Traps 2018-2020,https://storage.googleapis.com/public-datasets-lila/swg-camera-traps/public/lao/loc_0068/2018/01/image_00165.jpg,LILA species bbox export,Community Data License Agreement (permissive variant),c89f30c3-8c29-11eb-b578-000d3a74c7de,Eurasian Wild Pig,seq:32536921-8c2a-11eb-9afa-000d3a74c7de,train,dfba362634005575341fe1455d0138deb18bcc41c9f1c4b997da4d3741e1a2f0,1,2560,1920,false
dataset_rural/images/test/wild_boar_c89f30dd-8c29-11eb-aaf1-000d3a74c7de.jpg,dataset_rural/labels/test/wild_boar_c89f30dd-8c29-11eb-aaf1-000d3a74c7de.txt,1,wild_boar,SWG Camera Traps 2018-2020,https://storage.googleapis.com/public-datasets-lila/swg-camera-traps/public/lao/loc_0068/2018/01/image_00191.jpg,LILA species bbox export,Community Data License Agreement (permissive variant),c89f30dd-8c29-11eb-aaf1-000d3a74c7de,Eurasian Wild Pig,seq:3253696e-8c2a-11eb-82a9-000d3a74c7de,test,4b497ce9276beaef91d2ed97a2f31c3e72aac55f590e3ffbad5c8696ed9a455f,1,2560,1920,false
dataset_rural/images/train/wild_boar_c89f30f3-8c29-11eb-b274-000d3a74c7de.jpg,dataset_rural/labels/train/wild_boar_c89f30f3-8c29-11eb-b274-000d3a74c7de.txt,1,wild_boar,SWG Camera Traps 2018-2020,https://storage.googleapis.com/public-datasets-lila/swg-camera-traps/public/lao/loc_0068/2018/02/image_00119.jpg,LILA species bbox export,Community Data License Agreement (permissive variant),c89f30f3-8c29-11eb-b274-000d3a74c7de,Eurasian Wild Pig,seq:3255ca5b-8c2a-11eb-a9a2-000d3a74c7de,train,0e14875cd786b154bf218efc7487dfb750b9b4e38f2348ac780bd878ac3d01e9,1,2560,1920,false
dataset_rural/images/train/wild_boar_c8a3f569-8c29-11eb-a80e-000d3a74c7de.jpg,dataset_rural/labels/train/wild_boar_c8a3f569-8c29-11eb-a80e-000d3a74c7de.txt,1,wild_boar,SWG Camera Traps 2018-2020,https://storage.googleapis.com/public-datasets-lila/swg-camera-traps/public/lao/loc_0072/2018/02/image_00059.jpg,LILA species bbox export,Community Data License Agreement (permissive variant),c8a3f569-8c29-11eb-a80e-000d3a74c7de,Eurasian Wild Pig,seq:22dd31d3-8c2a-11eb-96fd-000d3a74c7de,train,0b57aac6f994401fc7ad8a8c9b68d14d5225058dd0f138220f4f61e66d98fa3e,2,2560,1920,false
dataset_rural/images/test/wild_boar_c8ab1e24-8c29-11eb-a026-000d3a74c7de.jpg,dataset_rural/labels/test/wild_boar_c8ab1e24-8c29-11eb-a026-000d3a74c7de.txt,1,wild_boar,SWG Camera Traps 2018-2020,https://storage.googleapis.com/public-datasets-lila/swg-camera-traps/public/lao/loc_0073/2017/09/image_00006.jpg,LILA species bbox export,Community Data License Agreement (permissive variant),c8ab1e24-8c29-11eb-a026-000d3a74c7de,Eurasian Wild Pig,seq:1a0e3c48-8c2a-11eb-a1c7-000d3a74c7de,test,0436ce5589b0ad7ae29c583e2784c30fceb5f0366bcb6509127b142b06bc7b5f,1,2560,1920,false
dataset_rural/images/train/wild_boar_c8ab1e56-8c29-11eb-86b5-000d3a74c7de.jpg,dataset_rural/labels/train/wild_boar_c8ab1e56-8c29-11eb-86b5-000d3a74c7de.txt,1,wild_boar,SWG Camera Traps 2018-2020,https://storage.googleapis.com/public-datasets-lila/swg-camera-traps/public/lao/loc_0073/2018/01/image_00012.jpg,LILA species bbox export,Community Data License Agreement (permissive variant),c8ab1e56-8c29-11eb-86b5-000d3a74c7de,Eurasian Wild Pig,seq:1a10a443-8c2a-11eb-a341-000d3a74c7de,train,39de87647955909e899ec1221df2991f0ebe47e700078893074b1b2271250968,1,2560,1920,false
dataset_rural/images/val/wild_boar_c8ab1e59-8c29-11eb-beb8-000d3a74c7de.jpg,dataset_rural/labels/val/wild_boar_c8ab1e59-8c29-11eb-beb8-000d3a74c7de.txt,1,wild_boar,SWG Camera Traps 2018-2020,https://storage.googleapis.com/public-datasets-lila/swg-camera-traps/public/lao/loc_0073/2018/02/image_00012.jpg,LILA species bbox export,Community Data License Agreement (permissive variant),c8ab1e59-8c29-11eb-beb8-000d3a74c7de,Eurasian Wild Pig,seq:1a10a444-8c2a-11eb-9b25-000d3a74c7de,val,b4f61a35c3188d64d85e04362591b6b574a5a2491efcff5b322bb5ac3a0d2f40,1,2560,1920,false
dataset_rural/images/train/wild_boar_c8eb846e-8c29-11eb-8043-000d3a74c7de.jpg,dataset_rural/labels/train/wild_boar_c8eb846e-8c29-11eb-8043-000d3a74c7de.txt,1,wild_boar,SWG Camera Traps 2018-2020,https://storage.googleapis.com/public-datasets-lila/swg-camera-traps/public/lao/loc_0083/2018/03/image_00104.jpg,LILA species bbox export,Community Data License Agreement (permissive variant),c8eb846e-8c29-11eb-8043-000d3a74c7de,Eurasian Wild Pig,seq:24c41562-8c2a-11eb-9e78-000d3a74c7de,train,58dacccdf8746c4c6f6bb273b7958f94e6054ed1f513868e149fb0e06b6021a2,2,2560,1920,false
dataset_rural/images/val/wild_boar_c8ede291-8c29-11eb-a656-000d3a74c7de.jpg,dataset_rural/labels/val/wild_boar_c8ede291-8c29-11eb-a656-000d3a74c7de.txt,1,wild_boar,SWG Camera Traps 2018-2020,https://storage.googleapis.com/public-datasets-lila/swg-camera-traps/public/lao/loc_0084/2017/12/image_00360.jpg,LILA species bbox export,Community Data License Agreement (permissive variant),c8ede291-8c29-11eb-a656-000d3a74c7de,Eurasian Wild Pig,seq:0ff3b29b-8c2a-11eb-8da9-000d3a74c7de,val,c66520524435e56cddc0eda399d4a72a5df4c35ff4766a2fb4d3aba815047545,2,2560,1920,false
dataset_rural/images/test/wild_boar_c8ede2ce-8c29-11eb-baf1-000d3a74c7de.jpg,dataset_rural/labels/test/wild_boar_c8ede2ce-8c29-11eb-baf1-000d3a74c7de.txt,1,wild_boar,SWG Camera Traps 2018-2020,https://storage.googleapis.com/public-datasets-lila/swg-camera-traps/public/lao/loc_0084/2018/01/image_00273.jpg,LILA species bbox export,Community Data License Agreement (permissive variant),c8ede2ce-8c29-11eb-baf1-000d3a74c7de,Eurasian Wild Pig,seq:0ff3b31c-8c2a-11eb-ae41-000d3a74c7de,test,eb177302b6787625c98a21bb9156f89937e4ad158c8d0d3f74131f45655677d4,2,2560,1920,false
dataset_rural/images/train/wild_boar_c8f0443c-8c29-11eb-a8f0-000d3a74c7de.jpg,dataset_rural/labels/train/wild_boar_c8f0443c-8c29-11eb-a8f0-000d3a74c7de.txt,1,wild_boar,SWG Camera Traps 2018-2020,https://storage.googleapis.com/public-datasets-lila/swg-camera-traps/public/lao/loc_0086/2017/11/image_00050.jpg,LILA species bbox export,Community Data License Agreement (permissive variant),c8f0443c-8c29-11eb-a8f0-000d3a74c7de,Eurasian Wild Pig,seq:e35b4e29-8c29-11eb-a673-000d3a74c7de,train,b93369f9e7be2ddffb40020191cb5d310da86dd957494e041a5bd85dd174e701,1,2560,1920,false
dataset_rural/images/train/wild_boar_c8f04444-8c29-11eb-87bd-000d3a74c7de.jpg,dataset_rural/labels/train/wild_boar_c8f04444-8c29-11eb-87bd-000d3a74c7de.txt,1,wild_boar,SWG Camera Traps 2018-2020,https://storage.googleapis.com/public-datasets-lila/swg-camera-traps/public/lao/loc_0086/2017/11/image_00058.jpg,LILA species bbox export,Community Data License Agreement (permissive variant),c8f04444-8c29-11eb-87bd-000d3a74c7de,Eurasian Wild Pig,seq:e35b4e31-8c29-11eb-9637-000d3a74c7de,train,70ff22606f842202d37a13c57c09d0a1db98faa737144ce03b40c3e69b620da1,1,2560,1920,false
dataset_rural/images/train/wild_boar_c8f04448-8c29-11eb-b416-000d3a74c7de.jpg,dataset_rural/labels/train/wild_boar_c8f04448-8c29-11eb-b416-000d3a74c7de.txt,1,wild_boar,SWG Camera Traps 2018-2020,https://storage.googleapis.com/public-datasets-lila/swg-camera-traps/public/lao/loc_0086/2017/11/image_00062.jpg,LILA species bbox export,Community Data License Agreement (permissive variant),c8f04448-8c29-11eb-b416-000d3a74c7de,Eurasian Wild Pig,seq:e35b74bc-8c29-11eb-9825-000d3a74c7de,train,bc61c84cfd07f758d4e13c44320533cf3c9ccf09759736fff8daf7c0c88945f0,1,2560,1920,false
dataset_rural/images/train/wild_boar_c8f50496-8c29-11eb-a8a0-000d3a74c7de.jpg,dataset_rural/labels/train/wild_boar_c8f50496-8c29-11eb-a8a0-000d3a74c7de.txt,1,wild_boar,SWG Camera Traps 2018-2020,https://storage.googleapis.com/public-datasets-lila/swg-camera-traps/public/lao/loc_0088/2017/11/image_00189.jpg,LILA species bbox export,Community Data License Agreement (permissive variant),c8f50496-8c29-11eb-a8a0-000d3a74c7de,Eurasian Wild Pig,seq:381c3384-8c2a-11eb-ab03-000d3a74c7de,train,9a4740ae88474ce5df45e5fe9d1d2d484eb6162be279cf2e9360383c96fcf477,2,2560,1920,false
dataset_rural/images/test/wild_boar_c8f50506-8c29-11eb-842e-000d3a74c7de.jpg,dataset_rural/labels/test/wild_boar_c8f50506-8c29-11eb-842e-000d3a74c7de.txt,1,wild_boar,SWG Camera Traps 2018-2020,https://storage.googleapis.com/public-datasets-lila/swg-camera-traps/public/lao/loc_0088/2017/11/image_00301.jpg,LILA species bbox export,Community Data License Agreement (permissive variant),c8f50506-8c29-11eb-842e-000d3a74c7de,Eurasian Wild Pig,seq:381c33b1-8c2a-11eb-bbde-000d3a74c7de,test,dd59cc76d78004f9c370f0d873a7c9d0023b101ce61de8373f56daef00c46ec5,1,2560,1920,false
dataset_rural/images/train/wild_boar_c8f5051b-8c29-11eb-9daa-000d3a74c7de.jpg,dataset_rural/labels/train/wild_boar_c8f5051b-8c29-11eb-9daa-000d3a74c7de.txt,1,wild_boar,SWG Camera Traps 2018-2020,https://storage.googleapis.com/public-datasets-lila/swg-camera-traps/public/lao/loc_0088/2017/11/image_00322.jpg,LILA species bbox export,Community Data License Agreement (permissive variant),c8f5051b-8c29-11eb-9daa-000d3a74c7de,Eurasian Wild Pig,seq:381c33b7-8c2a-11eb-8a74-000d3a74c7de,train,95eb9878257ecfc7ecdd97e41d81fb66b39043eb7e14aa663b491175f4059ce8,2,2560,1920,false
dataset_rural/images/train/wild_boar_c8f50618-8c29-11eb-8bba-000d3a74c7de.jpg,dataset_rural/labels/train/wild_boar_c8f50618-8c29-11eb-8bba-000d3a74c7de.txt,1,wild_boar,SWG Camera Traps 2018-2020,https://storage.googleapis.com/public-datasets-lila/swg-camera-traps/public/lao/loc_0088/2017/12/image_00295.jpg,LILA species bbox export,Community Data License Agreement (permissive variant),c8f50618-8c29-11eb-8bba-000d3a74c7de,Eurasian Wild Pig,seq:381c34da-8c2a-11eb-ae75-000d3a74c7de,train,5f904f5e56f298be8d8915f90b3b0238a48875f2d0f3a715e37cf0ec2e3889ee,1,2560,1920,false
dataset_rural/images/train/wild_boar_c8f767a2-8c29-11eb-b2a9-000d3a74c7de.jpg,dataset_rural/labels/train/wild_boar_c8f767a2-8c29-11eb-b2a9-000d3a74c7de.txt,1,wild_boar,SWG Camera Traps 2018-2020,https://storage.googleapis.com/public-datasets-lila/swg-camera-traps/public/lao/loc_0089/2017/09/image_00043.jpg,LILA species bbox export,Community Data License Agreement (permissive variant),c8f767a2-8c29-11eb-b2a9-000d3a74c7de,Eurasian Wild Pig,seq:3cd897d6-8c2a-11eb-91bf-000d3a74c7de,train,ecdf8bc3f602854c8d47eae7981bc7d17e3e9ae7d217f1082022565dea84ce39,1,2560,1920,false
dataset_rural/images/train/wild_boar_c8f76838-8c29-11eb-8e6a-000d3a74c7de.jpg,dataset_rural/labels/train/wild_boar_c8f76838-8c29-11eb-8e6a-000d3a74c7de.txt,1,wild_boar,SWG Camera Traps 2018-2020,https://storage.googleapis.com/public-datasets-lila/swg-camera-traps/public/lao/loc_0089/2018/01/image_00121.jpg,LILA species bbox export,Community Data License Agreement (permissive variant),c8f76838-8c29-11eb-8e6a-000d3a74c7de,Eurasian Wild Pig,seq:3cd8e7f6-8c2a-11eb-a5fc-000d3a74c7de,train,138721cbc0825f4c012ad276618131c61b682e535e19cd3dcabcba8e1e190171,1,2560,1920,false
dataset_rural/images/train/wild_boar_c8f76855-8c29-11eb-a529-000d3a74c7de.jpg,dataset_rural/labels/train/wild_boar_c8f76855-8c29-11eb-a529-000d3a74c7de.txt,1,wild_boar,SWG Camera Traps 2018-2020,https://storage.googleapis.com/public-datasets-lila/swg-camera-traps/public/lao/loc_0089/2018/01/image_00150.jpg,LILA species bbox export,Community Data License Agreement (permissive variant),c8f76855-8c29-11eb-a529-000d3a74c7de,Eurasian Wild Pig,seq:3cd8e808-8c2a-11eb-a33c-000d3a74c7de,train,904bc56b66b662ff9f0c1990225faba7cc74335ebe9465887c61f536b454b694,1,2560,1920,false
dataset_rural/images/val/wild_boar_c8f769e5-8c29-11eb-b96a-000d3a74c7de.jpg,dataset_rural/labels/val/wild_boar_c8f769e5-8c29-11eb-b96a-000d3a74c7de.txt,1,wild_boar,SWG Camera Traps 2018-2020,https://storage.googleapis.com/public-datasets-lila/swg-camera-traps/public/lao/loc_0089/2018/02/image_00676.jpg,LILA species bbox export,Community Data License Agreement (permissive variant),c8f769e5-8c29-11eb-b96a-000d3a74c7de,Eurasian Wild Pig,seq:3cd8e921-8c2a-11eb-a014-000d3a74c7de,val,0efc42f16af148c21aff9bb215e6088fba0c68876bb1d026bb3fd84090614bf1,1,2560,1920,false
dataset_rural/images/train/wild_boar_c8f9cc01-8c29-11eb-80ec-000d3a74c7de.jpg,dataset_rural/labels/train/wild_boar_c8f9cc01-8c29-11eb-80ec-000d3a74c7de.txt,1,wild_boar,SWG Camera Traps 2018-2020,https://storage.googleapis.com/public-datasets-lila/swg-camera-traps/public/lao/loc_0091/2018/01/image_00176.jpg,LILA species bbox export,Community Data License Agreement (permissive variant),c8f9cc01-8c29-11eb-80ec-000d3a74c7de,Eurasian Wild Pig,seq:06091302-8c2a-11eb-9187-000d3a74c7de,train,430e92003cc65ca0587235aee3b73e59e7e84a0020a8596d2a405f3549e8b5bc,1,2560,1920,false
dataset_rural/images/train/wild_boar_c8f9cc07-8c29-11eb-86bb-000d3a74c7de.jpg,dataset_rural/labels/train/wild_boar_c8f9cc07-8c29-11eb-86bb-000d3a74c7de.txt,1,wild_boar,SWG Camera Traps 2018-2020,https://storage.googleapis.com/public-datasets-lila/swg-camera-traps/public/lao/loc_0091/2018/01/image_00182.jpg,LILA species bbox export,Community Data License Agreement (permissive variant),c8f9cc07-8c29-11eb-86bb-000d3a74c7de,Eurasian Wild Pig,seq:0609131f-8c2a-11eb-9c90-000d3a74c7de,train,c91f87d9e010bca555837ba78643699195e333b849f490821727c2ed6dee463b,1,2560,1920,false
dataset_rural/images/train/wild_boar_c8f9cc29-8c29-11eb-8c4d-000d3a74c7de.jpg,dataset_rural/labels/train/wild_boar_c8f9cc29-8c29-11eb-8c4d-000d3a74c7de.txt,1,wild_boar,SWG Camera Traps 2018-2020,https://storage.googleapis.com/public-datasets-lila/swg-camera-traps/public/lao/loc_0091/2018/01/image_00216.jpg,LILA species bbox export,Community Data License Agreement (permissive variant),c8f9cc29-8c29-11eb-8c4d-000d3a74c7de,Eurasian Wild Pig,seq:0609133b-8c2a-11eb-8278-000d3a74c7de,train,f504601229d1a4bba9498c9300e8b298d3c49d16bfca270eeb9dcc2dc171bf95,1,2560,1920,false
dataset_rural/images/train/wild_boar_c8f9cc3e-8c29-11eb-86d6-000d3a74c7de.jpg,dataset_rural/labels/train/wild_boar_c8f9cc3e-8c29-11eb-86d6-000d3a74c7de.txt,1,wild_boar,SWG Camera Traps 2018-2020,https://storage.googleapis.com/public-datasets-lila/swg-camera-traps/public/lao/loc_0091/2018/02/image_00109.jpg,LILA species bbox export,Community Data License Agreement (permissive variant),c8f9cc3e-8c29-11eb-86d6-000d3a74c7de,Eurasian Wild Pig,seq:06091348-8c2a-11eb-a11a-000d3a74c7de,train,d027c6b64bfd83985b5bb23325e267859fcb138e1c45ca8548c953b5215848b6,3,2560,1920,false
dataset_rural/images/train/wild_boar_c91ff675-8c29-11eb-8679-000d3a74c7de.jpg,dataset_rural/labels/train/wild_boar_c91ff675-8c29-11eb-8679-000d3a74c7de.txt,1,wild_boar,SWG Camera Traps 2018-2020,https://storage.googleapis.com/public-datasets-lila/swg-camera-traps/public/lao/loc_0310/2020/08/image_00227.jpg,LILA species bbox export,Community Data License Agreement (permissive variant),c91ff675-8c29-11eb-8679-000d3a74c7de,Eurasian Wild Pig,seq:f2ff54a3-8c29-11eb-a897-000d3a74c7de,train,68c6dde47ecac6078cf29b2a1e1c344965a5bed96405dcae74bf62a080514df3,1,3840,2880,false
dataset_rural/images/train/wild_boar_c927188c-8c29-11eb-8bf9-000d3a74c7de.jpg,dataset_rural/labels/train/wild_boar_c927188c-8c29-11eb-8bf9-000d3a74c7de.txt,1,wild_boar,SWG Camera Traps 2018-2020,https://storage.googleapis.com/public-datasets-lila/swg-camera-traps/public/lao/loc_0312/2020/07/image_00369.jpg,LILA species bbox export,Community Data License Agreement (permissive variant),c927188c-8c29-11eb-8bf9-000d3a74c7de,Eurasian Wild Pig,seq:ee8e11d0-8c29-11eb-8360-000d3a74c7de,train,c3a78a2fc0de08b7503905da07b932ad548c00ef5669c02c61b2422c702eee4c,1,1920,1440,false
dataset_rural/images/train/wild_boar_c937f566-8c29-11eb-9a8c-000d3a74c7de.jpg,dataset_rural/labels/train/wild_boar_c937f566-8c29-11eb-9a8c-000d3a74c7de.txt,1,wild_boar,SWG Camera Traps 2018-2020,https://storage.googleapis.com/public-datasets-lila/swg-camera-traps/public/lao/loc_0323/2020/06/image_00111.jpg,LILA species bbox export,Community Data License Agreement (permissive variant),c937f566-8c29-11eb-9a8c-000d3a74c7de,Eurasian Wild Pig,seq:ed23a9de-8c29-11eb-87d1-000d3a74c7de,train,42b9d7c7e767b8d4190d9379dfdf2fec7f43f8870eba22a608e16745e155e0bd,1,3840,2880,false
dataset_rural/images/test/wild_boar_c96a3ff8-8c29-11eb-8f15-000d3a74c7de.jpg,dataset_rural/labels/test/wild_boar_c96a3ff8-8c29-11eb-8f15-000d3a74c7de.txt,1,wild_boar,SWG Camera Traps 2018-2020,https://storage.googleapis.com/public-datasets-lila/swg-camera-traps/public/lao/loc_0326/2020/07/image_00184.jpg,LILA species bbox export,Community Data License Agreement (permissive variant),c96a3ff8-8c29-11eb-8f15-000d3a74c7de,Eurasian Wild Pig,seq:2e891fb0-8c2a-11eb-b3c8-000d3a74c7de,test,db4afe299bf3909ac129c44a43d616598be4b57c5822c63600132da35a1d00ef,1,3840,2880,false
dataset_rural/images/train/wild_boar_c96f789d-8c29-11eb-9942-000d3a74c7de.jpg,dataset_rural/labels/train/wild_boar_c96f789d-8c29-11eb-9942-000d3a74c7de.txt,1,wild_boar,SWG Camera Traps 2018-2020,https://storage.googleapis.com/public-datasets-lila/swg-camera-traps/public/lao/loc_0328/2020/05/image_00173.jpg,LILA species bbox export,Community Data License Agreement (permissive variant),c96f789d-8c29-11eb-9942-000d3a74c7de,Eurasian Wild Pig,seq:2b0b07f3-8c2a-11eb-98b9-000d3a74c7de,train,9f84381263a754f126ed69fa3a0875fd7c56ccb600037d94a86673f53b9ded86,1,3840,2880,false
dataset_rural/images/train/wild_boar_c9736e05-8c29-11eb-a103-000d3a74c7de.jpg,dataset_rural/labels/train/wild_boar_c9736e05-8c29-11eb-a103-000d3a74c7de.txt,1,wild_boar,SWG Camera Traps 2018-2020,https://storage.googleapis.com/public-datasets-lila/swg-camera-traps/public/lao/loc_0329/2020/04/image_00371.jpg,LILA species bbox export,Community Data License Agreement (permissive variant),c9736e05-8c29-11eb-a103-000d3a74c7de,Eurasian Wild Pig,seq:3d2974af-8c2a-11eb-b10e-000d3a74c7de,train,b9ca2d7b7854035554b064ca81f067ae3dc2811efe13e9a61dc83335b7366efa,1,3840,2880,false
dataset_rural/images/train/wild_boar_c975d2af-8c29-11eb-90ae-000d3a74c7de.jpg,dataset_rural/labels/train/wild_boar_c975d2af-8c29-11eb-90ae-000d3a74c7de.txt,1,wild_boar,SWG Camera Traps 2018-2020,https://storage.googleapis.com/public-datasets-lila/swg-camera-traps/public/lao/loc_0329/2020/08/image_00036.jpg,LILA species bbox export,Community Data License Agreement (permissive variant),c975d2af-8c29-11eb-90ae-000d3a74c7de,Eurasian Wild Pig,seq:3d29758a-8c2a-11eb-b102-000d3a74c7de,train,9cc271df99efd5996eb30452b33f1ad4c0bfbf8342b556ca652db7f6a73e7bde,2,3840,2880,false
dataset_rural/images/train/wild_boar_c975d5f0-8c29-11eb-962f-000d3a74c7de.jpg,dataset_rural/labels/train/wild_boar_c975d5f0-8c29-11eb-962f-000d3a74c7de.txt,1,wild_boar,SWG Camera Traps 2018-2020,https://storage.googleapis.com/public-datasets-lila/swg-camera-traps/public/lao/loc_0330/2020/04/image_00113.jpg,LILA species bbox export,Community Data License Agreement (permissive variant),c975d5f0-8c29-11eb-962f-000d3a74c7de,Eurasian Wild Pig,seq:eb826983-8c29-11eb-b685-000d3a74c7de,train,248a00c019e397482ed5c931ef96da0aa8f626d165a21771e3b8d9fa289578b2,4,3840,2880,false
dataset_rural/images/train/wild_boar_c97831c6-8c29-11eb-b74e-000d3a74c7de.jpg,dataset_rural/labels/train/wild_boar_c97831c6-8c29-11eb-b74e-000d3a74c7de.txt,1,wild_boar,SWG Camera Traps 2018-2020,https://storage.googleapis.com/public-datasets-lila/swg-camera-traps/public/lao/loc_0330/2020/07/image_00156.jpg,LILA species bbox export,Community Data License Agreement (permissive variant),c97831c6-8c29-11eb-b74e-000d3a74c7de,Eurasian Wild Pig,seq:eb84c9da-8c29-11eb-8b1f-000d3a74c7de,train,141a903834e29c3a12f168520a5f22b36dad4b8eef9abb7991b369fbbc924831,1,3840,2880,false
dataset_rural/images/train/wild_boar_c97831db-8c29-11eb-a1ac-000d3a74c7de.jpg,dataset_rural/labels/train/wild_boar_c97831db-8c29-11eb-a1ac-000d3a74c7de.txt,1,wild_boar,SWG Camera Traps 2018-2020,https://storage.googleapis.com/public-datasets-lila/swg-camera-traps/public/lao/loc_0330/2020/07/image_00177.jpg,LILA species bbox export,Community Data License Agreement (permissive variant),c97831db-8c29-11eb-a1ac-000d3a74c7de,Eurasian Wild Pig,seq:eb84c9ef-8c29-11eb-9a8e-000d3a74c7de,train,1b2cf62ac52c7429feb64090d01e4017e913315fb8fe13e2bb6cd7ab38ee2a83,1,3840,2880,false
dataset_rural/images/train/wild_boar_c981b4b5-8c29-11eb-8f62-000d3a74c7de.jpg,dataset_rural/labels/train/wild_boar_c981b4b5-8c29-11eb-8f62-000d3a74c7de.txt,1,wild_boar,SWG Camera Traps 2018-2020,https://storage.googleapis.com/public-datasets-lila/swg-camera-traps/public/lao/loc_0333/2020/04/image_00216.jpg,LILA species bbox export,Community Data License Agreement (permissive variant),c981b4b5-8c29-11eb-8f62-000d3a74c7de,Eurasian Wild Pig,seq:1f79b10c-8c2a-11eb-91c6-000d3a74c7de,train,a1c7e6e39a7cabd4aba1506fc9a864b732ab3aa7eb0bc3fc9ef92148b153b0b7,1,3840,2880,false
dataset_rural/images/test/wild_boar_c988d834-8c29-11eb-a1de-000d3a74c7de.jpg,dataset_rural/labels/test/wild_boar_c988d834-8c29-11eb-a1de-000d3a74c7de.txt,1,wild_boar,SWG Camera Traps 2018-2020,https://storage.googleapis.com/public-datasets-lila/swg-camera-traps/public/lao/loc_0334/2020/03/image_00490.jpg,LILA species bbox export,Community Data License Agreement (permissive variant),c988d834-8c29-11eb-a1de-000d3a74c7de,Eurasian Wild Pig,seq:f2e519bd-8c29-11eb-a705-000d3a74c7de,test,7e16fd5d115bb6b3095a2f70890993b9c374534a88c75802c31e2c1b9947c8dc,1,3840,2880,false
dataset_rural/images/train/wild_boar_c988da97-8c29-11eb-a0e9-000d3a74c7de.jpg,dataset_rural/labels/train/wild_boar_c988da97-8c29-11eb-a0e9-000d3a74c7de.txt,1,wild_boar,SWG Camera Traps 2018-2020,https://storage.googleapis.com/public-datasets-lila/swg-camera-traps/public/lao/loc_0334/2020/06/image_00679.jpg,LILA species bbox export,Community Data License Agreement (permissive variant),c988da97-8c29-11eb-a0e9-000d3a74c7de,Eurasian Wild Pig,seq:f2e77afe-8c29-11eb-9439-000d3a74c7de,train,43be819d3ad9fa1c8b7569f9020025ac132dbfd2e4b4b37ea875c434107e4cf7,2,3840,2880,false
dataset_rural/images/test/wild_boar_c9a3165f-8c29-11eb-ab1f-000d3a74c7de.jpg,dataset_rural/labels/test/wild_boar_c9a3165f-8c29-11eb-ab1f-000d3a74c7de.txt,1,wild_boar,SWG Camera Traps 2018-2020,https://storage.googleapis.com/public-datasets-lila/swg-camera-traps/public/lao/loc_0342/2020/07/image_00223.jpg,LILA species bbox export,Community Data License Agreement (permissive variant),c9a3165f-8c29-11eb-ab1f-000d3a74c7de,Eurasian Wild Pig,seq:12097085-8c2a-11eb-9a40-000d3a74c7de,test,bd7fe9c8a7fa7eb8927bcf93b8e1e6de688327535419c657a904032bb53937ba,1,4608,2592,false
dataset_rural/images/train/wild_boar_c9a7daed-8c29-11eb-bdf7-000d3a74c7de.jpg,dataset_rural/labels/train/wild_boar_c9a7daed-8c29-11eb-bdf7-000d3a74c7de.txt,1,wild_boar,SWG Camera Traps 2018-2020,https://storage.googleapis.com/public-datasets-lila/swg-camera-traps/public/lao/loc_0344/2020/06/image_00169.jpg,LILA species bbox export,Community Data License Agreement (permissive variant),c9a7daed-8c29-11eb-bdf7-000d3a74c7de,Eurasian Wild Pig,seq:204bcdc8-8c2a-11eb-8808-000d3a74c7de,train,ca8a9f4494cd7186a75a3f2f287be63bb6c79550c54f4451c32ec7c059319223,3,3840,2880,false
dataset_rural/images/val/wild_boar_c9a7db42-8c29-11eb-8d81-000d3a74c7de.jpg,dataset_rural/labels/val/wild_boar_c9a7db42-8c29-11eb-8d81-000d3a74c7de.txt,1,wild_boar,SWG Camera Traps 2018-2020,https://storage.googleapis.com/public-datasets-lila/swg-camera-traps/public/lao/loc_0344/2020/07/image_00426.jpg,LILA species bbox export,Community Data License Agreement (permissive variant),c9a7db42-8c29-11eb-8d81-000d3a74c7de,Eurasian Wild Pig,seq:204bce02-8c2a-11eb-920b-000d3a74c7de,val,df4e1b4d4bef17c6cc3f3d2de36b0b89a27f0b6eb0916c39683842beeadf2996,2,3840,2880,false
dataset_rural/images/train/wild_boar_c9bfadbc-8c29-11eb-85ea-000d3a74c7de.jpg,dataset_rural/labels/train/wild_boar_c9bfadbc-8c29-11eb-85ea-000d3a74c7de.txt,1,wild_boar,SWG Camera Traps 2018-2020,https://storage.googleapis.com/public-datasets-lila/swg-camera-traps/public/lao/loc_0351/2020/07/image_00444.jpg,LILA species bbox export,Community Data License Agreement (permissive variant),c9bfadbc-8c29-11eb-85ea-000d3a74c7de,Eurasian Wild Pig,seq:e6f0b0b2-8c29-11eb-bdf3-000d3a74c7de,train,7c6874ceaa5ee2d4602e06f798bed336b58421b04d9d4d2e5f332a5e8b07cefe,1,2688,1512,false
dataset_rural/images/train/wild_boar_c9c93608-8c29-11eb-98d9-000d3a74c7de.jpg,dataset_rural/labels/train/wild_boar_c9c93608-8c29-11eb-98d9-000d3a74c7de.txt,1,wild_boar,SWG Camera Traps 2018-2020,https://storage.googleapis.com/public-datasets-lila/swg-camera-traps/public/lao/loc_0354/2020/04/image_00024.jpg,LILA species bbox export,Community Data License Agreement (permissive variant),c9c93608-8c29-11eb-98d9-000d3a74c7de,Eurasian Wild Pig,seq:f821347d-8c29-11eb-b984-000d3a74c7de,train,edb3046a8c3c8522207f761915e6afcde462d89134edf6ada3982529cbc3cb76,1,2688,1512,false
dataset_rural/images/train/wild_boar_c9cb9e3b-8c29-11eb-9202-000d3a74c7de.jpg,dataset_rural/labels/train/wild_boar_c9cb9e3b-8c29-11eb-9202-000d3a74c7de.txt,1,wild_boar,SWG Camera Traps 2018-2020,https://storage.googleapis.com/public-datasets-lila/swg-camera-traps/public/lao/loc_0356/2020/06/image_00213.jpg,LILA species bbox export,Community Data License Agreement (permissive variant),c9cb9e3b-8c29-11eb-9202-000d3a74c7de,Eurasian Wild Pig,seq:05bf2830-8c2a-11eb-bb4c-000d3a74c7de,train,76c2d3c51b9fab3dbc015e0c801302d3d8f08f1e428f19eef49272f0ac67fed8,1,3840,2880,false
dataset_rural/images/train/wild_boar_ca026e7d-8c29-11eb-bb1d-000d3a74c7de.jpg,dataset_rural/labels/train/wild_boar_ca026e7d-8c29-11eb-bb1d-000d3a74c7de.txt,1,wild_boar,SWG Camera Traps 2018-2020,https://storage.googleapis.com/public-datasets-lila/swg-camera-traps/public/lao/loc_0360/2020/03/image_00093.jpg,LILA species bbox export,Community Data License Agreement (permissive variant),ca026e7d-8c29-11eb-bb1d-000d3a74c7de,Eurasian Wild Pig,seq:099c997a-8c2a-11eb-95fe-000d3a74c7de,train,76c182e24fa1b4163d741c1cb9c0c045ea97f5418975d3142d7fa68dd525c3e6,1,3840,2880,false
dataset_rural/images/train/wild_boar_ca263963-8c29-11eb-84c0-000d3a74c7de.jpg,dataset_rural/labels/train/wild_boar_ca263963-8c29-11eb-84c0-000d3a74c7de.txt,1,wild_boar,SWG Camera Traps 2018-2020,https://storage.googleapis.com/public-datasets-lila/swg-camera-traps/public/lao/loc_0365/2020/03/image_02650.jpg,LILA species bbox export,Community Data License Agreement (permissive variant),ca263963-8c29-11eb-84c0-000d3a74c7de,Eurasian Wild Pig,seq:0502ceb9-8c2a-11eb-9a8e-000d3a74c7de,train,994071fea9ffb15f3b87bd31adfcfd6008d611d6a90de76cbb126584d8ef2a5a,1,3840,2880,false
dataset_rural/images/train/wild_boar_ca2639ac-8c29-11eb-b8a8-000d3a74c7de.jpg,dataset_rural/labels/train/wild_boar_ca2639ac-8c29-11eb-b8a8-000d3a74c7de.txt,1,wild_boar,SWG Camera Traps 2018-2020,https://storage.googleapis.com/public-datasets-lila/swg-camera-traps/public/lao/loc_0365/2020/04/image_00671.jpg,LILA species bbox export,Community Data License Agreement (permissive variant),ca2639ac-8c29-11eb-b8a8-000d3a74c7de,Eurasian Wild Pig,seq:0502ceeb-8c2a-11eb-a341-000d3a74c7de,train,233afdf0dfd8b2854d0e060240356b42a3cfa4ffe124de5fe190d9dd7781c23a,1,3840,2880,false
dataset_rural/images/train/wild_boar_ca2fbc91-8c29-11eb-ba92-000d3a74c7de.jpg,dataset_rural/labels/train/wild_boar_ca2fbc91-8c29-11eb-ba92-000d3a74c7de.txt,1,wild_boar,SWG Camera Traps 2018-2020,https://storage.googleapis.com/public-datasets-lila/swg-camera-traps/public/lao/loc_0369/2020/07/image_01124.jpg,LILA species bbox export,Community Data License Agreement (permissive variant),ca2fbc91-8c29-11eb-ba92-000d3a74c7de,Eurasian Wild Pig,seq:0ef23165-8c2a-11eb-a8a6-000d3a74c7de,train,55dfff833709d282b63864ce71752e35e8fda28d328821796eaafae4a8de4e4d,1,3840,2880,false
dataset_rural/images/train/wild_boar_ca49f957-8c29-11eb-a790-000d3a74c7de.jpg,dataset_rural/labels/train/wild_boar_ca49f957-8c29-11eb-a790-000d3a74c7de.txt,1,wild_boar,SWG Camera Traps 2018-2020,https://storage.googleapis.com/public-datasets-lila/swg-camera-traps/public/lao/loc_0380/2020/04/image_00180.jpg,LILA species bbox export,Community Data License Agreement (permissive variant),ca49f957-8c29-11eb-a790-000d3a74c7de,Eurasian Wild Pig,seq:031a0da2-8c2a-11eb-b1f8-000d3a74c7de,train,e88220700c60553ef5a944fd6a28e6acbbd8f76b5a555f56e6a7f1798178e7f3,1,3840,2880,false
dataset_rural/images/train/wild_boar_ca4c5c32-8c29-11eb-aef5-000d3a74c7de.jpg,dataset_rural/labels/train/wild_boar_ca4c5c32-8c29-11eb-aef5-000d3a74c7de.txt,1,wild_boar,SWG Camera Traps 2018-2020,https://storage.googleapis.com/public-datasets-lila/swg-camera-traps/public/lao/loc_0381/2020/04/image_00329.jpg,LILA species bbox export,Community Data License Agreement (permissive variant),ca4c5c32-8c29-11eb-aef5-000d3a74c7de,Eurasian Wild Pig,seq:f0910d16-8c29-11eb-bd82-000d3a74c7de,train,6227aae92fa08f6315d20690ab76cddfc200979c690c55dc6b519994b711d5d6,1,3840,2880,false
dataset_rural/images/train/wild_boar_ca5aaa72-8c29-11eb-8daf-000d3a74c7de.jpg,dataset_rural/labels/train/wild_boar_ca5aaa72-8c29-11eb-8daf-000d3a74c7de.txt,1,wild_boar,SWG Camera Traps 2018-2020,https://storage.googleapis.com/public-datasets-lila/swg-camera-traps/public/lao/loc_0385/2020/03/image_00501.jpg,LILA species bbox export,Community Data License Agreement (permissive variant),ca5aaa72-8c29-11eb-8daf-000d3a74c7de,Eurasian Wild Pig,seq:dffd2804-8c29-11eb-8874-000d3a74c7de,train,2c3332ec06983fc07e9cb3525824d26acba71fc842158c06c2eeff91003cd359,1,3840,2880,false
dataset_rural/images/train/wild_boar_ca5d07de-8c29-11eb-8aed-000d3a74c7de.jpg,dataset_rural/labels/train/wild_boar_ca5d07de-8c29-11eb-8aed-000d3a74c7de.txt,1,wild_boar,SWG Camera Traps 2018-2020,https://storage.googleapis.com/public-datasets-lila/swg-camera-traps/public/lao/loc_0385/2020/06/image_00605.jpg,LILA species bbox export,Community Data License Agreement (permissive variant),ca5d07de-8c29-11eb-8aed-000d3a74c7de,Eurasian Wild Pig,seq:dffd2908-8c29-11eb-b005-000d3a74c7de,train,ceed9c459310df2cb4839082bf2cf24953a0f6eee3aa6d8ef82acc3f31bd7a53,1,3840,2880,false
dataset_rural/images/train/wild_boar_ca773fca-8c29-11eb-b20c-000d3a74c7de.jpg,dataset_rural/labels/train/wild_boar_ca773fca-8c29-11eb-b20c-000d3a74c7de.txt,1,wild_boar,SWG Camera Traps 2018-2020,https://storage.googleapis.com/public-datasets-lila/swg-camera-traps/public/lao/loc_0394/2020/07/image_00278.jpg,LILA species bbox export,Community Data License Agreement (permissive variant),ca773fca-8c29-11eb-b20c-000d3a74c7de,Eurasian Wild Pig,seq:3a003150-8c2a-11eb-853d-000d3a74c7de,train,da65a25b1bb8d1c9347c789c0fcd6aaf642399cc8ff19e5468cd63b744d11877,1,2560,1920,false
dataset_rural/images/train/wild_boar_ca859e45-8c29-11eb-942d-000d3a74c7de.jpg,dataset_rural/labels/train/wild_boar_ca859e45-8c29-11eb-942d-000d3a74c7de.txt,1,wild_boar,SWG Camera Traps 2018-2020,https://storage.googleapis.com/public-datasets-lila/swg-camera-traps/public/lao/loc_0399/2020/05/image_00387.jpg,LILA species bbox export,Community Data License Agreement (permissive variant),ca859e45-8c29-11eb-942d-000d3a74c7de,Eurasian Wild Pig,seq:33eb1d08-8c2a-11eb-b735-000d3a74c7de,train,5ba532ee4523d4b6ffe3960b4a62b28e68f00c94264f84b67d2c05117e61b768,1,2688,1512,false
dataset_rural/images/train/wild_boar_cabc63d7-8c29-11eb-a7e3-000d3a74c7de.jpg,dataset_rural/labels/train/wild_boar_cabc63d7-8c29-11eb-a7e3-000d3a74c7de.txt,1,wild_boar,SWG Camera Traps 2018-2020,https://storage.googleapis.com/public-datasets-lila/swg-camera-traps/public/lao/loc_0405/2020/05/image_00162.jpg,LILA species bbox export,Community Data License Agreement (permissive variant),cabc63d7-8c29-11eb-a7e3-000d3a74c7de,Eurasian Wild Pig,seq:dcffcec6-8c29-11eb-8960-000d3a74c7de,train,d3e3ca4d2d00a43a3cf6f67f3e03d0ebf2c6905ae187c11b66cd48fe92f461a7,1,3840,2880,false
dataset_rural/images/val/wild_boar_cacabbcf-8c29-11eb-81ec-000d3a74c7de.jpg,dataset_rural/labels/val/wild_boar_cacabbcf-8c29-11eb-81ec-000d3a74c7de.txt,1,wild_boar,SWG Camera Traps 2018-2020,https://storage.googleapis.com/public-datasets-lila/swg-camera-traps/public/lao/loc_0415/2020/06/image_00153.jpg,LILA species bbox export,Community Data License Agreement (permissive variant),cacabbcf-8c29-11eb-81ec-000d3a74c7de,Eurasian Wild Pig,seq:eb361dfe-8c29-11eb-a118-000d3a74c7de,val,96e3fc961c0d5e175525d28ea7eaa295a085c01cfee330f132c89311ca4c8a61,1,3840,2880,false
dataset_rural/images/train/wild_boar_cad1e361-8c29-11eb-b8ae-000d3a74c7de.jpg,dataset_rural/labels/train/wild_boar_cad1e361-8c29-11eb-b8ae-000d3a74c7de.txt,1,wild_boar,SWG Camera Traps 2018-2020,https://storage.googleapis.com/public-datasets-lila/swg-camera-traps/public/lao/loc_0419/2020/05/image_00190.jpg,LILA species bbox export,Community Data License Agreement (permissive variant),cad1e361-8c29-11eb-b8ae-000d3a74c7de,Eurasian Wild Pig,seq:289f25c0-8c2a-11eb-ba23-000d3a74c7de,train,47860d72707e309d6b273eff04d670213f8997d5df29b88abca5dd7370a16bad,2,2560,1920,false
dataset_rural/images/train/wild_boar_cad1e37f-8c29-11eb-a9d5-000d3a74c7de.jpg,dataset_rural/labels/train/wild_boar_cad1e37f-8c29-11eb-a9d5-000d3a74c7de.txt,1,wild_boar,SWG Camera Traps 2018-2020,https://storage.googleapis.com/public-datasets-lila/swg-camera-traps/public/lao/loc_0419/2020/05/image_00220.jpg,LILA species bbox export,Community Data License Agreement (permissive variant),cad1e37f-8c29-11eb-a9d5-000d3a74c7de,Eurasian Wild Pig,seq:289f25ca-8c2a-11eb-a28d-000d3a74c7de,train,443d3642cca610800534264442693ec16b3f91ce0c94d8ead6876dd512b0f0fb,3,2560,1920,false
dataset_rural/images/test/wild_boar_cae9bbbb-8c29-11eb-ae08-000d3a74c7de.jpg,dataset_rural/labels/test/wild_boar_cae9bbbb-8c29-11eb-ae08-000d3a74c7de.txt,1,wild_boar,SWG Camera Traps 2018-2020,https://storage.googleapis.com/public-datasets-lila/swg-camera-traps/public/lao/loc_0426/2020/04/image_00048.jpg,LILA species bbox export,Community Data License Agreement (permissive variant),cae9bbbb-8c29-11eb-ae08-000d3a74c7de,Eurasian Wild Pig,seq:266553ce-8c2a-11eb-846c-000d3a74c7de,test,cd1db9848cbc6883cdd0b7aeb9cad5c859b7c596eb1e20923e9caff5fe657bbf,2,2560,1920,false
dataset_rural/images/train/wild_boar_caf80a8c-8c29-11eb-94d1-000d3a74c7de.jpg,dataset_rural/labels/train/wild_boar_caf80a8c-8c29-11eb-94d1-000d3a74c7de.txt,1,wild_boar,SWG Camera Traps 2018-2020,https://storage.googleapis.com/public-datasets-lila/swg-camera-traps/public/lao/loc_0431/2020/07/image_00302.jpg,LILA species bbox export,Community Data License Agreement (permissive variant),caf80a8c-8c29-11eb-94d1-000d3a74c7de,Eurasian Wild Pig,seq:ddd66820-8c29-11eb-8e2f-000d3a74c7de,train,bbd7862f169e56baa6aded53f3f0f58a53d67bb9b53056e8052d5e5056e1f75a,1,3840,2880,false
dataset_rural/images/train/wild_boar_cb123dc7-8c29-11eb-9bc0-000d3a74c7de.jpg,dataset_rural/labels/train/wild_boar_cb123dc7-8c29-11eb-9bc0-000d3a74c7de.txt,1,wild_boar,SWG Camera Traps 2018-2020,https://storage.googleapis.com/public-datasets-lila/swg-camera-traps/public/lao/loc_0440/2020/04/image_00554.jpg,LILA species bbox export,Community Data License Agreement (permissive variant),cb123dc7-8c29-11eb-9bc0-000d3a74c7de,Eurasian Wild Pig,seq:0bd40a6f-8c2a-11eb-b866-000d3a74c7de,train,7b275441f18eb4521914142d29b18078ec23160f2fa6448b3c720eb0d892d6de,1,3840,2880,false
dataset_rural/images/train/wild_boar_cb1e304e-8c29-11eb-9991-000d3a74c7de.jpg,dataset_rural/labels/train/wild_boar_cb1e304e-8c29-11eb-9991-000d3a74c7de.txt,1,wild_boar,SWG Camera Traps 2018-2020,https://storage.googleapis.com/public-datasets-lila/swg-camera-traps/public/lao/loc_0447/2020/07/image_00325.jpg,LILA species bbox export,Community Data License Agreement (permissive variant),cb1e304e-8c29-11eb-9991-000d3a74c7de,Eurasian Wild Pig,seq:2360d555-8c2a-11eb-bc1d-000d3a74c7de,train,f87321a4c0c17a823b09f3286e72881648879bbfc6c4c20509b751e9bf0fd533,1,3840,2880,false
dataset_rural/images/train/wild_boar_cb22f090-8c29-11eb-8029-000d3a74c7de.jpg,dataset_rural/labels/train/wild_boar_cb22f090-8c29-11eb-8029-000d3a74c7de.txt,1,wild_boar,SWG Camera Traps 2018-2020,https://storage.googleapis.com/public-datasets-lila/swg-camera-traps/public/lao/loc_0449/2020/08/image_00030.jpg,LILA species bbox export,Community Data License Agreement (permissive variant),cb22f090-8c29-11eb-8029-000d3a74c7de,Eurasian Wild Pig,seq:37cfe823-8c2a-11eb-a376-000d3a74c7de,train,0caa7173aaedca3c2e25a2524ddcb3f352edaf36545e1655a7ba9f40db96aecc,1,3840,2880,false
dataset_rural/images/train/wild_boar_cb503d22-8c29-11eb-9643-000d3a74c7de.jpg,dataset_rural/labels/train/wild_boar_cb503d22-8c29-11eb-9643-000d3a74c7de.txt,1,wild_boar,SWG Camera Traps 2018-2020,https://storage.googleapis.com/public-datasets-lila/swg-camera-traps/public/lao/loc_0457/2020/05/image_00220.jpg,LILA species bbox export,Community Data License Agreement (permissive variant),cb503d22-8c29-11eb-9643-000d3a74c7de,Eurasian Wild Pig,seq:075940fb-8c2a-11eb-ace9-000d3a74c7de,train,a3676961817160097b4d805686c054efce8260a593d57ec185d2686d9d1b2ccf,1,3840,2880,false
dataset_rural/images/val/wild_boar_cb503d35-8c29-11eb-96fb-000d3a74c7de.jpg,dataset_rural/labels/val/wild_boar_cb503d35-8c29-11eb-96fb-000d3a74c7de.txt,1,wild_boar,SWG Camera Traps 2018-2020,https://storage.googleapis.com/public-datasets-lila/swg-camera-traps/public/lao/loc_0457/2020/05/image_00239.jpg,LILA species bbox export,Community Data License Agreement (permissive variant),cb503d35-8c29-11eb-96fb-000d3a74c7de,Eurasian Wild Pig,seq:075940fe-8c2a-11eb-96fd-000d3a74c7de,val,0f6de1c29d23b63b81560ea8aace1cc420537fa219751993633f8337a2243aa0,1,3840,2880,false
dataset_rural/images/train/wild_boar_cb9c8465-8c29-11eb-9167-000d3a74c7de.jpg,dataset_rural/labels/train/wild_boar_cb9c8465-8c29-11eb-9167-000d3a74c7de.txt,1,wild_boar,SWG Camera Traps 2018-2020,https://storage.googleapis.com/public-datasets-lila/swg-camera-traps/public/lao/loc_0464/2020/06/image_00109.jpg,LILA species bbox export,Community Data License Agreement (permissive variant),cb9c8465-8c29-11eb-9167-000d3a74c7de,Eurasian Wild Pig,seq:e3da94af-8c29-11eb-bc83-000d3a74c7de,train,92fd5985126b7f3f69d9462f9e174684177584911ab550f8b3de7ca8ee5b8a54,1,3840,2880,false
dataset_rural/images/train/wild_boar_cb9eeb28-8c29-11eb-a07d-000d3a74c7de.jpg,dataset_rural/labels/train/wild_boar_cb9eeb28-8c29-11eb-a07d-000d3a74c7de.txt,1,wild_boar,SWG Camera Traps 2018-2020,https://storage.googleapis.com/public-datasets-lila/swg-camera-traps/public/lao/loc_0465/2020/05/image_00050.jpg,LILA species bbox export,Community Data License Agreement (permissive variant),cb9eeb28-8c29-11eb-a07d-000d3a74c7de,Eurasian Wild Pig,seq:002f6d41-8c2a-11eb-ac24-000d3a74c7de,train,919da6ff019aef4a50adc640f69aa94f7668e571f40bf6d89f4cdbead312f6b0,1,3840,2880,false
dataset_rural/images/test/wild_boar_cba148e1-8c29-11eb-8ea7-000d3a74c7de.jpg,dataset_rural/labels/test/wild_boar_cba148e1-8c29-11eb-8ea7-000d3a74c7de.txt,1,wild_boar,SWG Camera Traps 2018-2020,https://storage.googleapis.com/public-datasets-lila/swg-camera-traps/public/lao/loc_0465/2020/08/image_00064.jpg,LILA species bbox export,Community Data License Agreement (permissive variant),cba148e1-8c29-11eb-8ea7-000d3a74c7de,Eurasian Wild Pig,seq:002f6d7d-8c2a-11eb-8467-000d3a74c7de,test,c36e3565a3b79640e8085d3e3c0e089025fcd3744d8033d1b105124f7cf4127e,1,3840,2880,false
dataset_rural/images/test/wild_boar_cba14a8b-8c29-11eb-bc0d-000d3a74c7de.jpg,dataset_rural/labels/test/wild_boar_cba14a8b-8c29-11eb-bc0d-000d3a74c7de.txt,1,wild_boar,SWG Camera Traps 2018-2020,https://storage.googleapis.com/public-datasets-lila/swg-camera-traps/public/lao/loc_0465/2020/08/image_00490.jpg,LILA species bbox export,Community Data License Agreement (permissive variant),cba14a8b-8c29-11eb-bc0d-000d3a74c7de,Eurasian Wild Pig,seq:002f6d87-8c2a-11eb-a9ca-000d3a74c7de,test,436d253c3b6d064f7d2e533741853bc8a5edab39e89c23caea1cfef11891b350,2,3840,2880,false
dataset_rural/images/test/wild_boar_cbaf9af6-8c29-11eb-95ee-000d3a74c7de.jpg,dataset_rural/labels/test/wild_boar_cbaf9af6-8c29-11eb-95ee-000d3a74c7de.txt,1,wild_boar,SWG Camera Traps 2018-2020,https://storage.googleapis.com/public-datasets-lila/swg-camera-traps/public/lao/loc_0470/2020/08/image_00068.jpg,LILA species bbox export,Community Data License Agreement (permissive variant),cbaf9af6-8c29-11eb-95ee-000d3a74c7de,Eurasian Wild Pig,seq:2af0d0b2-8c2a-11eb-a875-000d3a74c7de,test,4267c8ee7642515d365c8a82aeea8b711f9adcd34d716f034792b5f11b386641,1,3840,2880,false
dataset_rural/images/train/wild_boar_cbb460e6-8c29-11eb-a7ba-000d3a74c7de.jpg,dataset_rural/labels/train/wild_boar_cbb460e6-8c29-11eb-a7ba-000d3a74c7de.txt,1,wild_boar,SWG Camera Traps 2018-2020,https://storage.googleapis.com/public-datasets-lila/swg-camera-traps/public/lao/loc_0472/2020/07/image_00825.jpg,LILA species bbox export,Community Data License Agreement (permissive variant),cbb460e6-8c29-11eb-a7ba-000d3a74c7de,Eurasian Wild Pig,seq:07fb5da3-8c2a-11eb-adbf-000d3a74c7de,train,9cc681cffefeea08ffde55b000728c19421087634eb51ac3c795a97292b20697,2,3840,2880,false
dataset_rural/images/test/wild_boar_cbbde9cf-8c29-11eb-b02b-000d3a74c7de.jpg,dataset_rural/labels/test/wild_boar_cbbde9cf-8c29-11eb-b02b-000d3a74c7de.txt,1,wild_boar,SWG Camera Traps 2018-2020,https://storage.googleapis.com/public-datasets-lila/swg-camera-traps/public/lao/loc_0476/2020/06/image_00022.jpg,LILA species bbox export,Community Data License Agreement (permissive variant),cbbde9cf-8c29-11eb-b02b-000d3a74c7de,Eurasian Wild Pig,seq:f4fb2911-8c29-11eb-8cf8-000d3a74c7de,test,b3d147176574d2f2d6d513080740a3cc7da8bc2bbb2d6846915e3211aa134161,1,3840,2880,false
dataset_rural/images/train/wild_boar_cbcc3b95-8c29-11eb-bf7a-000d3a74c7de.jpg,dataset_rural/labels/train/wild_boar_cbcc3b95-8c29-11eb-bf7a-000d3a74c7de.txt,1,wild_boar,SWG Camera Traps 2018-2020,https://storage.googleapis.com/public-datasets-lila/swg-camera-traps/public/lao/loc_0484/2020/07/image_00420.jpg,LILA species bbox export,Community Data License Agreement (permissive variant),cbcc3b95-8c29-11eb-bf7a-000d3a74c7de,Eurasian Wild Pig,seq:1a42b180-8c2a-11eb-9737-000d3a74c7de,train,d14280d2af00d7440adadf97e90220e05483e77b6415daaf34d86bdae8643726,1,3840,2880,false
dataset_rural/images/val/wild_boar_cbda8843-8c29-11eb-9af3-000d3a74c7de.jpg,dataset_rural/labels/val/wild_boar_cbda8843-8c29-11eb-9af3-000d3a74c7de.txt,1,wild_boar,SWG Camera Traps 2018-2020,https://storage.googleapis.com/public-datasets-lila/swg-camera-traps/public/lao/loc_0489/2020/04/image_00533.jpg,LILA species bbox export,Community Data License Agreement (permissive variant),cbda8843-8c29-11eb-9af3-000d3a74c7de,Eurasian Wild Pig,seq:de3f4ac1-8c29-11eb-80e7-000d3a74c7de,val,c1b5dfafdc4732ca11069259325d01065b47063250cc8a63cdd84e36e4fb2cbc,1,3840,2880,false
dataset_rural/images/train/wild_boar_cbda8895-8c29-11eb-b7f7-000d3a74c7de.jpg,dataset_rural/labels/train/wild_boar_cbda8895-8c29-11eb-b7f7-000d3a74c7de.txt,1,wild_boar,SWG Camera Traps 2018-2020,https://storage.googleapis.com/public-datasets-lila/swg-camera-traps/public/lao/loc_0489/2020/07/image_00453.jpg,LILA species bbox export,Community Data License Agreement (permissive variant),cbda8895-8c29-11eb-b7f7-000d3a74c7de,Eurasian Wild Pig,seq:de3f4b3f-8c29-11eb-a9e3-000d3a74c7de,train,585eafe12d8e528c7c8f098c6a146d7ab104e1cab50890425c8ec594aa8a246d,1,3840,2880,false
dataset_rural/images/train/wild_boar_cbdced92-8c29-11eb-a6f4-000d3a74c7de.jpg,dataset_rural/labels/train/wild_boar_cbdced92-8c29-11eb-a6f4-000d3a74c7de.txt,1,wild_boar,SWG Camera Traps 2018-2020,https://storage.googleapis.com/public-datasets-lila/swg-camera-traps/public/lao/loc_0490/2020/06/image_00041.jpg,LILA species bbox export,Community Data License Agreement (permissive variant),cbdced92-8c29-11eb-a6f4-000d3a74c7de,Eurasian Wild Pig,seq:3a66b8b0-8c2a-11eb-a870-000d3a74c7de,train,5811d1592cfec971f457c423f42b5a547296c5482556aa3867dac733746d5cb8,3,3840,2880,false
dataset_rural/images/test/wild_boar_cbdf4def-8c29-11eb-99e5-000d3a74c7de.jpg,dataset_rural/labels/test/wild_boar_cbdf4def-8c29-11eb-99e5-000d3a74c7de.txt,1,wild_boar,SWG Camera Traps 2018-2020,https://storage.googleapis.com/public-datasets-lila/swg-camera-traps/public/lao/loc_0490/2020/07/image_00090.jpg,LILA species bbox export,Community Data License Agreement (permissive variant),cbdf4def-8c29-11eb-99e5-000d3a74c7de,Eurasian Wild Pig,seq:3a66b8d0-8c2a-11eb-b7b5-000d3a74c7de,test,115e14b79f0d38052e34fe0247080e44f6b513b62311c4621525663ae3168f05,1,3840,2880,false
dataset_rural/images/train/wild_boar_cbeb3cc8-8c29-11eb-a40b-000d3a74c7de.jpg,dataset_rural/labels/train/wild_boar_cbeb3cc8-8c29-11eb-a40b-000d3a74c7de.txt,1,wild_boar,SWG Camera Traps 2018-2020,https://storage.googleapis.com/public-datasets-lila/swg-camera-traps/public/lao/loc_0494/2020/07/image_00100.jpg,LILA species bbox export,Community Data License Agreement (permissive variant),cbeb3cc8-8c29-11eb-a40b-000d3a74c7de,Eurasian Wild Pig,seq:ee599ce4-8c29-11eb-a0fa-000d3a74c7de,train,141148d8372c87539aa141bf510d333d8a34cb41d412be335ebecc40d7662cb8,1,3840,2880,false
dataset_rural/images/train/wild_boar_cbed9994-8c29-11eb-87df-000d3a74c7de.jpg,dataset_rural/labels/train/wild_boar_cbed9994-8c29-11eb-87df-000d3a74c7de.txt,1,wild_boar,SWG Camera Traps 2018-2020,https://storage.googleapis.com/public-datasets-lila/swg-camera-traps/public/lao/loc_0495/2020/06/image_00103.jpg,LILA species bbox export,Community Data License Agreement (permissive variant),cbed9994-8c29-11eb-87df-000d3a74c7de,Eurasian Wild Pig,seq:3ff882fe-8c2a-11eb-9f0f-000d3a74c7de,train,f3931983ecc682bbdcb904794edcc59631ff435268827719242fa2c019e2b2a0,1,3840,2880,false
dataset_rural/images/train/wild_boar_cbfbe28a-8c29-11eb-8101-000d3a74c7de.jpg,dataset_rural/labels/train/wild_boar_cbfbe28a-8c29-11eb-8101-000d3a74c7de.txt,1,wild_boar,SWG Camera Traps 2018-2020,https://storage.googleapis.com/public-datasets-lila/swg-camera-traps/public/lao/loc_0501/2020/04/image_00156.jpg,LILA species bbox export,Community Data License Agreement (permissive variant),cbfbe28a-8c29-11eb-8101-000d3a74c7de,Eurasian Wild Pig,seq:f5e26d73-8c29-11eb-9dda-000d3a74c7de,train,109f10adc4056db74eb824101f590ce3edc1fc300b4f105f940bccb0d0f557f8,1,3840,2880,false
dataset_rural/images/train/wild_boar_cc161c68-8c29-11eb-81e4-000d3a74c7de.jpg,dataset_rural/labels/train/wild_boar_cc161c68-8c29-11eb-81e4-000d3a74c7de.txt,1,wild_boar,SWG Camera Traps 2018-2020,https://storage.googleapis.com/public-datasets-lila/swg-camera-traps/public/lao/loc_0508/2020/04/image_00409.jpg,LILA species bbox export,Community Data License Agreement (permissive variant),cc161c68-8c29-11eb-81e4-000d3a74c7de,Eurasian Wild Pig,seq:36a11c76-8c2a-11eb-b3c2-000d3a74c7de,train,352759635f2ceb509ae5d1bc6cf7c57ea293b7bf75f07410b424ed5983a64321,1,3840,2880,false
dataset_rural/images/train/wild_boar_cc2206d3-8c29-11eb-bf59-000d3a74c7de.jpg,dataset_rural/labels/train/wild_boar_cc2206d3-8c29-11eb-bf59-000d3a74c7de.txt,1,wild_boar,SWG Camera Traps 2018-2020,https://storage.googleapis.com/public-datasets-lila/swg-camera-traps/public/lao/loc_0510/2020/04/image_00757.jpg,LILA species bbox export,Community Data License Agreement (permissive variant),cc2206d3-8c29-11eb-bf59-000d3a74c7de,Eurasian Wild Pig,seq:e59ad75f-8c29-11eb-a278-000d3a74c7de,train,1ac947681b3757a6ff5c83836ce335c70ddb2fe86ab6db47ba3bac22f5dc8589,1,2688,1512,false
dataset_rural/images/test/wild_boar_cc2206db-8c29-11eb-94cb-000d3a74c7de.jpg,dataset_rural/labels/test/wild_boar_cc2206db-8c29-11eb-94cb-000d3a74c7de.txt,1,wild_boar,SWG Camera Traps 2018-2020,https://storage.googleapis.com/public-datasets-lila/swg-camera-traps/public/lao/loc_0510/2020/07/image_00500.jpg,LILA species bbox export,Community Data License Agreement (permissive variant),cc2206db-8c29-11eb-94cb-000d3a74c7de,Eurasian Wild Pig,seq:e59ad911-8c29-11eb-ad2c-000d3a74c7de,test,c6e1b67fd7579ae6eb15fa2137904e104a1f025e3b6b49c4a18efc1cba0fff68,1,2688,1512,false
dataset_rural/images/train/wild_boar_cc698e45-8c29-11eb-acd3-000d3a74c7de.jpg,dataset_rural/labels/train/wild_boar_cc698e45-8c29-11eb-acd3-000d3a74c7de.txt,1,wild_boar,SWG Camera Traps 2018-2020,https://storage.googleapis.com/public-datasets-lila/swg-camera-traps/public/lao/loc_0521/2020/06/image_00201.jpg,LILA species bbox export,Community Data License Agreement (permissive variant),cc698e45-8c29-11eb-acd3-000d3a74c7de,Eurasian Wild Pig,seq:f6b6cdc6-8c29-11eb-9f55-000d3a74c7de,train,afe7d87a55bfe8ce0cc2756b539423f696a5cd96636bc5cf6cbd4c53ce31b070,1,2560,1920,false
dataset_rural/images/train/wild_boar_cc6bf10e-8c29-11eb-b796-000d3a74c7de.jpg,dataset_rural/labels/train/wild_boar_cc6bf10e-8c29-11eb-b796-000d3a74c7de.txt,1,wild_boar,SWG Camera Traps 2018-2020,https://storage.googleapis.com/public-datasets-lila/swg-camera-traps/public/lao/loc_0522/2020/06/image_00333.jpg,LILA species bbox export,Community Data License Agreement (permissive variant),cc6bf10e-8c29-11eb-b796-000d3a74c7de,Eurasian Wild Pig,seq:077377a4-8c2a-11eb-897b-000d3a74c7de,train,4f9aae74e5b46bc641ae86fa6e1797cb46607cec3b2ab58c8f054aae68700e20,1,2560,1920,false
dataset_rural/images/train/wild_boar_cc6e4f83-8c29-11eb-aa91-000d3a74c7de.jpg,dataset_rural/labels/train/wild_boar_cc6e4f83-8c29-11eb-aa91-000d3a74c7de.txt,1,wild_boar,SWG Camera Traps 2018-2020,https://storage.googleapis.com/public-datasets-lila/swg-camera-traps/public/lao/loc_0522/2020/08/image_00147.jpg,LILA species bbox export,Community Data License Agreement (permissive variant),cc6e4f83-8c29-11eb-aa91-000d3a74c7de,Eurasian Wild Pig,seq:077377f2-8c2a-11eb-8a34-000d3a74c7de,train,b04350fc5f084e059cbe976c0e0f69e4da8d7ccfa8a02c2dfbd0b76fb125aecd,1,2560,1920,false
dataset_rural/images/train/wild_boar_cc6e5303-8c29-11eb-b0db-000d3a74c7de.jpg,dataset_rural/labels/train/wild_boar_cc6e5303-8c29-11eb-b0db-000d3a74c7de.txt,1,wild_boar,SWG Camera Traps 2018-2020,https://storage.googleapis.com/public-datasets-lila/swg-camera-traps/public/lao/loc_0523/2020/08/image_00062.jpg,LILA species bbox export,Community Data License Agreement (permissive variant),cc6e5303-8c29-11eb-b0db-000d3a74c7de,Eurasian Wild Pig,seq:ef290986-8c29-11eb-ac96-000d3a74c7de,train,4ee1fd572c25e8d2accb3bc236a084944edce91f27da31565003e97427682e38,1,2560,1920,false
dataset_rural/images/train/wild_boar_cc70b404-8c29-11eb-b929-000d3a74c7de.jpg,dataset_rural/labels/train/wild_boar_cc70b404-8c29-11eb-b929-000d3a74c7de.txt,1,wild_boar,SWG Camera Traps 2018-2020,https://storage.googleapis.com/public-datasets-lila/swg-camera-traps/public/lao/loc_0524/2020/07/image_00165.jpg,LILA species bbox export,Community Data License Agreement (permissive variant),cc70b404-8c29-11eb-b929-000d3a74c7de,Eurasian Wild Pig,seq:f02ce898-8c29-11eb-ad69-000d3a74c7de,train,4f6086038dfea9aafff2e15525907f0b1f9e538e2c118296d004ae205735974c,1,2560,1920,false
dataset_rural/images/train/wild_boar_cc75a8fa-8c29-11eb-987e-000d3a74c7de.jpg,dataset_rural/labels/train/wild_boar_cc75a8fa-8c29-11eb-987e-000d3a74c7de.txt,1,wild_boar,SWG Camera Traps 2018-2020,https://storage.googleapis.com/public-datasets-lila/swg-camera-traps/public/lao/loc_0526/2020/08/image_00062.jpg,LILA species bbox export,Community Data License Agreement (permissive variant),cc75a8fa-8c29-11eb-987e-000d3a74c7de,Eurasian Wild Pig,seq:2d4c05d6-8c2a-11eb-bf9b-000d3a74c7de,train,1c12bfb04fcc510a71fc2e00b61890842bf805b92d9417cc855fb17528fac36b,1,2560,1920,false
dataset_rural/images/train/wild_boar_ccb83d33-8c29-11eb-9c49-000d3a74c7de.jpg,dataset_rural/labels/train/wild_boar_ccb83d33-8c29-11eb-9c49-000d3a74c7de.txt,1,wild_boar,SWG Camera Traps 2018-2020,https://storage.googleapis.com/public-datasets-lila/swg-camera-traps/public/lao/loc_0528/2020/06/image_00236.jpg,LILA species bbox export,Community Data License Agreement (permissive variant),ccb83d33-8c29-11eb-9c49-000d3a74c7de,Eurasian Wild Pig,seq:faa28c4f-8c29-11eb-8f3c-000d3a74c7de,train,63d2f8628ba4d72b3d8db3202c96c81aef843aa151179906af9f9b271b392422,1,2560,1920,false
dataset_rural/images/train/wild_boar_ccbd007e-8c29-11eb-ad87-000d3a74c7de.jpg,dataset_rural/labels/train/wild_boar_ccbd007e-8c29-11eb-ad87-000d3a74c7de.txt,1,wild_boar,SWG Camera Traps 2018-2020,https://storage.googleapis.com/public-datasets-lila/swg-camera-traps/public/lao/loc_0530/2020/06/image_00221.jpg,LILA species bbox export,Community Data License Agreement (permissive variant),ccbd007e-8c29-11eb-ad87-000d3a74c7de,Eurasian Wild Pig,seq:353918bf-8c2a-11eb-a1d6-000d3a74c7de,train,8f8d664027619a1f0215b08251f4d4b92bc8005b300b32a7cf6da08ceb74b85f,1,2560,1920,false
dataset_rural/images/train/wild_boar_ccbd013e-8c29-11eb-91f4-000d3a74c7de.jpg,dataset_rural/labels/train/wild_boar_ccbd013e-8c29-11eb-91f4-000d3a74c7de.txt,1,wild_boar,SWG Camera Traps 2018-2020,https://storage.googleapis.com/public-datasets-lila/swg-camera-traps/public/lao/loc_0530/2020/08/image_00059.jpg,LILA species bbox export,Community Data License Agreement (permissive variant),ccbd013e-8c29-11eb-91f4-000d3a74c7de,Eurasian Wild Pig,seq:35391919-8c2a-11eb-abad-000d3a74c7de,train,5192d4805b7ad063ddc45cc75cebe0341638194001c5ce8f4b840febffd006e5,1,2560,1920,false
dataset_rural/images/val/wild_boar_ccbf7305-8c29-11eb-858a-000d3a74c7de.jpg,dataset_rural/labels/val/wild_boar_ccbf7305-8c29-11eb-858a-000d3a74c7de.txt,1,wild_boar,SWG Camera Traps 2018-2020,https://storage.googleapis.com/public-datasets-lila/swg-camera-traps/public/lao/loc_0531/2020/07/image_00257.jpg,LILA species bbox export,Community Data License Agreement (permissive variant),ccbf7305-8c29-11eb-858a-000d3a74c7de,Eurasian Wild Pig,seq:e105cd35-8c29-11eb-a072-000d3a74c7de,val,dd01eacc57470f2f1049070d5ebe2fe13cc88ba032d126928eaa3096e804383d,1,2560,1920,false
dataset_rural/images/val/wild_boar_cccb5495-8c29-11eb-bea2-000d3a74c7de.jpg,dataset_rural/labels/val/wild_boar_cccb5495-8c29-11eb-bea2-000d3a74c7de.txt,1,wild_boar,SWG Camera Traps 2018-2020,https://storage.googleapis.com/public-datasets-lila/swg-camera-traps/public/lao/loc_0535/2020/07/image_00433.jpg,LILA species bbox export,Community Data License Agreement (permissive variant),cccb5495-8c29-11eb-bea2-000d3a74c7de,Eurasian Wild Pig,seq:09e8e77a-8c2a-11eb-93bf-000d3a74c7de,val,f91b1ebc29e1b098a0da5d176e819d75e5e9748805215088da72b70a9470b19a,1,3840,2880,false
dataset_rural/images/train/wild_boar_ccd27989-8c29-11eb-bc1e-000d3a74c7de.jpg,dataset_rural/labels/train/wild_boar_ccd27989-8c29-11eb-bc1e-000d3a74c7de.txt,1,wild_boar,SWG Camera Traps 2018-2020,https://storage.googleapis.com/public-datasets-lila/swg-camera-traps/public/lao/loc_0537/2020/05/image_00465.jpg,LILA species bbox export,Community Data License Agreement (permissive variant),ccd27989-8c29-11eb-bc1e-000d3a74c7de,Eurasian Wild Pig,seq:df47ed48-8c29-11eb-b396-000d3a74c7de,train,85407c42329d43fcaae5551b93114d6d5d68451c0d2b5b48d2e1f949de957697,5,3840,2880,false
dataset_rural/images/train/wild_boar_ccd4db26-8c29-11eb-adf3-000d3a74c7de.jpg,dataset_rural/labels/train/wild_boar_ccd4db26-8c29-11eb-adf3-000d3a74c7de.txt,1,wild_boar,SWG Camera Traps 2018-2020,https://storage.googleapis.com/public-datasets-lila/swg-camera-traps/public/lao/loc_0537/2020/06/image_00926.jpg,LILA species bbox export,Community Data License Agreement (permissive variant),ccd4db26-8c29-11eb-adf3-000d3a74c7de,Eurasian Wild Pig,seq:df47edaa-8c29-11eb-861a-000d3a74c7de,train,12670683ea98b4e2d0e5d057860871c53846bc333901e4c90fca913807199e92,1,3840,2880,false
dataset_rural/images/train/wild_boar_ccd4db48-8c29-11eb-8400-000d3a74c7de.jpg,dataset_rural/labels/train/wild_boar_ccd4db48-8c29-11eb-8400-000d3a74c7de.txt,1,wild_boar,SWG Camera Traps 2018-2020,https://storage.googleapis.com/public-datasets-lila/swg-camera-traps/public/lao/loc_0537/2020/06/image_00960.jpg,LILA species bbox export,Community Data License Agreement (permissive variant),ccd4db48-8c29-11eb-8400-000d3a74c7de,Eurasian Wild Pig,seq:df47edc5-8c29-11eb-8e7c-000d3a74c7de,train,014d7fd6b1b5a19e8e147146bab6421a062245b801569e2ed16d0db1bb5c119c,1,3840,2880,false
dataset_rural/images/test/wild_boar_ccd4dbf2-8c29-11eb-8a06-000d3a74c7de.jpg,dataset_rural/labels/test/wild_boar_ccd4dbf2-8c29-11eb-8a06-000d3a74c7de.txt,1,wild_boar,SWG Camera Traps 2018-2020,https://storage.googleapis.com/public-datasets-lila/swg-camera-traps/public/lao/loc_0537/2020/06/image_01130.jpg,LILA species bbox export,Community Data License Agreement (permissive variant),ccd4dbf2-8c29-11eb-8a06-000d3a74c7de,Eurasian Wild Pig,seq:df47edea-8c29-11eb-a4ca-000d3a74c7de,test,1f8719f1dd4151fd94aab0c3a8cfbed4c214660b958ed255e8953eabc36554ad,3,3840,2880,false
dataset_rural/images/train/wild_boar_ccd4dc47-8c29-11eb-b23f-000d3a74c7de.jpg,dataset_rural/labels/train/wild_boar_ccd4dc47-8c29-11eb-b23f-000d3a74c7de.txt,1,wild_boar,SWG Camera Traps 2018-2020,https://storage.googleapis.com/public-datasets-lila/swg-camera-traps/public/lao/loc_0537/2020/06/image_01215.jpg,LILA species bbox export,Community Data License Agreement (permissive variant),ccd4dc47-8c29-11eb-b23f-000d3a74c7de,Eurasian Wild Pig,seq:df47ee23-8c29-11eb-845d-000d3a74c7de,train,8e7b8fee30fb4a4554d235a1f28b4443cb9e63019dc613ae692c1e08f4a24b69,3,3840,2880,false
dataset_rural/images/test/wild_boar_ccf63c13-8c29-11eb-9a48-000d3a74c7de.jpg,dataset_rural/labels/test/wild_boar_ccf63c13-8c29-11eb-9a48-000d3a74c7de.txt,1,wild_boar,SWG Camera Traps 2018-2020,https://storage.googleapis.com/public-datasets-lila/swg-camera-traps/public/lao/loc_0551/2020/05/image_00206.jpg,LILA species bbox export,Community Data License Agreement (permissive variant),ccf63c13-8c29-11eb-9a48-000d3a74c7de,Eurasian Wild Pig,seq:1ef917d0-8c2a-11eb-91c4-000d3a74c7de,test,0e66b88549bdc63121b091d15317dbc9972716b004e8c4154cbdd537303ae75f,1,3840,2880,false
dataset_rural/images/train/wild_boar_cd094c37-8c29-11eb-bc65-000d3a74c7de.jpg,dataset_rural/labels/train/wild_boar_cd094c37-8c29-11eb-bc65-000d3a74c7de.txt,1,wild_boar,SWG Camera Traps 2018-2020,https://storage.googleapis.com/public-datasets-lila/swg-camera-traps/public/lao/loc_0558/2020/08/image_00262.jpg,LILA species bbox export,Community Data License Agreement (permissive variant),cd094c37-8c29-11eb-bc65-000d3a74c7de,Eurasian Wild Pig,seq:0f8f8c38-8c2a-11eb-b2e6-000d3a74c7de,train,1be6c42e3e1f82c188a50298e1e8a04605e3e5a065ad45123c4a46ce5d0f5bbb,1,3840,2880,false
dataset_rural/images/train/wild_boar_cd212343-8c29-11eb-a532-000d3a74c7de.jpg,dataset_rural/labels/train/wild_boar_cd212343-8c29-11eb-a532-000d3a74c7de.txt,1,wild_boar,SWG Camera Traps 2018-2020,https://storage.googleapis.com/public-datasets-lila/swg-camera-traps/public/lao/loc_0093/2018/09/image_00149.jpg,LILA species bbox export,Community Data License Agreement (permissive variant),cd212343-8c29-11eb-a532-000d3a74c7de,Eurasian Wild Pig,seq:31fdba38-8c2a-11eb-8469-000d3a74c7de,train,51fa346fa4b26cb1560b6cf6168803ecbc2deeed110b93cbca205056be79d921,3,2560,1920,false
dataset_rural/images/train/wild_boar_cd212347-8c29-11eb-a7c3-000d3a74c7de.jpg,dataset_rural/labels/train/wild_boar_cd212347-8c29-11eb-a7c3-000d3a74c7de.txt,1,wild_boar,SWG Camera Traps 2018-2020,https://storage.googleapis.com/public-datasets-lila/swg-camera-traps/public/lao/loc_0093/2018/09/image_00153.jpg,LILA species bbox export,Community Data License Agreement (permissive variant),cd212347-8c29-11eb-a7c3-000d3a74c7de,Eurasian Wild Pig,seq:31fdba39-8c2a-11eb-8e98-000d3a74c7de,train,3aefd6dde19502a13db2e2aa5f1bd28d003bae9b2f9ea07005a6b1e72d5dbb8c,2,2560,1920,false
dataset_rural/images/train/wild_boar_cd25e7c4-8c29-11eb-8ef7-000d3a74c7de.jpg,dataset_rural/labels/train/wild_boar_cd25e7c4-8c29-11eb-8ef7-000d3a74c7de.txt,1,wild_boar,SWG Camera Traps 2018-2020,https://storage.googleapis.com/public-datasets-lila/swg-camera-traps/public/lao/loc_0096/2018/09/image_00099.jpg,LILA species bbox export,Community Data License Agreement (permissive variant),cd25e7c4-8c29-11eb-8ef7-000d3a74c7de,Eurasian Wild Pig,seq:203176fb-8c2a-11eb-8e12-000d3a74c7de,train,68ac345ec90b7183ea10beabe4dc48682bbc3ff51057d6fc4d53f54109670298,2,3840,2880,false
dataset_rural/images/train/wild_boar_cd284afd-8c29-11eb-a3c5-000d3a74c7de.jpg,dataset_rural/labels/train/wild_boar_cd284afd-8c29-11eb-a3c5-000d3a74c7de.txt,1,wild_boar,SWG Camera Traps 2018-2020,https://storage.googleapis.com/public-datasets-lila/swg-camera-traps/public/lao/loc_0099/2018/07/image_00045.jpg,LILA species bbox export,Community Data License Agreement (permissive variant),cd284afd-8c29-11eb-a3c5-000d3a74c7de,Eurasian Wild Pig,seq:0e08551b-8c2a-11eb-b38e-000d3a74c7de,train,b88e682af556eab444752a33c3cc043b91ba2a0e51ab534fa61f2c17a434da5a,1,2560,1920,false
dataset_rural/images/val/wild_boar_cd2ab020-8c29-11eb-a31f-000d3a74c7de.jpg,dataset_rural/labels/val/wild_boar_cd2ab020-8c29-11eb-a31f-000d3a74c7de.txt,1,wild_boar,SWG Camera Traps 2018-2020,https://storage.googleapis.com/public-datasets-lila/swg-camera-traps/public/lao/loc_0101/2018/06/image_00107.jpg,LILA species bbox export,Community Data License Agreement (permissive variant),cd2ab020-8c29-11eb-a31f-000d3a74c7de,Eurasian Wild Pig,seq:2769334c-8c2a-11eb-99c7-000d3a74c7de,val,18e6acba2acaaf13612a5019461021466b0c0a90dcfdce0c4226da6cd55a655b,1,4608,2592,false
dataset_rural/images/train/wild_boar_cd31d5fd-8c29-11eb-82bf-000d3a74c7de.jpg,dataset_rural/labels/train/wild_boar_cd31d5fd-8c29-11eb-82bf-000d3a74c7de.txt,1,wild_boar,SWG Camera Traps 2018-2020,https://storage.googleapis.com/public-datasets-lila/swg-camera-traps/public/lao/loc_0105/2018/09/image_00389.jpg,LILA species bbox export,Community Data License Agreement (permissive variant),cd31d5fd-8c29-11eb-82bf-000d3a74c7de,Eurasian Wild Pig,seq:1710e8ff-8c2a-11eb-b51a-000d3a74c7de,train,d40b555b33a496516bb30a7f44bff71338523ea0370d5bd4160be7aeeef7ce4e,1,3840,2880,false
dataset_rural/images/val/wild_boar_cd3b5ba0-8c29-11eb-a441-000d3a74c7de.jpg,dataset_rural/labels/val/wild_boar_cd3b5ba0-8c29-11eb-a441-000d3a74c7de.txt,1,wild_boar,SWG Camera Traps 2018-2020,https://storage.googleapis.com/public-datasets-lila/swg-camera-traps/public/lao/loc_0112/2018/08/image_00150.jpg,LILA species bbox export,Community Data License Agreement (permissive variant),cd3b5ba0-8c29-11eb-a441-000d3a74c7de,Eurasian Wild Pig,seq:f76bffe6-8c29-11eb-9e39-000d3a74c7de,val,ed6a8caf48689ec4085014324b7a5154e183c5f900af3c4f47f89404ede96e58,1,3840,2880,false
dataset_rural/images/train/wild_boar_cd8080bc-8c29-11eb-b50b-000d3a74c7de.jpg,dataset_rural/labels/train/wild_boar_cd8080bc-8c29-11eb-b50b-000d3a74c7de.txt,1,wild_boar,SWG Camera Traps 2018-2020,https://storage.googleapis.com/public-datasets-lila/swg-camera-traps/public/lao/loc_0123/2018/07/image_00504.jpg,LILA species bbox export,Community Data License Agreement (permissive variant),cd8080bc-8c29-11eb-b50b-000d3a74c7de,Eurasian Wild Pig,seq:36d5903e-8c2a-11eb-addb-000d3a74c7de,train,48e0ff69b0a8d0e750bd70017cb731d818b819900cebdfc4bfd1c1fed5306e8e,1,3840,2880,false
dataset_rural/images/train/wild_boar_cd87ab53-8c29-11eb-95f2-000d3a74c7de.jpg,dataset_rural/labels/train/wild_boar_cd87ab53-8c29-11eb-95f2-000d3a74c7de.txt,1,wild_boar,SWG Camera Traps 2018-2020,https://storage.googleapis.com/public-datasets-lila/swg-camera-traps/public/lao/loc_0127/2018/06/image_00102.jpg,LILA species bbox export,Community Data License Agreement (permissive variant),cd87ab53-8c29-11eb-95f2-000d3a74c7de,Eurasian Wild Pig,seq:f7a07565-8c29-11eb-bb8d-000d3a74c7de,train,75b916aeb650bb1835fa5847949bda15d5ef937dbba48c4fbc5285d85c453e9d,1,3840,2880,false
dataset_rural/images/train/wild_boar_cd87acec-8c29-11eb-896f-000d3a74c7de.jpg,dataset_rural/labels/train/wild_boar_cd87acec-8c29-11eb-896f-000d3a74c7de.txt,1,wild_boar,SWG Camera Traps 2018-2020,https://storage.googleapis.com/public-datasets-lila/swg-camera-traps/public/lao/loc_0127/2018/08/image_00494.jpg,LILA species bbox export,Community Data License Agreement (permissive variant),cd87acec-8c29-11eb-896f-000d3a74c7de,Eurasian Wild Pig,seq:f7a075bd-8c29-11eb-9d19-000d3a74c7de,train,9b1e1b064b6da7a10b6a65bd4380e689e11803e830ea91887b2df0ce8f692854,1,3840,2880,false
dataset_rural/images/train/wild_boar_cd8a1004-8c29-11eb-b188-000d3a74c7de.jpg,dataset_rural/labels/train/wild_boar_cd8a1004-8c29-11eb-b188-000d3a74c7de.txt,1,wild_boar,SWG Camera Traps 2018-2020,https://storage.googleapis.com/public-datasets-lila/swg-camera-traps/public/lao/loc_0128/2018/08/image_00088.jpg,LILA species bbox export,Community Data License Agreement (permissive variant),cd8a1004-8c29-11eb-b188-000d3a74c7de,Eurasian Wild Pig,seq:16169331-8c2a-11eb-9fc8-000d3a74c7de,train,a4143ed95cd668d9d52ad58fedeafd929eee757cdf5715c8f80f9fc0815c5c78,1,3840,2880,false
dataset_rural/images/train/wild_boar_cdb291d8-8c29-11eb-a37c-000d3a74c7de.jpg,dataset_rural/labels/train/wild_boar_cdb291d8-8c29-11eb-a37c-000d3a74c7de.txt,1,wild_boar,SWG Camera Traps 2018-2020,https://storage.googleapis.com/public-datasets-lila/swg-camera-traps/public/lao/loc_0155/2018/09/image_00113.jpg,LILA species bbox export,Community Data License Agreement (permissive variant),cdb291d8-8c29-11eb-a37c-000d3a74c7de,Eurasian Wild Pig,seq:0fc19fc9-8c2a-11eb-ac9c-000d3a74c7de,train,1a2b41f284da19741747585f7800201c22138cb716595264c84d224491216132,1,4608,2592,false
dataset_rural/images/train/wild_boar_cdb4f50d-8c29-11eb-b5d3-000d3a74c7de.jpg,dataset_rural/labels/train/wild_boar_cdb4f50d-8c29-11eb-b5d3-000d3a74c7de.txt,1,wild_boar,SWG Camera Traps 2018-2020,https://storage.googleapis.com/public-datasets-lila/swg-camera-traps/public/lao/loc_0156/2018/08/image_00275.jpg,LILA species bbox export,Community Data License Agreement (permissive variant),cdb4f50d-8c29-11eb-b5d3-000d3a74c7de,Eurasian Wild Pig,seq:02352c7f-8c2a-11eb-a8cb-000d3a74c7de,train,2c91359bcfad54a7c9f4254815dde37c5260e8f8de9a79b7926161c1c4bcac90,1,3840,2880,false
dataset_rural/images/train/wild_boar_ce03ad31-8c29-11eb-b53d-000d3a74c7de.jpg,dataset_rural/labels/train/wild_boar_ce03ad31-8c29-11eb-b53d-000d3a74c7de.txt,1,wild_boar,SWG Camera Traps 2018-2020,https://storage.googleapis.com/public-datasets-lila/swg-camera-traps/public/lao/loc_0162/2018/07/image_00212.jpg,LILA species bbox export,Community Data License Agreement (permissive variant),ce03ad31-8c29-11eb-b53d-000d3a74c7de,Eurasian Wild Pig,seq:2fdbabab-8c2a-11eb-a066-000d3a74c7de,train,3e24a25d88f16d97f25a9e4e03b33ff112c4ab0a2242fdea539655be90d87f49,1,2560,1920,false
dataset_rural/images/train/wild_boar_ce191f00-8c29-11eb-aa3a-000d3a74c7de.jpg,dataset_rural/labels/train/wild_boar_ce191f00-8c29-11eb-aa3a-000d3a74c7de.txt,1,wild_boar,SWG Camera Traps 2018-2020,https://storage.googleapis.com/public-datasets-lila/swg-camera-traps/public/lao/loc_0171/2018/10/image_00048.jpg,LILA species bbox export,Community Data License Agreement (permissive variant),ce191f00-8c29-11eb-aa3a-000d3a74c7de,Eurasian Wild Pig,seq:fb234c7f-8c29-11eb-bfcf-000d3a74c7de,train,e0015da69bdf9ca028c61a72987e777c030a5947f1527b3a39205d3404cc8e17,1,3840,2880,false
dataset_rural/images/train/wild_boar_ce4ff0c5-8c29-11eb-afa9-000d3a74c7de.jpg,dataset_rural/labels/train/wild_boar_ce4ff0c5-8c29-11eb-afa9-000d3a74c7de.txt,1,wild_boar,SWG Camera Traps 2018-2020,https://storage.googleapis.com/public-datasets-lila/swg-camera-traps/public/lao/loc_0202/2018/08/image_00145.jpg,LILA species bbox export,Community Data License Agreement (permissive variant),ce4ff0c5-8c29-11eb-afa9-000d3a74c7de,Eurasian Wild Pig,seq:12ee54c5-8c2a-11eb-9f2f-000d3a74c7de,train,eeb6203c321e9949441d8700d1857850d5c7d087cf02eee1cc478a48555a4e4e,1,3840,2880,false
dataset_rural/images/train/wild_boar_ce76145b-8c29-11eb-bf18-000d3a74c7de.jpg,dataset_rural/labels/train/wild_boar_ce76145b-8c29-11eb-bf18-000d3a74c7de.txt,1,wild_boar,SWG Camera Traps 2018-2020,https://storage.googleapis.com/public-datasets-lila/swg-camera-traps/public/lao/loc_0217/2018/09/image_00165.jpg,LILA species bbox export,Community Data License Agreement (permissive variant),ce76145b-8c29-11eb-bf18-000d3a74c7de,Eurasian Wild Pig,seq:29d515b5-8c2a-11eb-ba5f-000d3a74c7de,train,d4e4eb3f7b29368e554e16db994c127fbd6607ad08a97f8683b9b32ff7ab92fe,3,4608,2592,false
dataset_rural/images/train/wild_boar_ce7ad570-8c29-11eb-860c-000d3a74c7de.jpg,dataset_rural/labels/train/wild_boar_ce7ad570-8c29-11eb-860c-000d3a74c7de.txt,1,wild_boar,SWG Camera Traps 2018-2020,https://storage.googleapis.com/public-datasets-lila/swg-camera-traps/public/lao/loc_0220/2018/08/image_00047.jpg,LILA species bbox export,Community Data License Agreement (permissive variant),ce7ad570-8c29-11eb-860c-000d3a74c7de,Eurasian Wild Pig,seq:dd85650c-8c29-11eb-a1af-000d3a74c7de,train,346dc20dbfe95f6bdc947b1b4fda1675fb6592ce7a093fb17d4cba80dcea1886,1,4608,2592,false
dataset_rural/images/train/wild_boar_ce7ad59e-8c29-11eb-8e49-000d3a74c7de.jpg,dataset_rural/labels/train/wild_boar_ce7ad59e-8c29-11eb-8e49-000d3a74c7de.txt,1,wild_boar,SWG Camera Traps 2018-2020,https://storage.googleapis.com/public-datasets-lila/swg-camera-traps/public/lao/loc_0220/2018/08/image_00093.jpg,LILA species bbox export,Community Data License Agreement (permissive variant),ce7ad59e-8c29-11eb-8e49-000d3a74c7de,Eurasian Wild Pig,seq:dd856519-8c29-11eb-99d3-000d3a74c7de,train,d4baa342d395e3ff05210295c5291b08d2779be0a66b64c5d5f0ce0fc7a7e00b,2,4608,2592,false
dataset_rural/images/train/wild_boar_ce7ad5b7-8c29-11eb-8d68-000d3a74c7de.jpg,dataset_rural/labels/train/wild_boar_ce7ad5b7-8c29-11eb-8d68-000d3a74c7de.txt,1,wild_boar,SWG Camera Traps 2018-2020,https://storage.googleapis.com/public-datasets-lila/swg-camera-traps/public/lao/loc_0220/2018/08/image_00118.jpg,LILA species bbox export,Community Data License Agreement (permissive variant),ce7ad5b7-8c29-11eb-8d68-000d3a74c7de,Eurasian Wild Pig,seq:dd85651f-8c29-11eb-8e11-000d3a74c7de,train,8a32c645d35d696333a3001ce49c629967dec82489aac67645721c2d00b687c1,2,4608,2592,false
dataset_rural/images/train/wild_boar_ce7ad62a-8c29-11eb-be6f-000d3a74c7de.jpg,dataset_rural/labels/train/wild_boar_ce7ad62a-8c29-11eb-be6f-000d3a74c7de.txt,1,wild_boar,SWG Camera Traps 2018-2020,https://storage.googleapis.com/public-datasets-lila/swg-camera-traps/public/lao/loc_0220/2018/08/image_00233.jpg,LILA species bbox export,Community Data License Agreement (permissive variant),ce7ad62a-8c29-11eb-be6f-000d3a74c7de,Eurasian Wild Pig,seq:dd856534-8c29-11eb-b50a-000d3a74c7de,train,611fb9bade2edf13d89754fdeac7a315134274d71aaf08004bfa9fe7e78fe0ad,1,4608,2592,false
dataset_rural/images/train/wild_boar_ce7ad675-8c29-11eb-a3f1-000d3a74c7de.jpg,dataset_rural/labels/train/wild_boar_ce7ad675-8c29-11eb-a3f1-000d3a74c7de.txt,1,wild_boar,SWG Camera Traps 2018-2020,https://storage.googleapis.com/public-datasets-lila/swg-camera-traps/public/lao/loc_0220/2018/09/image_00080.jpg,LILA species bbox export,Community Data License Agreement (permissive variant),ce7ad675-8c29-11eb-a3f1-000d3a74c7de,Eurasian Wild Pig,seq:dd85654a-8c29-11eb-8343-000d3a74c7de,train,6a04e99b7db2081de59784fcc29c617a86cfe7a1f85b91eb008d49e1101c1a94,1,4608,2592,false
dataset_rural/images/train/wild_boar_ce8def8b-8c29-11eb-a96e-000d3a74c7de.jpg,dataset_rural/labels/train/wild_boar_ce8def8b-8c29-11eb-a96e-000d3a74c7de.txt,1,wild_boar,SWG Camera Traps 2018-2020,https://storage.googleapis.com/public-datasets-lila/swg-camera-traps/public/lao/loc_0223/2018/09/image_00216.jpg,LILA species bbox export,Community Data License Agreement (permissive variant),ce8def8b-8c29-11eb-a96e-000d3a74c7de,Eurasian Wild Pig,seq:fe7d1988-8c29-11eb-ad35-000d3a74c7de,train,ce1878792fb9955c0a413231eefaa85dd59640866a3c0c9835866fbc0a8eed7e,1,3840,2880,false
dataset_rural/images/train/wild_boar_ceace9c7-8c29-11eb-b8a2-000d3a74c7de.jpg,dataset_rural/labels/train/wild_boar_ceace9c7-8c29-11eb-b8a2-000d3a74c7de.txt,1,wild_boar,SWG Camera Traps 2018-2020,https://storage.googleapis.com/public-datasets-lila/swg-camera-traps/public/lao/loc_0258/2019/07/image_00536.jpg,LILA species bbox export,Community Data License Agreement (permissive variant),ceace9c7-8c29-11eb-b8a2-000d3a74c7de,Eurasian Wild Pig,seq:3eaab9d9-8c2a-11eb-898d-000d3a74c7de,train,8a44a8b8ca39590d47f0f00a7c2cf78bde677ff8d69afcb9436f25772cb144f1,1,3840,2880,false
dataset_rural/images/train/wild_boar_ceaceb59-8c29-11eb-84a4-000d3a74c7de.jpg,dataset_rural/labels/train/wild_boar_ceaceb59-8c29-11eb-84a4-000d3a74c7de.txt,1,wild_boar,SWG Camera Traps 2018-2020,https://storage.googleapis.com/public-datasets-lila/swg-camera-traps/public/lao/loc_0258/2019/09/image_00251.jpg,LILA species bbox export,Community Data License Agreement (permissive variant),ceaceb59-8c29-11eb-84a4-000d3a74c7de,Eurasian Wild Pig,seq:3ead1bac-8c2a-11eb-8dd6-000d3a74c7de,train,0155c9c531be326db0d33f6a6c12b73e726668e1dc91d2015d2df39279315a30,1,3840,2880,false
dataset_rural/images/train/wild_boar_ceb410e2-8c29-11eb-a248-000d3a74c7de.jpg,dataset_rural/labels/train/wild_boar_ceb410e2-8c29-11eb-a248-000d3a74c7de.txt,1,wild_boar,SWG Camera Traps 2018-2020,https://storage.googleapis.com/public-datasets-lila/swg-camera-traps/public/lao/loc_0261/2019/08/image_00271.jpg,LILA species bbox export,Community Data License Agreement (permissive variant),ceb410e2-8c29-11eb-a248-000d3a74c7de,Eurasian Wild Pig,seq:deaa9aa3-8c29-11eb-9830-000d3a74c7de,train,38b5bf4ea85c5a5f5c530097885b1c7546028da447377d7d2b72c91f266cc1a9,1,3840,2880,false
dataset_rural/images/train/wild_boar_ceb8e526-8c29-11eb-8947-000d3a74c7de.jpg,dataset_rural/labels/train/wild_boar_ceb8e526-8c29-11eb-8947-000d3a74c7de.txt,1,wild_boar,SWG Camera Traps 2018-2020,https://storage.googleapis.com/public-datasets-lila/swg-camera-traps/public/lao/loc_0262/2019/08/image_00343.jpg,LILA species bbox export,Community Data License Agreement (permissive variant),ceb8e526-8c29-11eb-8947-000d3a74c7de,Eurasian Wild Pig,seq:fcf65f34-8c29-11eb-a1f1-000d3a74c7de,train,27cce6c8a2c295c208033634f6c6fcf27a8fb0cd27b76a17318529805d7dfd70,2,3840,2880,false
dataset_rural/images/train/wild_boar_cebb466a-8c29-11eb-b25b-000d3a74c7de.jpg,dataset_rural/labels/train/wild_boar_cebb466a-8c29-11eb-b25b-000d3a74c7de.txt,1,wild_boar,SWG Camera Traps 2018-2020,https://storage.googleapis.com/public-datasets-lila/swg-camera-traps/public/lao/loc_0262/2019/09/image_00771.jpg,LILA species bbox export,Community Data License Agreement (permissive variant),cebb466a-8c29-11eb-b25b-000d3a74c7de,Eurasian Wild Pig,seq:fcf65fcc-8c29-11eb-aadc-000d3a74c7de,train,2602778fc25e39d1487c5b320a6ff9f708e140be78fbbe186c1d1bccb748a50d,1,3840,2880,false
dataset_rural/images/test/wild_boar_cec98440-8c29-11eb-bc3b-000d3a74c7de.jpg,dataset_rural/labels/test/wild_boar_cec98440-8c29-11eb-bc3b-000d3a74c7de.txt,1,wild_boar,SWG Camera Traps 2018-2020,https://storage.googleapis.com/public-datasets-lila/swg-camera-traps/public/lao/loc_0265/2019/07/image_01079.jpg,LILA species bbox export,Community Data License Agreement (permissive variant),cec98440-8c29-11eb-bc3b-000d3a74c7de,Eurasian Wild Pig,seq:2b5c1a90-8c2a-11eb-8c61-000d3a74c7de,test,15a2e2de09a7691f87b4a4b0186972e04a7d9d6804d086202d789b3301c12832,3,3840,2880,false
dataset_rural/images/train/wild_boar_ced7e050-8c29-11eb-9eec-000d3a74c7de.jpg,dataset_rural/labels/train/wild_boar_ced7e050-8c29-11eb-9eec-000d3a74c7de.txt,1,wild_boar,SWG Camera Traps 2018-2020,https://storage.googleapis.com/public-datasets-lila/swg-camera-traps/public/lao/loc_0273/2019/06/image_00173.jpg,LILA species bbox export,Community Data License Agreement (permissive variant),ced7e050-8c29-11eb-9eec-000d3a74c7de,Eurasian Wild Pig,seq:1fc862b3-8c2a-11eb-962a-000d3a74c7de,train,eba475384d92af137405068f59077bf988196979bd47b363ab97ceddc728e94b,2,3840,2880,false
dataset_rural/images/test/wild_boar_ced7e2ba-8c29-11eb-88f0-000d3a74c7de.jpg,dataset_rural/labels/test/wild_boar_ced7e2ba-8c29-11eb-88f0-000d3a74c7de.txt,1,wild_boar,SWG Camera Traps 2018-2020,https://storage.googleapis.com/public-datasets-lila/swg-camera-traps/public/lao/loc_0273/2019/09/image_01132.jpg,LILA species bbox export,Community Data License Agreement (permissive variant),ced7e2ba-8c29-11eb-88f0-000d3a74c7de,Eurasian Wild Pig,seq:1fc862f0-8c2a-11eb-b92e-000d3a74c7de,test,8fc4f4ddb62466740f4e6fb7c9c4a662b0574b9631a8a6d66365efe38588226a,2,3840,2880,false
dataset_rural/images/train/wild_boar_cef152c8-8c29-11eb-b82c-000d3a74c7de.jpg,dataset_rural/labels/train/wild_boar_cef152c8-8c29-11eb-b82c-000d3a74c7de.txt,1,wild_boar,SWG Camera Traps 2018-2020,https://storage.googleapis.com/public-datasets-lila/swg-camera-traps/public/lao/loc_0280/2019/05/image_00256.jpg,LILA species bbox export,Community Data License Agreement (permissive variant),cef152c8-8c29-11eb-b82c-000d3a74c7de,Eurasian Wild Pig,seq:1cbf4688-8c2a-11eb-a9f1-000d3a74c7de,train,dff3fe270649f6729c1afd7a7a4f7cad62a7a322aae8d3c46b653592c12ec47c,5,3840,2880,false
dataset_rural/images/val/wild_boar_cef1ef13-8c29-11eb-9f5b-000d3a74c7de.jpg,dataset_rural/labels/val/wild_boar_cef1ef13-8c29-11eb-9f5b-000d3a74c7de.txt,1,wild_boar,SWG Camera Traps 2018-2020,https://storage.googleapis.com/public-datasets-lila/swg-camera-traps/public/lao/loc_0280/2019/05/image_00607.jpg,LILA species bbox export,Community Data License Agreement (permissive variant),cef1ef13-8c29-11eb-9f5b-000d3a74c7de,Eurasian Wild Pig,seq:1cbf4695-8c2a-11eb-b55a-000d3a74c7de,val,a4e867e45509ac01e423bf5c2a0c443a1076be715b0ca6b159d0eef4df7cbdb6,1,3840,2880,false
dataset_rural/images/train/wild_boar_cef941f9-8c29-11eb-8653-000d3a74c7de.jpg,dataset_rural/labels/train/wild_boar_cef941f9-8c29-11eb-8653-000d3a74c7de.txt,1,wild_boar,SWG Camera Traps 2018-2020,https://storage.googleapis.com/public-datasets-lila/swg-camera-traps/public/lao/loc_0284/2019/05/image_00021.jpg,LILA species bbox export,Community Data License Agreement (permissive variant),cef941f9-8c29-11eb-8653-000d3a74c7de,Eurasian Wild Pig,seq:154986d8-8c2a-11eb-9d4d-000d3a74c7de,train,dee010ac3eede1faae59dc7f0233d753ea0cc61cd6b65b689a7737d22e475d3a,1,3840,2880,false
dataset_rural/images/train/wild_boar_cefe03fa-8c29-11eb-8ab5-000d3a74c7de.jpg,dataset_rural/labels/train/wild_boar_cefe03fa-8c29-11eb-8ab5-000d3a74c7de.txt,1,wild_boar,SWG Camera Traps 2018-2020,https://storage.googleapis.com/public-datasets-lila/swg-camera-traps/public/lao/loc_0285/2019/07/image_00683.jpg,LILA species bbox export,Community Data License Agreement (permissive variant),cefe03fa-8c29-11eb-8ab5-000d3a74c7de,Eurasian Wild Pig,seq:ef434186-8c29-11eb-ac96-000d3a74c7de,train,6e77cbb9084a3edced4c14fdc669d161f27a4f5e08a8669502704360eca0e8ec,1,3840,2880,false
dataset_rural/images/train/wild_boar_cefe0542-8c29-11eb-8787-000d3a74c7de.jpg,dataset_rural/labels/train/wild_boar_cefe0542-8c29-11eb-8787-000d3a74c7de.txt,1,wild_boar,SWG Camera Traps 2018-2020,https://storage.googleapis.com/public-datasets-lila/swg-camera-traps/public/lao/loc_0285/2019/08/image_00761.jpg,LILA species bbox export,Community Data License Agreement (permissive variant),cefe0542-8c29-11eb-8787-000d3a74c7de,Eurasian Wild Pig,seq:ef4341aa-8c29-11eb-8f23-000d3a74c7de,train,c6cc38d6422fd2f70f13308f5624833ccea2b0b8c6b0a1a61ab004fb47953d7a,1,3840,2880,false
dataset_rural/images/train/wild_boar_cf0064b4-8c29-11eb-83e6-000d3a74c7de.jpg,dataset_rural/labels/train/wild_boar_cf0064b4-8c29-11eb-83e6-000d3a74c7de.txt,1,wild_boar,SWG Camera Traps 2018-2020,https://storage.googleapis.com/public-datasets-lila/swg-camera-traps/public/lao/loc_0285/2019/08/image_01667.jpg,LILA species bbox export,Community Data License Agreement (permissive variant),cf0064b4-8c29-11eb-83e6-000d3a74c7de,Eurasian Wild Pig,seq:ef434222-8c29-11eb-a814-000d3a74c7de,train,0343a80370e069604caee43a2e93ce1a34bb3d088d08a28f4dc344c50bc8fd6a,1,3840,2880,false
dataset_rural/images/val/wild_boar_cf034e5c-8c29-11eb-9a41-000d3a74c7de.jpg,dataset_rural/labels/val/wild_boar_cf034e5c-8c29-11eb-9a41-000d3a74c7de.txt,1,wild_boar,SWG Camera Traps 2018-2020,https://storage.googleapis.com/public-datasets-lila/swg-camera-traps/public/lao/loc_0285/2019/09/image_00346.jpg,LILA species bbox export,Community Data License Agreement (permissive variant),cf034e5c-8c29-11eb-9a41-000d3a74c7de,Eurasian Wild Pig,seq:ef434252-8c29-11eb-9590-000d3a74c7de,val,abe8b79568be407a6dd858b1a97c977573b7a3df78780e1efb6fb30dd3b7e490,2,3840,2880,false
dataset_rural/images/train/wild_boar_cf03c35d-8c29-11eb-90e3-000d3a74c7de.jpg,dataset_rural/labels/train/wild_boar_cf03c35d-8c29-11eb-90e3-000d3a74c7de.txt,1,wild_boar,SWG Camera Traps 2018-2020,https://storage.googleapis.com/public-datasets-lila/swg-camera-traps/public/lao/loc_0285/2019/09/image_00482.jpg,LILA species bbox export,Community Data License Agreement (permissive variant),cf03c35d-8c29-11eb-90e3-000d3a74c7de,Eurasian Wild Pig,seq:ef434258-8c29-11eb-b58e-000d3a74c7de,train,81797a1797c76c2f59dfbbba76b7f8fa23769f2640b7a0a4b2dbc9b18dcfb646,2,3840,2880,false
dataset_rural/images/val/wild_boar_cf0c7631-8c29-11eb-8302-000d3a74c7de.jpg,dataset_rural/labels/val/wild_boar_cf0c7631-8c29-11eb-8302-000d3a74c7de.txt,1,wild_boar,SWG Camera Traps 2018-2020,https://storage.googleapis.com/public-datasets-lila/swg-camera-traps/public/lao/loc_0287/2019/08/image_00194.jpg,LILA species bbox export,Community Data License Agreement (permissive variant),cf0c7631-8c29-11eb-8302-000d3a74c7de,Eurasian Wild Pig,seq:206607e8-8c2a-11eb-9847-000d3a74c7de,val,6623addd90f9a9fba6766b7a0f10d39d5fd197bfe0de0a86dc554467a6d0b898,1,3840,2880,false
dataset_rural/images/train/wild_boar_cf0e71c3-8c29-11eb-954d-000d3a74c7de.jpg,dataset_rural/labels/train/wild_boar_cf0e71c3-8c29-11eb-954d-000d3a74c7de.txt,1,wild_boar,SWG Camera Traps 2018-2020,https://storage.googleapis.com/public-datasets-lila/swg-camera-traps/public/lao/loc_0288/2019/07/image_00082.jpg,LILA species bbox export,Community Data License Agreement (permissive variant),cf0e71c3-8c29-11eb-954d-000d3a74c7de,Eurasian Wild Pig,seq:f2324a6d-8c29-11eb-bc25-000d3a74c7de,train,593b82797c7aeceff3bf608788e3bcc6df2cd53a7c50ffed567493bfb800d031,2,3840,2880,false
dataset_rural/images/val/wild_boar_cf0f0e1b-8c29-11eb-b0ec-000d3a74c7de.jpg,dataset_rural/labels/val/wild_boar_cf0f0e1b-8c29-11eb-b0ec-000d3a74c7de.txt,1,wild_boar,SWG Camera Traps 2018-2020,https://storage.googleapis.com/public-datasets-lila/swg-camera-traps/public/lao/loc_0288/2019/08/image_00122.jpg,LILA species bbox export,Community Data License Agreement (permissive variant),cf0f0e1b-8c29-11eb-b0ec-000d3a74c7de,Eurasian Wild Pig,seq:f2324a92-8c29-11eb-843c-000d3a74c7de,val,c709d5bac5337ec12d7eabaef1f93ae19a4be6a62065fb61f01ec6fa970ca15f,2,3840,2880,false
dataset_rural/images/val/wild_boar_cf1290a3-8c29-11eb-b7d8-000d3a74c7de.jpg,dataset_rural/labels/val/wild_boar_cf1290a3-8c29-11eb-b7d8-000d3a74c7de.txt,1,wild_boar,SWG Camera Traps 2018-2020,https://storage.googleapis.com/public-datasets-lila/swg-camera-traps/public/lao/loc_0289/2019/07/image_00332.jpg,LILA species bbox export,Community Data License Agreement (permissive variant),cf1290a3-8c29-11eb-b7d8-000d3a74c7de,Eurasian Wild Pig,seq:1563c19b-8c2a-11eb-8abd-000d3a74c7de,val,223f04ee03a22f726761964b7c85562fcb04d6bc6d6b2c372cf28e6841485094,2,3840,2880,false
dataset_rural/images/train/wild_boar_cf1353ec-8c29-11eb-a322-000d3a74c7de.jpg,dataset_rural/labels/train/wild_boar_cf1353ec-8c29-11eb-a322-000d3a74c7de.txt,1,wild_boar,SWG Camera Traps 2018-2020,https://storage.googleapis.com/public-datasets-lila/swg-camera-traps/public/lao/loc_0289/2019/08/image_00520.jpg,LILA species bbox export,Community Data License Agreement (permissive variant),cf1353ec-8c29-11eb-a322-000d3a74c7de,Eurasian Wild Pig,seq:1563c210-8c2a-11eb-bc17-000d3a74c7de,train,31ead9e7b6a7b3aa7e2bb20cc45b359032b0582a85182fc6e98b133efb509f7c,2,3840,2880,false
dataset_rural/images/train/wild_boar_cf174bb2-8c29-11eb-a1df-000d3a74c7de.jpg,dataset_rural/labels/train/wild_boar_cf174bb2-8c29-11eb-a1df-000d3a74c7de.txt,1,wild_boar,SWG Camera Traps 2018-2020,https://storage.googleapis.com/public-datasets-lila/swg-camera-traps/public/lao/loc_0292/2019/06/image_00022.jpg,LILA species bbox export,Community Data License Agreement (permissive variant),cf174bb2-8c29-11eb-a1df-000d3a74c7de,Eurasian Wild Pig,seq:323bb779-8c2a-11eb-8e75-000d3a74c7de,train,8e52c1e1a0bd2ac946bfe0daf967d4d34fb2213ed8fbebf223b6a2f057b0a4ae,1,3840,2880,false
dataset_rural/images/val/wild_boar_cf17e7d7-8c29-11eb-b191-000d3a74c7de.jpg,dataset_rural/labels/val/wild_boar_cf17e7d7-8c29-11eb-b191-000d3a74c7de.txt,1,wild_boar,SWG Camera Traps 2018-2020,https://storage.googleapis.com/public-datasets-lila/swg-camera-traps/public/lao/loc_0292/2019/09/image_00326.jpg,LILA species bbox export,Community Data License Agreement (permissive variant),cf17e7d7-8c29-11eb-b191-000d3a74c7de,Eurasian Wild Pig,seq:323bb7d2-8c2a-11eb-8b3d-000d3a74c7de,val,8494d81358d179ab3b9d7848f2fe0c3e1fcdb872172f1e2776a4b1e2accd2c91,2,3840,2880,false
dataset_rural/images/train/wild_boar_cf28f660-8c29-11eb-bb24-000d3a74c7de.jpg,dataset_rural/labels/train/wild_boar_cf28f660-8c29-11eb-bb24-000d3a74c7de.txt,1,wild_boar,SWG Camera Traps 2018-2020,https://storage.googleapis.com/public-datasets-lila/swg-camera-traps/public/lao/loc_0296/2019/05/image_00256.jpg,LILA species bbox export,Community Data License Agreement (permissive variant),cf28f660-8c29-11eb-bb24-000d3a74c7de,Eurasian Wild Pig,seq:ed724e78-8c29-11eb-99b1-000d3a74c7de,train,2cf7f23df39332c1c295310dbbeda6b27847668c648f3872496a96f5a718da45,3,3840,2880,false
dataset_rural/images/train/wild_boar_cf2b5121-8c29-11eb-97ed-000d3a74c7de.jpg,dataset_rural/labels/train/wild_boar_cf2b5121-8c29-11eb-97ed-000d3a74c7de.txt,1,wild_boar,SWG Camera Traps 2018-2020,https://storage.googleapis.com/public-datasets-lila/swg-camera-traps/public/lao/loc_0296/2019/07/image_00863.jpg,LILA species bbox export,Community Data License Agreement (permissive variant),cf2b5121-8c29-11eb-97ed-000d3a74c7de,Eurasian Wild Pig,seq:ed724f5f-8c29-11eb-8e4d-000d3a74c7de,train,fa0ee9d51d16bc16a1a6a4ec8e19c08317f210f26ca875de80d7b45c2a9e95a6,11,3840,2880,false
dataset_rural/images/train/wild_boar_cf2b517e-8c29-11eb-9bfd-000d3a74c7de.jpg,dataset_rural/labels/train/wild_boar_cf2b517e-8c29-11eb-9bfd-000d3a74c7de.txt,1,wild_boar,SWG Camera Traps 2018-2020,https://storage.googleapis.com/public-datasets-lila/swg-camera-traps/public/lao/loc_0296/2019/07/image_00956.jpg,LILA species bbox export,Community Data License Agreement (permissive variant),cf2b517e-8c29-11eb-9bfd-000d3a74c7de,Eurasian Wild Pig,seq:ed724f66-8c29-11eb-8643-000d3a74c7de,train,5b9ab302de3f5e75b00274e87dd58e500af0376058a8b50a72020bee4e0afb64,1,3840,2880,false
dataset_rural/images/val/wild_boar_cf2b5267-8c29-11eb-b695-000d3a74c7de.jpg,dataset_rural/labels/val/wild_boar_cf2b5267-8c29-11eb-b695-000d3a74c7de.txt,1,wild_boar,SWG Camera Traps 2018-2020,https://storage.googleapis.com/public-datasets-lila/swg-camera-traps/public/lao/loc_0296/2019/07/image_01189.jpg,LILA species bbox export,Community Data License Agreement (permissive variant),cf2b5267-8c29-11eb-b695-000d3a74c7de,Eurasian Wild Pig,seq:ed724fc6-8c29-11eb-8219-000d3a74c7de,val,9b952d9f8733bb0c2d265492a7495d0e89f966a22cde1a24093e77d4ea5b2252,6,3840,2880,false
dataset_rural/images/val/wild_boar_cf2b52db-8c29-11eb-bfc3-000d3a74c7de.jpg,dataset_rural/labels/val/wild_boar_cf2b52db-8c29-11eb-bfc3-000d3a74c7de.txt,1,wild_boar,SWG Camera Traps 2018-2020,https://storage.googleapis.com/public-datasets-lila/swg-camera-traps/public/lao/loc_0296/2019/07/image_01305.jpg,LILA species bbox export,Community Data License Agreement (permissive variant),cf2b52db-8c29-11eb-bfc3-000d3a74c7de,Eurasian Wild Pig,seq:ed724fd0-8c29-11eb-840d-000d3a74c7de,val,21d1343de03f550bec2ac75b5ee2c4ca067839fcf2fb9cd52b04ed957df1466d,4,3840,2880,false
dataset_rural/images/train/wild_boar_cf2b5445-8c29-11eb-8f0d-000d3a74c7de.jpg,dataset_rural/labels/train/wild_boar_cf2b5445-8c29-11eb-8f0d-000d3a74c7de.txt,1,wild_boar,SWG Camera Traps 2018-2020,https://storage.googleapis.com/public-datasets-lila/swg-camera-traps/public/lao/loc_0296/2019/08/image_02110.jpg,LILA species bbox export,Community Data License Agreement (permissive variant),cf2b5445-8c29-11eb-8f0d-000d3a74c7de,Eurasian Wild Pig,seq:ed7250cf-8c29-11eb-a68e-000d3a74c7de,train,287abeba978020d85d4ac3e6ad63bc32f48150016140504d07a516160ca36b0b,2,3840,2880,false
dataset_rural/images/train/wild_boar_cfa3e5af-8c29-11eb-abe4-000d3a74c7de.jpg,dataset_rural/labels/train/wild_boar_cfa3e5af-8c29-11eb-abe4-000d3a74c7de.txt,1,wild_boar,SWG Camera Traps 2018-2020,https://storage.googleapis.com/public-datasets-lila/swg-camera-traps/public/lao/loc_0100/2019/01/image_00220.jpg,LILA species bbox export,Community Data License Agreement (permissive variant),cfa3e5af-8c29-11eb-abe4-000d3a74c7de,Eurasian Wild Pig,seq:f59620b8-8c29-11eb-a18e-000d3a74c7de,train,6df6b238ac0603269612c1d32a103aeecabe6fc48685671022200cbd3bc8f073,1,3840,2880,false
dataset_rural/images/train/wild_boar_cfa54537-8c29-11eb-a504-000d3a74c7de.jpg,dataset_rural/labels/train/wild_boar_cfa54537-8c29-11eb-a504-000d3a74c7de.txt,1,wild_boar,SWG Camera Traps 2018-2020,https://storage.googleapis.com/public-datasets-lila/swg-camera-traps/public/lao/loc_0100/2019/03/image_00605.jpg,LILA species bbox export,Community Data License Agreement (permissive variant),cfa54537-8c29-11eb-a504-000d3a74c7de,Eurasian Wild Pig,seq:f596216e-8c29-11eb-aa5b-000d3a74c7de,train,fcefa91eec40aaa8e94214a9ece37d3545cc1f3a4bff9dc71413e45283ddbcd1,1,3840,2880,false
dataset_rural/images/train/wild_boar_cfaa001d-8c29-11eb-9057-000d3a74c7de.jpg,dataset_rural/labels/train/wild_boar_cfaa001d-8c29-11eb-9057-000d3a74c7de.txt,1,wild_boar,SWG Camera Traps 2018-2020,https://storage.googleapis.com/public-datasets-lila/swg-camera-traps/public/lao/loc_0101/2019/03/image_00375.jpg,LILA species bbox export,Community Data License Agreement (permissive variant),cfaa001d-8c29-11eb-9057-000d3a74c7de,Eurasian Wild Pig,seq:27693524-8c2a-11eb-a0e3-000d3a74c7de,train,7fd5ff07fc07f35ff74132b46db242030cf1917172074ea61d50ba5960f85df6,2,4608,2592,false
dataset_rural/images/train/wild_boar_cfae694d-8c29-11eb-8cd9-000d3a74c7de.jpg,dataset_rural/labels/train/wild_boar_cfae694d-8c29-11eb-8cd9-000d3a74c7de.txt,1,wild_boar,SWG Camera Traps 2018-2020,https://storage.googleapis.com/public-datasets-lila/swg-camera-traps/public/lao/loc_0104/2019/02/image_00107.jpg,LILA species bbox export,Community Data License Agreement (permissive variant),cfae694d-8c29-11eb-8cd9-000d3a74c7de,Eurasian Wild Pig,seq:33384b78-8c2a-11eb-aa38-000d3a74c7de,train,5badf5e6a31bd5f286102f19851520e7bac48050107ba072c4793da6de9dc2fe,1,3840,2880,false
dataset_rural/images/train/wild_boar_cfcb0617-8c29-11eb-bd4c-000d3a74c7de.jpg,dataset_rural/labels/train/wild_boar_cfcb0617-8c29-11eb-bd4c-000d3a74c7de.txt,1,wild_boar,SWG Camera Traps 2018-2020,https://storage.googleapis.com/public-datasets-lila/swg-camera-traps/public/lao/loc_0126/2018/12/image_00376.jpg,LILA species bbox export,Community Data License Agreement (permissive variant),cfcb0617-8c29-11eb-bd4c-000d3a74c7de,Eurasian Wild Pig,seq:3fc67285-8c2a-11eb-bfdc-000d3a74c7de,train,696471d45eeda5439f3354398054e114b8c95ed3e26bfa6dab1f253afad31f8f,1,2560,1920,false
dataset_rural/images/train/wild_boar_cfd22abd-8c29-11eb-a0ed-000d3a74c7de.jpg,dataset_rural/labels/train/wild_boar_cfd22abd-8c29-11eb-a0ed-000d3a74c7de.txt,1,wild_boar,SWG Camera Traps 2018-2020,https://storage.googleapis.com/public-datasets-lila/swg-camera-traps/public/lao/loc_0127/2018/12/image_00591.jpg,LILA species bbox export,Community Data License Agreement (permissive variant),cfd22abd-8c29-11eb-a0ed-000d3a74c7de,Eurasian Wild Pig,seq:f7a0770b-8c29-11eb-9a90-000d3a74c7de,train,79ec025bf42913409b5e516d8832376e21ad80139a31222c394ae1249fbdd42e,1,3840,2880,false
dataset_rural/images/train/wild_boar_cfd49376-8c29-11eb-a9b5-000d3a74c7de.jpg,dataset_rural/labels/train/wild_boar_cfd49376-8c29-11eb-a9b5-000d3a74c7de.txt,1,wild_boar,SWG Camera Traps 2018-2020,https://storage.googleapis.com/public-datasets-lila/swg-camera-traps/public/lao/loc_0128/2018/12/image_00132.jpg,LILA species bbox export,Community Data License Agreement (permissive variant),cfd49376-8c29-11eb-a9b5-000d3a74c7de,Eurasian Wild Pig,seq:16169429-8c2a-11eb-b6ec-000d3a74c7de,train,169246fc0e8552ea8864cbe4b40adce86243c3a21c8aacba9d3d80963f687e4e,1,3840,2880,false
dataset_rural/images/train/wild_boar_cfd6f011-8c29-11eb-8086-000d3a74c7de.jpg,dataset_rural/labels/train/wild_boar_cfd6f011-8c29-11eb-8086-000d3a74c7de.txt,1,wild_boar,SWG Camera Traps 2018-2020,https://storage.googleapis.com/public-datasets-lila/swg-camera-traps/public/lao/loc_0128/2019/02/image_00172.jpg,LILA species bbox export,Community Data License Agreement (permissive variant),cfd6f011-8c29-11eb-8086-000d3a74c7de,Eurasian Wild Pig,seq:16169484-8c2a-11eb-9937-000d3a74c7de,train,256fe7176c8b01f8b83ea33448746e518a41a633bf3074c7e4bdf4a859a7a779,1,3840,2880,false
dataset_rural/images/train/wild_boar_cfe07a6b-8c29-11eb-997b-000d3a74c7de.jpg,dataset_rural/labels/train/wild_boar_cfe07a6b-8c29-11eb-997b-000d3a74c7de.txt,1,wild_boar,SWG Camera Traps 2018-2020,https://storage.googleapis.com/public-datasets-lila/swg-camera-traps/public/lao/loc_0131/2018/10/image_00225.jpg,LILA species bbox export,Community Data License Agreement (permissive variant),cfe07a6b-8c29-11eb-997b-000d3a74c7de,Eurasian Wild Pig,seq:221cb7cc-8c2a-11eb-b0f7-000d3a74c7de,train,e52bf9e7d9fc62e332478dd9f40bf99204fa2132c6fba115978f5ca565b585c2,1,3840,2880,false
dataset_rural/images/train/wild_boar_cfe54240-8c29-11eb-8406-000d3a74c7de.jpg,dataset_rural/labels/train/wild_boar_cfe54240-8c29-11eb-8406-000d3a74c7de.txt,1,wild_boar,SWG Camera Traps 2018-2020,https://storage.googleapis.com/public-datasets-lila/swg-camera-traps/public/lao/loc_0132/2019/01/image_00154.jpg,LILA species bbox export,Community Data License Agreement (permissive variant),cfe54240-8c29-11eb-8406-000d3a74c7de,Eurasian Wild Pig,seq:dfc8b221-8c29-11eb-bd1a-000d3a74c7de,train,6a63c4475e22bad5979341406f592f14742d6022426f12e92f3f2b867b7437b0,1,2560,1920,false
dataset_rural/images/train/wild_boar_cfea051f-8c29-11eb-9c09-000d3a74c7de.jpg,dataset_rural/labels/train/wild_boar_cfea051f-8c29-11eb-9c09-000d3a74c7de.txt,1,wild_boar,SWG Camera Traps 2018-2020,https://storage.googleapis.com/public-datasets-lila/swg-camera-traps/public/lao/loc_0135/2019/03/image_00201.jpg,LILA species bbox export,Community Data License Agreement (permissive variant),cfea051f-8c29-11eb-9c09-000d3a74c7de,Eurasian Wild Pig,seq:2702ac9b-8c2a-11eb-9b47-000d3a74c7de,train,28bd388dc935a9500821c6c8a5972eeee7b79667431f25179d4b54ccefabbf31,1,4608,2592,false
dataset_rural/images/train/wild_boar_cfeed76f-8c29-11eb-ab58-000d3a74c7de.jpg,dataset_rural/labels/train/wild_boar_cfeed76f-8c29-11eb-ab58-000d3a74c7de.txt,1,wild_boar,SWG Camera Traps 2018-2020,https://storage.googleapis.com/public-datasets-lila/swg-camera-traps/public/lao/loc_0136/2019/01/image_00174.jpg,LILA species bbox export,Community Data License Agreement (permissive variant),cfeed76f-8c29-11eb-ab58-000d3a74c7de,Eurasian Wild Pig,seq:fa6e19b4-8c29-11eb-8816-000d3a74c7de,train,6ef396d1820c900ef7fe4983cf63fc6bf92b78d4d55901d26bdf0a5989168c44,1,2560,1920,false
dataset_rural/images/train/wild_boar_cffd1e01-8c29-11eb-9509-000d3a74c7de.jpg,dataset_rural/labels/train/wild_boar_cffd1e01-8c29-11eb-9509-000d3a74c7de.txt,1,wild_boar,SWG Camera Traps 2018-2020,https://storage.googleapis.com/public-datasets-lila/swg-camera-traps/public/lao/loc_0148/2018/11/image_00601.jpg,LILA species bbox export,Community Data License Agreement (permissive variant),cffd1e01-8c29-11eb-9509-000d3a74c7de,Eurasian Wild Pig,seq:f05efc75-8c29-11eb-b715-000d3a74c7de,train,8b9900ef0a0b44cf66917d0e0a5556da1b09dc6836a96e75b60d7b4c1212d2a4,1,2560,1920,false
dataset_rural/images/train/wild_boar_d0043ffa-8c29-11eb-9a2a-000d3a74c7de.jpg,dataset_rural/labels/train/wild_boar_d0043ffa-8c29-11eb-9a2a-000d3a74c7de.txt,1,wild_boar,SWG Camera Traps 2018-2020,https://storage.googleapis.com/public-datasets-lila/swg-camera-traps/public/lao/loc_0149/2019/03/image_00533.jpg,LILA species bbox export,Community Data License Agreement (permissive variant),d0043ffa-8c29-11eb-9a2a-000d3a74c7de,Eurasian Wild Pig,seq:0cf48ac4-8c2a-11eb-abd9-000d3a74c7de,train,d001d6a354153294ca7f3f102662f55433c7df44203b16a6e6bab718778777a1,1,3840,2880,false
dataset_rural/images/train/wild_boar_d004407e-8c29-11eb-834f-000d3a74c7de.jpg,dataset_rural/labels/train/wild_boar_d004407e-8c29-11eb-834f-000d3a74c7de.txt,1,wild_boar,SWG Camera Traps 2018-2020,https://storage.googleapis.com/public-datasets-lila/swg-camera-traps/public/lao/loc_0149/2019/03/image_00665.jpg,LILA species bbox export,Community Data License Agreement (permissive variant),d004407e-8c29-11eb-834f-000d3a74c7de,Eurasian Wild Pig,seq:0cf48b4a-8c2a-11eb-83b3-000d3a74c7de,train,07d776671f1b5c7010b36bd6d96208630dfdb44bf4dca2908b31d8d47b414d40,1,3840,2880,false
dataset_rural/images/train/wild_boar_d00dc700-8c29-11eb-842d-000d3a74c7de.jpg,dataset_rural/labels/train/wild_boar_d00dc700-8c29-11eb-842d-000d3a74c7de.txt,1,wild_boar,SWG Camera Traps 2018-2020,https://storage.googleapis.com/public-datasets-lila/swg-camera-traps/public/lao/loc_0151/2018/11/image_00873.jpg,LILA species bbox export,Community Data License Agreement (permissive variant),d00dc700-8c29-11eb-842d-000d3a74c7de,Eurasian Wild Pig,seq:326da469-8c2a-11eb-a254-000d3a74c7de,train,8c186ccc75c20f2f7f5581d581b2a7686d51aab7fc8feac1934b6d0907327376,1,3840,2880,false
dataset_rural/images/train/wild_boar_d05a1186-8c29-11eb-841b-000d3a74c7de.jpg,dataset_rural/labels/train/wild_boar_d05a1186-8c29-11eb-841b-000d3a74c7de.txt,1,wild_boar,SWG Camera Traps 2018-2020,https://storage.googleapis.com/public-datasets-lila/swg-camera-traps/public/lao/loc_0183/2019/01/image_00590.jpg,LILA species bbox export,Community Data License Agreement (permissive variant),d05a1186-8c29-11eb-841b-000d3a74c7de,Eurasian Wild Pig,seq:2239552b-8c2a-11eb-bf0b-000d3a74c7de,train,ac74afc360febf186d44d5bb417fd002dc29abc60a0f93fac3b0d21fd4125d83,1,4608,2592,false
dataset_rural/images/train/wild_boar_d0613a0f-8c29-11eb-88c1-000d3a74c7de.jpg,dataset_rural/labels/train/wild_boar_d0613a0f-8c29-11eb-88c1-000d3a74c7de.txt,1,wild_boar,SWG Camera Traps 2018-2020,https://storage.googleapis.com/public-datasets-lila/swg-camera-traps/public/lao/loc_0187/2018/11/image_00337.jpg,LILA species bbox export,Community Data License Agreement (permissive variant),d0613a0f-8c29-11eb-88c1-000d3a74c7de,Eurasian Wild Pig,seq:f71d534e-8c29-11eb-adb4-000d3a74c7de,train,80cb9a127df81134f1816a614d565a3341a26b856bc877dbf6f14c0ed9a4ee0f,2,4608,2592,false
dataset_rural/images/test/wild_boar_d0639867-8c29-11eb-9a97-000d3a74c7de.jpg,dataset_rural/labels/test/wild_boar_d0639867-8c29-11eb-9a97-000d3a74c7de.txt,1,wild_boar,SWG Camera Traps 2018-2020,https://storage.googleapis.com/public-datasets-lila/swg-camera-traps/public/lao/loc_0187/2018/12/image_00145.jpg,LILA species bbox export,Community Data License Agreement (permissive variant),d0639867-8c29-11eb-9a97-000d3a74c7de,Eurasian Wild Pig,seq:f71d53b1-8c29-11eb-99a9-000d3a74c7de,test,9febbe8e3b3022a700f6483d6f31479046c8bda7ae95f7bd213ee692a26b3d01,3,4608,2592,false
dataset_rural/images/train/wild_boar_d06398c4-8c29-11eb-82c1-000d3a74c7de.jpg,dataset_rural/labels/train/wild_boar_d06398c4-8c29-11eb-82c1-000d3a74c7de.txt,1,wild_boar,SWG Camera Traps 2018-2020,https://storage.googleapis.com/public-datasets-lila/swg-camera-traps/public/lao/loc_0187/2018/12/image_00238.jpg,LILA species bbox export,Community Data License Agreement (permissive variant),d06398c4-8c29-11eb-82c1-000d3a74c7de,Eurasian Wild Pig,seq:f71d53cb-8c29-11eb-9959-000d3a74c7de,train,7fff9fc9f19cf4c2559157d349ea81c5c1192c3e016b75fed37d4ae22d7f7b7e,2,4608,2592,false
dataset_rural/images/test/wild_boar_d0639ae4-8c29-11eb-9352-000d3a74c7de.jpg,dataset_rural/labels/test/wild_boar_d0639ae4-8c29-11eb-9352-000d3a74c7de.txt,1,wild_boar,SWG Camera Traps 2018-2020,https://storage.googleapis.com/public-datasets-lila/swg-camera-traps/public/lao/loc_0187/2019/01/image_00826.jpg,LILA species bbox export,Community Data License Agreement (permissive variant),d0639ae4-8c29-11eb-9352-000d3a74c7de,Eurasian Wild Pig,seq:f71d5442-8c29-11eb-893b-000d3a74c7de,test,74ec1840fbc66acc51eb8082570a3370101e89bd3aea6fc19771ed669dad3361,1,4608,2592,false
dataset_rural/images/train/wild_boar_d0639ba8-8c29-11eb-b2cc-000d3a74c7de.jpg,dataset_rural/labels/train/wild_boar_d0639ba8-8c29-11eb-b2cc-000d3a74c7de.txt,1,wild_boar,SWG Camera Traps 2018-2020,https://storage.googleapis.com/public-datasets-lila/swg-camera-traps/public/lao/loc_0187/2019/01/image_01022.jpg,LILA species bbox export,Community Data License Agreement (permissive variant),d0639ba8-8c29-11eb-b2cc-000d3a74c7de,Eurasian Wild Pig,seq:f71d5459-8c29-11eb-b89b-000d3a74c7de,train,79c3684b703d62ec405ccbf82e432b03e7d53140d4be2d25b6de202eb00fc852,1,4608,2592,false
dataset_rural/images/train/wild_boar_d0981008-8c29-11eb-8470-000d3a74c7de.jpg,dataset_rural/labels/train/wild_boar_d0981008-8c29-11eb-8470-000d3a74c7de.txt,1,wild_boar,SWG Camera Traps 2018-2020,https://storage.googleapis.com/public-datasets-lila/swg-camera-traps/public/lao/loc_0208/2019/01/image_00056.jpg,LILA species bbox export,Community Data License Agreement (permissive variant),d0981008-8c29-11eb-8470-000d3a74c7de,Eurasian Wild Pig,seq:3014e32d-8c2a-11eb-84f7-000d3a74c7de,train,8db67a6952f394e9df01aacc0c6e0eb941ecbd11c27e89279ca16f70e23a1363,1,2560,1920,false
dataset_rural/images/train/wild_boar_d0a19945-8c29-11eb-ad4e-000d3a74c7de.jpg,dataset_rural/labels/train/wild_boar_d0a19945-8c29-11eb-ad4e-000d3a74c7de.txt,1,wild_boar,SWG Camera Traps 2018-2020,https://storage.googleapis.com/public-datasets-lila/swg-camera-traps/public/lao/loc_0210/2018/11/image_00237.jpg,LILA species bbox export,Community Data License Agreement (permissive variant),d0a19945-8c29-11eb-ad4e-000d3a74c7de,Eurasian Wild Pig,seq:1025c114-8c2a-11eb-abf1-000d3a74c7de,train,af22c42bfedd0854aeabeb22e86cf0bfa5e6fe535a9a7552fb96b7dd51280287,1,4608,2592,false
dataset_rural/images/train/wild_boar_d0a662c9-8c29-11eb-8674-000d3a74c7de.jpg,dataset_rural/labels/train/wild_boar_d0a662c9-8c29-11eb-8674-000d3a74c7de.txt,1,wild_boar,SWG Camera Traps 2018-2020,https://storage.googleapis.com/public-datasets-lila/swg-camera-traps/public/lao/loc_0213/2019/01/image_00252.jpg,LILA species bbox export,Community Data License Agreement (permissive variant),d0a662c9-8c29-11eb-8674-000d3a74c7de,Eurasian Wild Pig,seq:128a307a-8c2a-11eb-8e32-000d3a74c7de,train,4c32a3632cfda9c32dc09c87e46fc37a165421161e6d1ef64ef852e466c52f1c,1,3840,2880,false
dataset_rural/images/train/wild_boar_d0a6636a-8c29-11eb-80ae-000d3a74c7de.jpg,dataset_rural/labels/train/wild_boar_d0a6636a-8c29-11eb-80ae-000d3a74c7de.txt,1,wild_boar,SWG Camera Traps 2018-2020,https://storage.googleapis.com/public-datasets-lila/swg-camera-traps/public/lao/loc_0213/2019/02/image_00158.jpg,LILA species bbox export,Community Data License Agreement (permissive variant),d0a6636a-8c29-11eb-80ae-000d3a74c7de,Eurasian Wild Pig,seq:128a30c7-8c2a-11eb-a4f2-000d3a74c7de,train,6d2d4fd56adb63b2f6a249f2c771fb2b2941b061e5f9e6a5dc28853dd8ad1879,1,3840,2880,false
dataset_rural/images/train/wild_boar_d0ad8576-8c29-11eb-8968-000d3a74c7de.jpg,dataset_rural/labels/train/wild_boar_d0ad8576-8c29-11eb-8968-000d3a74c7de.txt,1,wild_boar,SWG Camera Traps 2018-2020,https://storage.googleapis.com/public-datasets-lila/swg-camera-traps/public/lao/loc_0216/2018/12/image_00064.jpg,LILA species bbox export,Community Data License Agreement (permissive variant),d0ad8576-8c29-11eb-8968-000d3a74c7de,Eurasian Wild Pig,seq:2e203406-8c2a-11eb-a4e2-000d3a74c7de,train,05164d765687d02e2f9c377aadc3e82d24445634fe0ea6682b00d39aa07e3f95,1,3840,2880,false
dataset_rural/images/train/wild_boar_d0afebe2-8c29-11eb-90c9-000d3a74c7de.jpg,dataset_rural/labels/train/wild_boar_d0afebe2-8c29-11eb-90c9-000d3a74c7de.txt,1,wild_boar,SWG Camera Traps 2018-2020,https://storage.googleapis.com/public-datasets-lila/swg-camera-traps/public/lao/loc_0217/2019/02/image_00062.jpg,LILA species bbox export,Community Data License Agreement (permissive variant),d0afebe2-8c29-11eb-90c9-000d3a74c7de,Eurasian Wild Pig,seq:29d516a2-8c2a-11eb-8647-000d3a74c7de,train,15099b6fda53947501a0325a9f538d42b2674c361624ebf74b0198aa3ff230ec,1,4608,2592,false
dataset_rural/images/train/wild_boar_d0b24cbb-8c29-11eb-91ff-000d3a74c7de.jpg,dataset_rural/labels/train/wild_boar_d0b24cbb-8c29-11eb-91ff-000d3a74c7de.txt,1,wild_boar,SWG Camera Traps 2018-2020,https://storage.googleapis.com/public-datasets-lila/swg-camera-traps/public/lao/loc_0219/2019/02/image_00118.jpg,LILA species bbox export,Community Data License Agreement (permissive variant),d0b24cbb-8c29-11eb-91ff-000d3a74c7de,Eurasian Wild Pig,seq:04820fcf-8c2a-11eb-a060-000d3a74c7de,train,93e9082c7f5297cc2beaf8ff7b94bf83c073704775e8cb6c5ed3bf2d6ff746e6,1,2560,1920,false
dataset_rural/images/train/wild_boar_d0b70d69-8c29-11eb-b70a-000d3a74c7de.jpg,dataset_rural/labels/train/wild_boar_d0b70d69-8c29-11eb-b70a-000d3a74c7de.txt,1,wild_boar,SWG Camera Traps 2018-2020,https://storage.googleapis.com/public-datasets-lila/swg-camera-traps/public/lao/loc_0220/2019/02/image_00179.jpg,LILA species bbox export,Community Data License Agreement (permissive variant),d0b70d69-8c29-11eb-b70a-000d3a74c7de,Eurasian Wild Pig,seq:dd856655-8c29-11eb-af09-000d3a74c7de,train,d3fe2be2d0db23c565534d1d0e1d4476c56c6c77076b58d359a9ea1d56edc637,3,4608,2592,false
dataset_rural/images/train/wild_boar_d0b97287-8c29-11eb-94f5-000d3a74c7de.jpg,dataset_rural/labels/train/wild_boar_d0b97287-8c29-11eb-94f5-000d3a74c7de.txt,1,wild_boar,SWG Camera Traps 2018-2020,https://storage.googleapis.com/public-datasets-lila/swg-camera-traps/public/lao/loc_0222/2019/03/image_00121.jpg,LILA species bbox export,Community Data License Agreement (permissive variant),d0b97287-8c29-11eb-94f5-000d3a74c7de,Eurasian Wild Pig,seq:df2ecae2-8c29-11eb-b9ca-000d3a74c7de,train,3912a8ebeba7a054dedcf042745a59237631048b91c3245185813f1e8816c413,1,2560,1920,false
dataset_rural/images/train/wild_boar_d0eb897a-8c29-11eb-8897-000d3a74c7de.jpg,dataset_rural/labels/train/wild_boar_d0eb897a-8c29-11eb-8897-000d3a74c7de.txt,1,wild_boar,SWG Camera Traps 2018-2020,https://storage.googleapis.com/public-datasets-lila/swg-camera-traps/public/lao/loc_0236/2019/05/image_00035.jpg,LILA species bbox export,Community Data License Agreement (permissive variant),d0eb897a-8c29-11eb-8897-000d3a74c7de,Eurasian Wild Pig,seq:e9e13cf2-8c29-11eb-a33c-000d3a74c7de,train,6e0b39a157798ce704adae1bec6b8278528840ff7720f606cf024384f8ef9700,1,4608,2592,false
dataset_rural/images/train/wild_boar_d0f04c06-8c29-11eb-bcc5-000d3a74c7de.jpg,dataset_rural/labels/train/wild_boar_d0f04c06-8c29-11eb-bcc5-000d3a74c7de.txt,1,wild_boar,SWG Camera Traps 2018-2020,https://storage.googleapis.com/public-datasets-lila/swg-camera-traps/public/lao/loc_0237/2019/01/image_00204.jpg,LILA species bbox export,Community Data License Agreement (permissive variant),d0f04c06-8c29-11eb-bcc5-000d3a74c7de,Eurasian Wild Pig,seq:2c625b8a-8c2a-11eb-9480-000d3a74c7de,train,e9f708bb95ad8f0a97fc9aca5c78da004740b1fe996c4bf2499b7f1ece8c73bb,1,3840,2880,false
dataset_rural/images/test/wild_boar_d125ec2c-8c29-11eb-a0ea-000d3a74c7de.jpg,dataset_rural/labels/test/wild_boar_d125ec2c-8c29-11eb-a0ea-000d3a74c7de.txt,1,wild_boar,SWG Camera Traps 2018-2020,https://storage.googleapis.com/public-datasets-lila/swg-camera-traps/public/lao/loc_0250/2018/11/image_01792.jpg,LILA species bbox export,Community Data License Agreement (permissive variant),d125ec2c-8c29-11eb-a0ea-000d3a74c7de,Eurasian Wild Pig,seq:2b27a452-8c2a-11eb-835b-000d3a74c7de,test,d222a9d7daf3e75fac9ce16fc0103accb6aadac5ab5e9c353c77fe2f2109ba76,1,3840,2880,false
dataset_rural/images/train/wild_boar_d141624d-8c29-11eb-9a90-000d3a74c7de.jpg,dataset_rural/labels/train/wild_boar_d141624d-8c29-11eb-9a90-000d3a74c7de.txt,1,wild_boar,SWG Camera Traps 2018-2020,https://storage.googleapis.com/public-datasets-lila/swg-camera-traps/public/lao/loc_0261/2019/02/image_00279.jpg,LILA species bbox export,Community Data License Agreement (permissive variant),d141624d-8c29-11eb-9a90-000d3a74c7de,Eurasian Wild Pig,seq:deaa9921-8c29-11eb-826e-000d3a74c7de,train,069e3c747bf9067a21544ac8c3880b4dcc70908746fa8c4751ff6417c4006669,1,3840,2880,false
dataset_rural/images/train/wild_boar_d1c6ddf7-8c29-11eb-814e-000d3a74c7de.jpg,dataset_rural/labels/train/wild_boar_d1c6ddf7-8c29-11eb-814e-000d3a74c7de.txt,1,wild_boar,SWG Camera Traps 2018-2020,https://storage.googleapis.com/public-datasets-lila/swg-camera-traps/public/lao/loc_0270/2019/01/image_01008.jpg,LILA species bbox export,Community Data License Agreement (permissive variant),d1c6ddf7-8c29-11eb-814e-000d3a74c7de,Eurasian Wild Pig,seq:3999ac55-8c2a-11eb-b929-000d3a74c7de,train,9a6db1a6f20da2e406bcf467fabdd61bf4316d8faec558fd7c48c8cec7743a5f,2,3840,2880,false
dataset_rural/images/val/wild_boar_d1c6de6a-8c29-11eb-867e-000d3a74c7de.jpg,dataset_rural/labels/val/wild_boar_d1c6de6a-8c29-11eb-867e-000d3a74c7de.txt,1,wild_boar,SWG Camera Traps 2018-2020,https://storage.googleapis.com/public-datasets-lila/swg-camera-traps/public/lao/loc_0270/2019/02/image_00262.jpg,LILA species bbox export,Community Data License Agreement (permissive variant),d1c6de6a-8c29-11eb-867e-000d3a74c7de,Eurasian Wild Pig,seq:3999ac62-8c2a-11eb-8500-000d3a74c7de,val,8488ad07ecccf2926e26513a95fe9f1f3f09e311aca0b781587eb9bb46d67a27,2,3840,2880,false
dataset_rural/images/train/wild_boar_d1c93d52-8c29-11eb-9ca5-000d3a74c7de.jpg,dataset_rural/labels/train/wild_boar_d1c93d52-8c29-11eb-9ca5-000d3a74c7de.txt,1,wild_boar,SWG Camera Traps 2018-2020,https://storage.googleapis.com/public-datasets-lila/swg-camera-traps/public/lao/loc_0270/2019/02/image_00375.jpg,LILA species bbox export,Community Data License Agreement (permissive variant),d1c93d52-8c29-11eb-9ca5-000d3a74c7de,Eurasian Wild Pig,seq:3999ac7f-8c2a-11eb-8881-000d3a74c7de,train,6a97171fdd1e7df96277f63677e2d8fb6083c066ec6eadbfe7813c2437bb0860,2,3840,2880,false
dataset_rural/images/train/wild_boar_d1d063fb-8c29-11eb-9903-000d3a74c7de.jpg,dataset_rural/labels/train/wild_boar_d1d063fb-8c29-11eb-9903-000d3a74c7de.txt,1,wild_boar,SWG Camera Traps 2018-2020,https://storage.googleapis.com/public-datasets-lila/swg-camera-traps/public/lao/loc_0272/2018/11/image_00113.jpg,LILA species bbox export,Community Data License Agreement (permissive variant),d1d063fb-8c29-11eb-9903-000d3a74c7de,Eurasian Wild Pig,seq:058ab6cb-8c2a-11eb-aee3-000d3a74c7de,train,1aad6b222209efe88d45449c1410bf9c8807be311cf7efc77d5e57dc7f63db0d,1,3840,2880,false
dataset_rural/images/val/wild_boar_d1d06429-8c29-11eb-bee9-000d3a74c7de.jpg,dataset_rural/labels/val/wild_boar_d1d06429-8c29-11eb-bee9-000d3a74c7de.txt,1,wild_boar,SWG Camera Traps 2018-2020,https://storage.googleapis.com/public-datasets-lila/swg-camera-traps/public/lao/loc_0272/2019/01/image_00372.jpg,LILA species bbox export,Community Data License Agreement (permissive variant),d1d06429-8c29-11eb-bee9-000d3a74c7de,Eurasian Wild Pig,seq:058ab6f8-8c2a-11eb-b77a-000d3a74c7de,val,0ad96966e013c076accae37b0728151d248e79f00ac71bcc3a9513ee6975332a,1,3840,2880,false
dataset_rural/images/train/wild_boar_d1d2c306-8c29-11eb-99dc-000d3a74c7de.jpg,dataset_rural/labels/train/wild_boar_d1d2c306-8c29-11eb-99dc-000d3a74c7de.txt,1,wild_boar,SWG Camera Traps 2018-2020,https://storage.googleapis.com/public-datasets-lila/swg-camera-traps/public/lao/loc_0272/2019/02/image_00212.jpg,LILA species bbox export,Community Data License Agreement (permissive variant),d1d2c306-8c29-11eb-99dc-000d3a74c7de,Eurasian Wild Pig,seq:058ab740-8c2a-11eb-9afa-000d3a74c7de,train,990279123c2b7cb328d9ca9a036635d41d6a1984ce9bd49041c022753e4d4408,3,3840,2880,false
dataset_rural/images/train/wild_boar_d1d528e4-8c29-11eb-85e3-000d3a74c7de.jpg,dataset_rural/labels/train/wild_boar_d1d528e4-8c29-11eb-85e3-000d3a74c7de.txt,1,wild_boar,SWG Camera Traps 2018-2020,https://storage.googleapis.com/public-datasets-lila/swg-camera-traps/public/lao/loc_0273/2018/10/image_00216.jpg,LILA species bbox export,Community Data License Agreement (permissive variant),d1d528e4-8c29-11eb-85e3-000d3a74c7de,Eurasian Wild Pig,seq:1fc860c3-8c2a-11eb-9dcc-000d3a74c7de,train,3d313a86861562b3f62e75eef845bdf4ecbc520a531aeca4188e6e81c5beb74f,3,3840,2880,false
dataset_rural/images/train/wild_boar_d1d528fa-8c29-11eb-8c83-000d3a74c7de.jpg,dataset_rural/labels/train/wild_boar_d1d528fa-8c29-11eb-8c83-000d3a74c7de.txt,1,wild_boar,SWG Camera Traps 2018-2020,https://storage.googleapis.com/public-datasets-lila/swg-camera-traps/public/lao/loc_0273/2018/10/image_00238.jpg,LILA species bbox export,Community Data License Agreement (permissive variant),d1d528fa-8c29-11eb-8c83-000d3a74c7de,Eurasian Wild Pig,seq:1fc860c6-8c2a-11eb-95fd-000d3a74c7de,train,a85015e283967e27be2ed39f1e4c2ba9d3ddc04e49194dcfa410258974cc9a50,1,3840,2880,false
dataset_rural/images/train/wild_boar_d1d787f1-8c29-11eb-9444-000d3a74c7de.jpg,dataset_rural/labels/train/wild_boar_d1d787f1-8c29-11eb-9444-000d3a74c7de.txt,1,wild_boar,SWG Camera Traps 2018-2020,https://storage.googleapis.com/public-datasets-lila/swg-camera-traps/public/lao/loc_0273/2018/11/image_00438.jpg,LILA species bbox export,Community Data License Agreement (permissive variant),d1d787f1-8c29-11eb-9444-000d3a74c7de,Eurasian Wild Pig,seq:1fc860fd-8c2a-11eb-878c-000d3a74c7de,train,45a4d21374f396be01125fec863745c068dd70f4c9a74259262d724f39ddc590,2,3840,2880,false
dataset_rural/images/train/wild_boar_d1d78876-8c29-11eb-affa-000d3a74c7de.jpg,dataset_rural/labels/train/wild_boar_d1d78876-8c29-11eb-affa-000d3a74c7de.txt,1,wild_boar,SWG Camera Traps 2018-2020,https://storage.googleapis.com/public-datasets-lila/swg-camera-traps/public/lao/loc_0273/2018/11/image_00571.jpg,LILA species bbox export,Community Data License Agreement (permissive variant),d1d78876-8c29-11eb-affa-000d3a74c7de,Eurasian Wild Pig,seq:1fc86118-8c2a-11eb-afbc-000d3a74c7de,train,ba74f885d74d1b468f47a72243244fb286e3fd7ceb999b4edd04a54e2c14bad4,3,3840,2880,false
dataset_rural/images/train/wild_boar_d1d7893a-8c29-11eb-adbd-000d3a74c7de.jpg,dataset_rural/labels/train/wild_boar_d1d7893a-8c29-11eb-adbd-000d3a74c7de.txt,1,wild_boar,SWG Camera Traps 2018-2020,https://storage.googleapis.com/public-datasets-lila/swg-camera-traps/public/lao/loc_0273/2018/11/image_00767.jpg,LILA species bbox export,Community Data License Agreement (permissive variant),d1d7893a-8c29-11eb-adbd-000d3a74c7de,Eurasian Wild Pig,seq:1fc86141-8c2a-11eb-a814-000d3a74c7de,train,c5472e914b91d753b15fb027663b7c961e53a242c967b836e2c9920319f7db11,2,3840,2880,false
dataset_rural/images/train/wild_boar_d1d78a0a-8c29-11eb-9314-000d3a74c7de.jpg,dataset_rural/labels/train/wild_boar_d1d78a0a-8c29-11eb-9314-000d3a74c7de.txt,1,wild_boar,SWG Camera Traps 2018-2020,https://storage.googleapis.com/public-datasets-lila/swg-camera-traps/public/lao/loc_0273/2018/12/image_00290.jpg,LILA species bbox export,Community Data License Agreement (permissive variant),d1d78a0a-8c29-11eb-9314-000d3a74c7de,Eurasian Wild Pig,seq:1fc8616a-8c2a-11eb-8449-000d3a74c7de,train,8dc226c4b5cdebf515e7ab47f811708aa61579a6abf858ecc26087605367a5f4,1,3840,2880,false
dataset_rural/images/train/wild_boar_d1ef7068-8c29-11eb-b8d5-000d3a74c7de.jpg,dataset_rural/labels/train/wild_boar_d1ef7068-8c29-11eb-b8d5-000d3a74c7de.txt,1,wild_boar,SWG Camera Traps 2018-2020,https://storage.googleapis.com/public-datasets-lila/swg-camera-traps/public/lao/loc_0283/2018/11/image_00267.jpg,LILA species bbox export,Community Data License Agreement (permissive variant),d1ef7068-8c29-11eb-b8d5-000d3a74c7de,Eurasian Wild Pig,seq:efc66480-8c29-11eb-a557-000d3a74c7de,train,7c75d4574b9fe356d8c9ec332bc0aa6577d10dafcbaa74c3a02d327082fd9b4f,1,3840,2880,false
dataset_rural/images/train/wild_boar_d1ef7294-8c29-11eb-bf11-000d3a74c7de.jpg,dataset_rural/labels/train/wild_boar_d1ef7294-8c29-11eb-bf11-000d3a74c7de.txt,1,wild_boar,SWG Camera Traps 2018-2020,https://storage.googleapis.com/public-datasets-lila/swg-camera-traps/public/lao/loc_0283/2019/02/image_00226.jpg,LILA species bbox export,Community Data License Agreement (permissive variant),d1ef7294-8c29-11eb-bf11-000d3a74c7de,Eurasian Wild Pig,seq:efc66518-8c29-11eb-b940-000d3a74c7de,train,382e845e171f7bea1e21fab277b42b58cf0a2775c0ba67a52bb7c39954f3f56f,1,3840,2880,false
dataset_rural/images/train/wild_boar_d20020c1-8c29-11eb-acea-000d3a74c7de.jpg,dataset_rural/labels/train/wild_boar_d20020c1-8c29-11eb-acea-000d3a74c7de.txt,1,wild_boar,SWG Camera Traps 2018-2020,https://storage.googleapis.com/public-datasets-lila/swg-camera-traps/public/lao/loc_0288/2019/03/image_00800.jpg,LILA species bbox export,Community Data License Agreement (permissive variant),d20020c1-8c29-11eb-acea-000d3a74c7de,Eurasian Wild Pig,seq:f23249a7-8c29-11eb-9356-000d3a74c7de,train,823098b9f3945a53c2504d9ffdc950cd0e29107e90bfdc953244dcdce31e6795,1,3840,2880,false
dataset_rural/images/train/wild_boar_d20020fc-8c29-11eb-b84c-000d3a74c7de.jpg,dataset_rural/labels/train/wild_boar_d20020fc-8c29-11eb-b84c-000d3a74c7de.txt,1,wild_boar,SWG Camera Traps 2018-2020,https://storage.googleapis.com/public-datasets-lila/swg-camera-traps/public/lao/loc_0288/2019/03/image_00859.jpg,LILA species bbox export,Community Data License Agreement (permissive variant),d20020fc-8c29-11eb-b84c-000d3a74c7de,Eurasian Wild Pig,seq:f23249b2-8c29-11eb-bb47-000d3a74c7de,train,fbb3b7cb5cd4a867719fb0bfa919e5ebf93f6e77f8b5d3462908347386033b8c,1,3840,2880,false
dataset_rural/images/train/wild_boar_d2002230-8c29-11eb-afce-000d3a74c7de.jpg,dataset_rural/labels/train/wild_boar_d2002230-8c29-11eb-afce-000d3a74c7de.txt,1,wild_boar,SWG Camera Traps 2018-2020,https://storage.googleapis.com/public-datasets-lila/swg-camera-traps/public/lao/loc_0288/2019/04/image_00124.jpg,LILA species bbox export,Community Data License Agreement (permissive variant),d2002230-8c29-11eb-afce-000d3a74c7de,Eurasian Wild Pig,seq:f23249fc-8c29-11eb-9830-000d3a74c7de,train,58b300d338b1f40df51d450580a77e85c4cbb3f4cdfd9cf556b7743edede06cc,1,3840,2880,false
dataset_rural/images/train/wild_boar_d2073752-8c29-11eb-bba4-000d3a74c7de.jpg,dataset_rural/labels/train/wild_boar_d2073752-8c29-11eb-bba4-000d3a74c7de.txt,1,wild_boar,SWG Camera Traps 2018-2020,https://storage.googleapis.com/public-datasets-lila/swg-camera-traps/public/lao/loc_0291/2018/12/image_00186.jpg,LILA species bbox export,Community Data License Agreement (permissive variant),d2073752-8c29-11eb-bba4-000d3a74c7de,Eurasian Wild Pig,seq:063d8501-8c2a-11eb-bcf1-000d3a74c7de,train,21fa0644b846a2cbf85790fe16316a4898046cdd6f68946f7da73fa7d65fc10c,1,3840,2880,false
dataset_rural/images/train/wild_boar_d20bfc2e-8c29-11eb-8067-000d3a74c7de.jpg,dataset_rural/labels/train/wild_boar_d20bfc2e-8c29-11eb-8067-000d3a74c7de.txt,1,wild_boar,SWG Camera Traps 2018-2020,https://storage.googleapis.com/public-datasets-lila/swg-camera-traps/public/lao/loc_0293/2019/01/image_00265.jpg,LILA species bbox export,Community Data License Agreement (permissive variant),d20bfc2e-8c29-11eb-8067-000d3a74c7de,Eurasian Wild Pig,seq:e8729eee-8c29-11eb-822f-000d3a74c7de,train,602569bc0169d674afe5d1a35bf1ced45c4f8cbd2808dbf5c9783f14a1218ed7,1,3840,2880,false
dataset_rural/images/train/wild_boar_d20bfdc0-8c29-11eb-b3bc-000d3a74c7de.jpg,dataset_rural/labels/train/wild_boar_d20bfdc0-8c29-11eb-b3bc-000d3a74c7de.txt,1,wild_boar,SWG Camera Traps 2018-2020,https://storage.googleapis.com/public-datasets-lila/swg-camera-traps/public/lao/loc_0293/2019/03/image_00209.jpg,LILA species bbox export,Community Data License Agreement (permissive variant),d20bfdc0-8c29-11eb-b3bc-000d3a74c7de,Eurasian Wild Pig,seq:e872eccf-8c29-11eb-83c3-000d3a74c7de,train,ce57123e54d75f831082359c33d07a7deb8d83ab066474069ce8d5625bce4f1a,1,3840,2880,false
dataset_rural/images/train/wild_boar_d21f0eee-8c29-11eb-abe5-000d3a74c7de.jpg,dataset_rural/labels/train/wild_boar_d21f0eee-8c29-11eb-abe5-000d3a74c7de.txt,1,wild_boar,SWG Camera Traps 2018-2020,https://storage.googleapis.com/public-datasets-lila/swg-camera-traps/public/lao/loc_0296/2019/02/image_00614.jpg,LILA species bbox export,Community Data License Agreement (permissive variant),d21f0eee-8c29-11eb-abe5-000d3a74c7de,Eurasian Wild Pig,seq:ed724d1b-8c29-11eb-8dce-000d3a74c7de,train,689a13da1fad6bc3a8f2abfa035100f92123e210661a9c195179b34569a93090,4,3840,2880,false
dataset_rural/images/train/wild_boar_d21f0f3c-8c29-11eb-b680-000d3a74c7de.jpg,dataset_rural/labels/train/wild_boar_d21f0f3c-8c29-11eb-b680-000d3a74c7de.txt,1,wild_boar,SWG Camera Traps 2018-2020,https://storage.googleapis.com/public-datasets-lila/swg-camera-traps/public/lao/loc_0296/2019/03/image_01130.jpg,LILA species bbox export,Community Data License Agreement (permissive variant),d21f0f3c-8c29-11eb-b680-000d3a74c7de,Eurasian Wild Pig,seq:ed724d50-8c29-11eb-bb5d-000d3a74c7de,train,dcff2d0999032770f43c239d2e02eeeb57fb8744d570007cf2ab0a132968612f,5,3840,2880,false
dataset_rural/images/train/wild_boar_d21f0f80-8c29-11eb-bcde-000d3a74c7de.jpg,dataset_rural/labels/train/wild_boar_d21f0f80-8c29-11eb-bcde-000d3a74c7de.txt,1,wild_boar,SWG Camera Traps 2018-2020,https://storage.googleapis.com/public-datasets-lila/swg-camera-traps/public/lao/loc_0296/2019/03/image_01198.jpg,LILA species bbox export,Community Data License Agreement (permissive variant),d21f0f80-8c29-11eb-bcde-000d3a74c7de,Eurasian Wild Pig,seq:ed724d5a-8c29-11eb-844a-000d3a74c7de,train,56d25a31996a75779e3078f9ac2bd538ffa25e3cfaa2c6220228e5650f58aa50,6,3840,2880,false
dataset_rural/images/train/wild_boar_d21f0fbf-8c29-11eb-bea9-000d3a74c7de.jpg,dataset_rural/labels/train/wild_boar_d21f0fbf-8c29-11eb-bea9-000d3a74c7de.txt,1,wild_boar,SWG Camera Traps 2018-2020,https://storage.googleapis.com/public-datasets-lila/swg-camera-traps/public/lao/loc_0296/2019/04/image_00251.jpg,LILA species bbox export,Community Data License Agreement (permissive variant),d21f0fbf-8c29-11eb-bea9-000d3a74c7de,Eurasian Wild Pig,seq:ed724de3-8c29-11eb-b424-000d3a74c7de,train,efdae5d36dc3c11f002e27f9300257c5360006121e80a97c6f89c5559dd7119c,3,3840,2880,false
dataset_rural/images/train/wild_boar_d21f1143-8c29-11eb-b92f-000d3a74c7de.jpg,dataset_rural/labels/train/wild_boar_d21f1143-8c29-11eb-b92f-000d3a74c7de.txt,1,wild_boar,SWG Camera Traps 2018-2020,https://storage.googleapis.com/public-datasets-lila/swg-camera-traps/public/lao/loc_0296/2019/04/image_00639.jpg,LILA species bbox export,Community Data License Agreement (permissive variant),d21f1143-8c29-11eb-b92f-000d3a74c7de,Eurasian Wild Pig,seq:ed724e31-8c29-11eb-af5c-000d3a74c7de,train,5a94055e09be2d5d4f7a9e8c21758236eb22c8d857c7ca60cc82c539dac94c48,5,3840,2880,false
dataset_rural/images/train/wild_boar_d226371d-8c29-11eb-95bb-000d3a74c7de.jpg,dataset_rural/labels/train/wild_boar_d226371d-8c29-11eb-95bb-000d3a74c7de.txt,1,wild_boar,SWG Camera Traps 2018-2020,https://storage.googleapis.com/public-datasets-lila/swg-camera-traps/public/lao/loc_0569/2019/07/image_00210.jpg,LILA species bbox export,Community Data License Agreement (permissive variant),d226371d-8c29-11eb-95bb-000d3a74c7de,Eurasian Wild Pig,seq:00ab681d-8c2a-11eb-bcef-000d3a74c7de,train,f3bbbf81ee5e1911116a53d009532165cdb43e477e7c78421ba161df084f0c2c,2,4608,2592,false
dataset_rural/images/train/wild_boar_d22899e1-8c29-11eb-bc82-000d3a74c7de.jpg,dataset_rural/labels/train/wild_boar_d22899e1-8c29-11eb-bc82-000d3a74c7de.txt,1,wild_boar,SWG Camera Traps 2018-2020,https://storage.googleapis.com/public-datasets-lila/swg-camera-traps/public/lao/loc_0570/2019/09/image_00348.jpg,LILA species bbox export,Community Data License Agreement (permissive variant),d22899e1-8c29-11eb-bc82-000d3a74c7de,Eurasian Wild Pig,seq:ec8642b6-8c29-11eb-be24-000d3a74c7de,train,065e8a05323ffc9c2e4858c8da5986c7742bd48b3c9d4010aaf1512326d0ebbf,1,4608,2592,false
dataset_rural/images/test/wild_boar_d22fc29e-8c29-11eb-ab24-000d3a74c7de.jpg,dataset_rural/labels/test/wild_boar_d22fc29e-8c29-11eb-ab24-000d3a74c7de.txt,1,wild_boar,SWG Camera Traps 2018-2020,https://storage.googleapis.com/public-datasets-lila/swg-camera-traps/public/lao/loc_0571/2019/08/image_01416.jpg,LILA species bbox export,Community Data License Agreement (permissive variant),d22fc29e-8c29-11eb-ab24-000d3a74c7de,Eurasian Wild Pig,seq:f400d0ff-8c29-11eb-966e-000d3a74c7de,test,a3c7597e93c92e881b1d1d0a754a551c189d00dbfe37c508f2d86c5ec480b05a,1,4608,2592,false
dataset_rural/images/train/wild_boar_d22fc2be-8c29-11eb-a432-000d3a74c7de.jpg,dataset_rural/labels/train/wild_boar_d22fc2be-8c29-11eb-a432-000d3a74c7de.txt,1,wild_boar,SWG Camera Traps 2018-2020,https://storage.googleapis.com/public-datasets-lila/swg-camera-traps/public/lao/loc_0571/2019/08/image_01448.jpg,LILA species bbox export,Community Data License Agreement (permissive variant),d22fc2be-8c29-11eb-a432-000d3a74c7de,Eurasian Wild Pig,seq:f400d102-8c29-11eb-972a-000d3a74c7de,train,8971e0842879d38f7c57252146623ed2fb00cdef50d04d0387736db07f3079cb,3,4608,2592,false
dataset_rural/images/train/wild_boar_d26696a0-8c29-11eb-9a75-000d3a74c7de.jpg,dataset_rural/labels/train/wild_boar_d26696a0-8c29-11eb-9a75-000d3a74c7de.txt,1,wild_boar,SWG Camera Traps 2018-2020,https://storage.googleapis.com/public-datasets-lila/swg-camera-traps/public/lao/loc_0575/2019/09/image_00464.jpg,LILA species bbox export,Community Data License Agreement (permissive variant),d26696a0-8c29-11eb-9a75-000d3a74c7de,Eurasian Wild Pig,seq:34836b73-8c2a-11eb-b6f2-000d3a74c7de,train,c1d934dfbae026257161b8501c683e462501d9d2c58318d16439d7ce7ba5f249,1,4608,2592,false
dataset_rural/images/train/wild_boar_d2669713-8c29-11eb-aea1-000d3a74c7de.jpg,dataset_rural/labels/train/wild_boar_d2669713-8c29-11eb-aea1-000d3a74c7de.txt,1,wild_boar,SWG Camera Traps 2018-2020,https://storage.googleapis.com/public-datasets-lila/swg-camera-traps/public/lao/loc_0575/2019/09/image_00579.jpg,LILA species bbox export,Community Data License Agreement (permissive variant),d2669713-8c29-11eb-aea1-000d3a74c7de,Eurasian Wild Pig,seq:34836b7e-8c2a-11eb-8de0-000d3a74c7de,train,e195170ef71b569ee467d920a103d147d7a3c840a18f56f51141d697a0dba94e,1,4608,2592,false
dataset_rural/images/train/wild_boar_d26697a3-8c29-11eb-95c1-000d3a74c7de.jpg,dataset_rural/labels/train/wild_boar_d26697a3-8c29-11eb-95c1-000d3a74c7de.txt,1,wild_boar,SWG Camera Traps 2018-2020,https://storage.googleapis.com/public-datasets-lila/swg-camera-traps/public/lao/loc_0575/2019/09/image_00723.jpg,LILA species bbox export,Community Data License Agreement (permissive variant),d26697a3-8c29-11eb-95c1-000d3a74c7de,Eurasian Wild Pig,seq:34836b96-8c2a-11eb-8a44-000d3a74c7de,train,25db20a62a8fbcb1341246c5c6baa8bfbedec6bf9e55d2a02561b2e691b6c845,1,4608,2592,false
dataset_rural/images/train/wild_boar_d26b8d8a-8c29-11eb-b247-000d3a74c7de.jpg,dataset_rural/labels/train/wild_boar_d26b8d8a-8c29-11eb-b247-000d3a74c7de.txt,1,wild_boar,SWG Camera Traps 2018-2020,https://storage.googleapis.com/public-datasets-lila/swg-camera-traps/public/lao/loc_0576/2019/09/image_00514.jpg,LILA species bbox export,Community Data License Agreement (permissive variant),d26b8d8a-8c29-11eb-b247-000d3a74c7de,Eurasian Wild Pig,seq:ec07be65-8c29-11eb-8643-000d3a74c7de,train,9176e0afac1e64ce614397dcbc8661e16df0fcf27efd5252073aa64f28fa77ea,4,4608,2592,false
dataset_rural/images/train/wild_boar_d279ae36-8c29-11eb-b22a-000d3a74c7de.jpg,dataset_rural/labels/train/wild_boar_d279ae36-8c29-11eb-b22a-000d3a74c7de.txt,1,wild_boar,SWG Camera Traps 2018-2020,https://storage.googleapis.com/public-datasets-lila/swg-camera-traps/public/lao/loc_0580/2019/07/image_01008.jpg,LILA species bbox export,Community Data License Agreement (permissive variant),d279ae36-8c29-11eb-b22a-000d3a74c7de,Eurasian Wild Pig,seq:e120022b-8c29-11eb-a820-000d3a74c7de,train,45f57f4e4f4ea87c561572a91bfa2c89029dd06b12f1bd17c35137c02dd66e8f,1,4608,2592,false
dataset_rural/images/train/wild_boar_d279aec6-8c29-11eb-8d7b-000d3a74c7de.jpg,dataset_rural/labels/train/wild_boar_d279aec6-8c29-11eb-8d7b-000d3a74c7de.txt,1,wild_boar,SWG Camera Traps 2018-2020,https://storage.googleapis.com/public-datasets-lila/swg-camera-traps/public/lao/loc_0580/2019/07/image_01152.jpg,LILA species bbox export,Community Data License Agreement (permissive variant),d279aec6-8c29-11eb-8d7b-000d3a74c7de,Eurasian Wild Pig,seq:e12002aa-8c29-11eb-bdc0-000d3a74c7de,train,6013dbaf3cc3b0a720c0b022cf1b2fd76249ea0eab049e4019801a1d1736d98e,1,4608,2592,false
dataset_rural/images/train/wild_boar_d28cbe97-8c29-11eb-810e-000d3a74c7de.jpg,dataset_rural/labels/train/wild_boar_d28cbe97-8c29-11eb-810e-000d3a74c7de.txt,1,wild_boar,SWG Camera Traps 2018-2020,https://storage.googleapis.com/public-datasets-lila/swg-camera-traps/public/lao/loc_0583/2019/08/image_01188.jpg,LILA species bbox export,Community Data License Agreement (permissive variant),d28cbe97-8c29-11eb-810e-000d3a74c7de,Eurasian Wild Pig,seq:2f7062a1-8c2a-11eb-8af4-000d3a74c7de,train,bbc0d5344363fddc5063036acf2ae9867c505617bb3e229508b70d244ffefc4a,1,4608,2592,false
dataset_rural/images/train/wild_boar_d28cbf32-8c29-11eb-a24b-000d3a74c7de.jpg,dataset_rural/labels/train/wild_boar_d28cbf32-8c29-11eb-a24b-000d3a74c7de.txt,1,wild_boar,SWG Camera Traps 2018-2020,https://storage.googleapis.com/public-datasets-lila/swg-camera-traps/public/lao/loc_0583/2019/10/image_00679.jpg,LILA species bbox export,Community Data License Agreement (permissive variant),d28cbf32-8c29-11eb-a24b-000d3a74c7de,Eurasian Wild Pig,seq:2f7063ba-8c2a-11eb-8a86-000d3a74c7de,train,8a3075444ab78748d45007d20b090ef858f18c9a7499d79737b07ef5d412004e,1,4608,2592,false
dataset_rural/images/train/wild_boar_d28f2286-8c29-11eb-b62c-000d3a74c7de.jpg,dataset_rural/labels/train/wild_boar_d28f2286-8c29-11eb-b62c-000d3a74c7de.txt,1,wild_boar,SWG Camera Traps 2018-2020,https://storage.googleapis.com/public-datasets-lila/swg-camera-traps/public/lao/loc_0584/2019/07/image_00264.jpg,LILA species bbox export,Community Data License Agreement (permissive variant),d28f2286-8c29-11eb-b62c-000d3a74c7de,Eurasian Wild Pig,seq:00fa13b6-8c2a-11eb-aacf-000d3a74c7de,train,28c4c538c8ef92ffdff4fe0c6b9fa51f770b4884f7ae0701983c0e44c86ac662,1,4608,2592,false
dataset_rural/images/train/wild_boar_d28f2293-8c29-11eb-beb1-000d3a74c7de.jpg,dataset_rural/labels/train/wild_boar_d28f2293-8c29-11eb-beb1-000d3a74c7de.txt,1,wild_boar,SWG Camera Traps 2018-2020,https://storage.googleapis.com/public-datasets-lila/swg-camera-traps/public/lao/loc_0584/2019/07/image_00277.jpg,LILA species bbox export,Community Data License Agreement (permissive variant),d28f2293-8c29-11eb-beb1-000d3a74c7de,Eurasian Wild Pig,seq:00fa13b9-8c2a-11eb-922c-000d3a74c7de,train,a848148ec26501a98d8b3568bcd7bdaa4e6825e23dfa177e02960245d7ed9d07,2,4608,2592,false
dataset_rural/images/train/wild_boar_d28f22ce-8c29-11eb-8b6c-000d3a74c7de.jpg,dataset_rural/labels/train/wild_boar_d28f22ce-8c29-11eb-8b6c-000d3a74c7de.txt,1,wild_boar,SWG Camera Traps 2018-2020,https://storage.googleapis.com/public-datasets-lila/swg-camera-traps/public/lao/loc_0584/2019/08/image_00126.jpg,LILA species bbox export,Community Data License Agreement (permissive variant),d28f22ce-8c29-11eb-8b6c-000d3a74c7de,Eurasian Wild Pig,seq:00fa13e3-8c2a-11eb-bc81-000d3a74c7de,train,3b1414220fa32206154ffbd3ac0783bf4e39097ebba18e32923d951d2747c6f1,2,4608,2592,false
dataset_rural/images/train/wild_boar_d29181e2-8c29-11eb-8900-000d3a74c7de.jpg,dataset_rural/labels/train/wild_boar_d29181e2-8c29-11eb-8900-000d3a74c7de.txt,1,wild_boar,SWG Camera Traps 2018-2020,https://storage.googleapis.com/public-datasets-lila/swg-camera-traps/public/lao/loc_0584/2019/10/image_00351.jpg,LILA species bbox export,Community Data License Agreement (permissive variant),d29181e2-8c29-11eb-8900-000d3a74c7de,Eurasian Wild Pig,seq:00fa1471-8c2a-11eb-a5d2-000d3a74c7de,train,b27e0c31551c7bd13bcd80b0af39dbfb1af866ae438b5c7c84057f2ab60596ff,1,4608,2592,false
dataset_rural/images/train/wild_boar_d298ae63-8c29-11eb-b753-000d3a74c7de.jpg,dataset_rural/labels/train/wild_boar_d298ae63-8c29-11eb-b753-000d3a74c7de.txt,1,wild_boar,SWG Camera Traps 2018-2020,https://storage.googleapis.com/public-datasets-lila/swg-camera-traps/public/lao/loc_0585/2019/10/image_00923.jpg,LILA species bbox export,Community Data License Agreement (permissive variant),d298ae63-8c29-11eb-b753-000d3a74c7de,Eurasian Wild Pig,seq:087c1f07-8c2a-11eb-884f-000d3a74c7de,train,3eaf0c51764e3966c8d2dbd2b1f4f7ab837fc65f793b72d97b282bb3b04850e8,1,4608,2592,false
dataset_rural/images/train/wild_boar_d29b1548-8c29-11eb-92bd-000d3a74c7de.jpg,dataset_rural/labels/train/wild_boar_d29b1548-8c29-11eb-92bd-000d3a74c7de.txt,1,wild_boar,SWG Camera Traps 2018-2020,https://storage.googleapis.com/public-datasets-lila/swg-camera-traps/public/lao/loc_0586/2019/08/image_00101.jpg,LILA species bbox export,Community Data License Agreement (permissive variant),d29b1548-8c29-11eb-92bd-000d3a74c7de,Eurasian Wild Pig,seq:1c6bd4af-8c2a-11eb-be74-000d3a74c7de,train,9bb37e4e8cedb1df45729c0c9c350afd45fb77f82a4d82769e7ce577fd1a2150,1,4608,2592,false
dataset_rural/images/val/wild_boar_d2a237ae-8c29-11eb-b54a-000d3a74c7de.jpg,dataset_rural/labels/val/wild_boar_d2a237ae-8c29-11eb-b54a-000d3a74c7de.txt,1,wild_boar,SWG Camera Traps 2018-2020,https://storage.googleapis.com/public-datasets-lila/swg-camera-traps/public/lao/loc_0588/2019/10/image_00416.jpg,LILA species bbox export,Community Data License Agreement (permissive variant),d2a237ae-8c29-11eb-b54a-000d3a74c7de,Eurasian Wild Pig,seq:39b3e719-8c2a-11eb-a820-000d3a74c7de,val,bb2e92019826806142249fb5a9ac7d8cd022476fd165745f74ebfe90bc32bc87,1,4608,2592,false
dataset_rural/images/train/wild_boar_d2a49a04-8c29-11eb-9a88-000d3a74c7de.jpg,dataset_rural/labels/train/wild_boar_d2a49a04-8c29-11eb-9a88-000d3a74c7de.txt,1,wild_boar,SWG Camera Traps 2018-2020,https://storage.googleapis.com/public-datasets-lila/swg-camera-traps/public/lao/loc_0589/2019/08/image_00371.jpg,LILA species bbox export,Community Data License Agreement (permissive variant),d2a49a04-8c29-11eb-9a88-000d3a74c7de,Eurasian Wild Pig,seq:051d0853-8c2a-11eb-9419-000d3a74c7de,train,9d9826805d1c27c90955f9f9a187ca71c3af9cec628bd3009229016d16b596a0,1,4608,2592,false
dataset_rural/images/train/wild_boar_d2a95a7b-8c29-11eb-9057-000d3a74c7de.jpg,dataset_rural/labels/train/wild_boar_d2a95a7b-8c29-11eb-9057-000d3a74c7de.txt,1,wild_boar,SWG Camera Traps 2018-2020,https://storage.googleapis.com/public-datasets-lila/swg-camera-traps/public/lao/loc_0590/2019/07/image_00192.jpg,LILA species bbox export,Community Data License Agreement (permissive variant),d2a95a7b-8c29-11eb-9057-000d3a74c7de,Eurasian Wild Pig,seq:f0ab4688-8c29-11eb-874f-000d3a74c7de,train,f523c87720c2bdde974f3ad16fe9a5e7b359d71a05e5b08cd099f0abdc108e8d,2,4608,2592,false
dataset_rural/images/train/wild_boar_d2a95be4-8c29-11eb-98d6-000d3a74c7de.jpg,dataset_rural/labels/train/wild_boar_d2a95be4-8c29-11eb-98d6-000d3a74c7de.txt,1,wild_boar,SWG Camera Traps 2018-2020,https://storage.googleapis.com/public-datasets-lila/swg-camera-traps/public/lao/loc_0590/2019/08/image_00313.jpg,LILA species bbox export,Community Data License Agreement (permissive variant),d2a95be4-8c29-11eb-98d6-000d3a74c7de,Eurasian Wild Pig,seq:f0ab46e5-8c29-11eb-9e73-000d3a74c7de,train,331942167645de1c34b6369974607430c494cd1284c78da0fdba6be7c8bd4c7b,1,4608,2592,false
dataset_rural/images/train/wild_boar_d2abbac9-8c29-11eb-a0a9-000d3a74c7de.jpg,dataset_rural/labels/train/wild_boar_d2abbac9-8c29-11eb-a0a9-000d3a74c7de.txt,1,wild_boar,SWG Camera Traps 2018-2020,https://storage.googleapis.com/public-datasets-lila/swg-camera-traps/public/lao/loc_0590/2019/08/image_00503.jpg,LILA species bbox export,Community Data License Agreement (permissive variant),d2abbac9-8c29-11eb-a0a9-000d3a74c7de,Eurasian Wild Pig,seq:f0ab4705-8c29-11eb-945c-000d3a74c7de,train,f34ac387f9aa96f11884fccc565834e14913b8bf60922070b23872cae8b6eaaf,1,4608,2592,false
dataset_rural/images/test/wild_boar_d2abbb89-8c29-11eb-9cd6-000d3a74c7de.jpg,dataset_rural/labels/test/wild_boar_d2abbb89-8c29-11eb-9cd6-000d3a74c7de.txt,1,wild_boar,SWG Camera Traps 2018-2020,https://storage.googleapis.com/public-datasets-lila/swg-camera-traps/public/lao/loc_0590/2019/09/image_00347.jpg,LILA species bbox export,Community Data License Agreement (permissive variant),d2abbb89-8c29-11eb-9cd6-000d3a74c7de,Eurasian Wild Pig,seq:f0ab4749-8c29-11eb-9f72-000d3a74c7de,test,ab22ee98490bd4585cfac7b7a28109d529f773a56329fbbada11a944abf29fe1,1,4608,2592,false
dataset_rural/images/train/wild_boar_d2abbeee-8c29-11eb-803e-000d3a74c7de.jpg,dataset_rural/labels/train/wild_boar_d2abbeee-8c29-11eb-803e-000d3a74c7de.txt,1,wild_boar,SWG Camera Traps 2018-2020,https://storage.googleapis.com/public-datasets-lila/swg-camera-traps/public/lao/loc_0591/2019/08/image_00126.jpg,LILA species bbox export,Community Data License Agreement (permissive variant),d2abbeee-8c29-11eb-803e-000d3a74c7de,Eurasian Wild Pig,seq:3046f58c-8c2a-11eb-8643-000d3a74c7de,train,15882b2d248dea1b8f089bb5b6e020e5365aa8c5d0a396214d53acd1500e34b0,1,4608,2592,false
dataset_rural/images/train/wild_boar_d2ae1ea8-8c29-11eb-b295-000d3a74c7de.jpg,dataset_rural/labels/train/wild_boar_d2ae1ea8-8c29-11eb-b295-000d3a74c7de.txt,1,wild_boar,SWG Camera Traps 2018-2020,https://storage.googleapis.com/public-datasets-lila/swg-camera-traps/public/lao/loc_0591/2019/09/image_00170.jpg,LILA species bbox export,Community Data License Agreement (permissive variant),d2ae1ea8-8c29-11eb-b295-000d3a74c7de,Eurasian Wild Pig,seq:3046f60b-8c2a-11eb-9f9d-000d3a74c7de,train,dbca83f0c195824df8f958a23e3403849fe46586c108daf1062fec215c743e59,3,4608,2592,false
dataset_rural/images/val/wild_boar_d2ae1ecd-8c29-11eb-b057-000d3a74c7de.jpg,dataset_rural/labels/val/wild_boar_d2ae1ecd-8c29-11eb-b057-000d3a74c7de.txt,1,wild_boar,SWG Camera Traps 2018-2020,https://storage.googleapis.com/public-datasets-lila/swg-camera-traps/public/lao/loc_0591/2019/09/image_00207.jpg,LILA species bbox export,Community Data License Agreement (permissive variant),d2ae1ecd-8c29-11eb-b057-000d3a74c7de,Eurasian Wild Pig,seq:3046f617-8c2a-11eb-bc38-000d3a74c7de,val,d4b51106f1143e672ff670f3a55562ef003d1085aa8065cdc5849f4c6eb9295d,3,4608,2592,false
dataset_rural/images/train/wild_boar_d2ae1ed1-8c29-11eb-8f17-000d3a74c7de.jpg,dataset_rural/labels/train/wild_boar_d2ae1ed1-8c29-11eb-8f17-000d3a74c7de.txt,1,wild_boar,SWG Camera Traps 2018-2020,https://storage.googleapis.com/public-datasets-lila/swg-camera-traps/public/lao/loc_0591/2019/09/image_00211.jpg,LILA species bbox export,Community Data License Agreement (permissive variant),d2ae1ed1-8c29-11eb-8f17-000d3a74c7de,Eurasian Wild Pig,seq:3046f619-8c2a-11eb-8373-000d3a74c7de,train,28eabba7b621058b1d87d2b7a1f3f4469a391870118b10e495e85c0c914d2be4,3,4608,2592,false
dataset_rural/images/train/wild_boar_d2ae1f76-8c29-11eb-b484-000d3a74c7de.jpg,dataset_rural/labels/train/wild_boar_d2ae1f76-8c29-11eb-b484-000d3a74c7de.txt,1,wild_boar,SWG Camera Traps 2018-2020,https://storage.googleapis.com/public-datasets-lila/swg-camera-traps/public/lao/loc_0591/2019/09/image_00376.jpg,LILA species bbox export,Community Data License Agreement (permissive variant),d2ae1f76-8c29-11eb-b484-000d3a74c7de,Eurasian Wild Pig,seq:3046f663-8c2a-11eb-9ebc-000d3a74c7de,train,84024f83988baf324ee2f47d091a7e504fb4094e7aa17ccdaac52e0584435e2f,1,4608,2592,false
dataset_rural/images/train/wild_boar_d2ae1fb4-8c29-11eb-878a-000d3a74c7de.jpg,dataset_rural/labels/train/wild_boar_d2ae1fb4-8c29-11eb-878a-000d3a74c7de.txt,1,wild_boar,SWG Camera Traps 2018-2020,https://storage.googleapis.com/public-datasets-lila/swg-camera-traps/public/lao/loc_0591/2019/09/image_00438.jpg,LILA species bbox export,Community Data License Agreement (permissive variant),d2ae1fb4-8c29-11eb-878a-000d3a74c7de,Eurasian Wild Pig,seq:3046f6a0-8c2a-11eb-8429-000d3a74c7de,train,5477925293191b8592a5e9a43a54c1829614a616e37634067c908cf16cacf89f,2,4608,2592,false
dataset_rural/images/train/wild_boar_d2b543b4-8c29-11eb-af0e-000d3a74c7de.jpg,dataset_rural/labels/train/wild_boar_d2b543b4-8c29-11eb-af0e-000d3a74c7de.txt,1,wild_boar,SWG Camera Traps 2018-2020,https://storage.googleapis.com/public-datasets-lila/swg-camera-traps/public/lao/loc_0592/2019/07/image_01169.jpg,LILA species bbox export,Community Data License Agreement (permissive variant),d2b543b4-8c29-11eb-af0e-000d3a74c7de,Eurasian Wild Pig,seq:30933eb2-8c2a-11eb-9727-000d3a74c7de,train,83b870315e2e84b3878fbd0bd6ed4798e6535348113a5d88210d83b666c3840b,1,3840,2880,false
dataset_rural/images/test/wild_boar_d2b7a5c8-8c29-11eb-b546-000d3a74c7de.jpg,dataset_rural/labels/test/wild_boar_d2b7a5c8-8c29-11eb-b546-000d3a74c7de.txt,1,wild_boar,SWG Camera Traps 2018-2020,https://storage.googleapis.com/public-datasets-lila/swg-camera-traps/public/lao/loc_0592/2019/09/image_00577.jpg,LILA species bbox export,Community Data License Agreement (permissive variant),d2b7a5c8-8c29-11eb-b546-000d3a74c7de,Eurasian Wild Pig,seq:30933f49-8c2a-11eb-9271-000d3a74c7de,test,60a7345faebf0e3a1a1e6e758634e229cd484440250f262ffbcc681ca2b25117,1,3840,2880,false
dataset_rural/images/train/wild_boar_d2bed0a9-8c29-11eb-b3c8-000d3a74c7de.jpg,dataset_rural/labels/train/wild_boar_d2bed0a9-8c29-11eb-b3c8-000d3a74c7de.txt,1,wild_boar,SWG Camera Traps 2018-2020,https://storage.googleapis.com/public-datasets-lila/swg-camera-traps/public/lao/loc_0595/2019/07/image_00298.jpg,LILA species bbox export,Community Data License Agreement (permissive variant),d2bed0a9-8c29-11eb-b3c8-000d3a74c7de,Eurasian Wild Pig,seq:1c860c4b-8c2a-11eb-b0fb-000d3a74c7de,train,16432d030b49df8197386e25d626ef251aa5f25b28a2b4eca21e2ed7e6ee7211,1,4608,2592,false
dataset_rural/images/train/wild_boar_d2c12f9d-8c29-11eb-a244-000d3a74c7de.jpg,dataset_rural/labels/train/wild_boar_d2c12f9d-8c29-11eb-a244-000d3a74c7de.txt,1,wild_boar,SWG Camera Traps 2018-2020,https://storage.googleapis.com/public-datasets-lila/swg-camera-traps/public/lao/loc_0595/2019/07/image_00708.jpg,LILA species bbox export,Community Data License Agreement (permissive variant),d2c12f9d-8c29-11eb-a244-000d3a74c7de,Eurasian Wild Pig,seq:1c860cac-8c2a-11eb-8816-000d3a74c7de,train,e0a6c8a0c9fab951efb6afcb7a9ccd77b68b31271960e854d84607189475c6c3,1,4608,2592,false
dataset_rural/images/train/wild_boar_d2c1306b-8c29-11eb-a43d-000d3a74c7de.jpg,dataset_rural/labels/train/wild_boar_d2c1306b-8c29-11eb-a43d-000d3a74c7de.txt,1,wild_boar,SWG Camera Traps 2018-2020,https://storage.googleapis.com/public-datasets-lila/swg-camera-traps/public/lao/loc_0595/2019/09/image_00284.jpg,LILA species bbox export,Community Data License Agreement (permissive variant),d2c1306b-8c29-11eb-a43d-000d3a74c7de,Eurasian Wild Pig,seq:1c860d00-8c2a-11eb-8715-000d3a74c7de,train,2e8e6690a847e2aa9d1215aae77070622d535cfef494fa8d88cc6b8bc3c6f11e,1,4608,2592,false
dataset_rural/images/train/wild_boar_d2c130bc-8c29-11eb-b966-000d3a74c7de.jpg,dataset_rural/labels/train/wild_boar_d2c130bc-8c29-11eb-b966-000d3a74c7de.txt,1,wild_boar,SWG Camera Traps 2018-2020,https://storage.googleapis.com/public-datasets-lila/swg-camera-traps/public/lao/loc_0595/2019/10/image_00202.jpg,LILA species bbox export,Community Data License Agreement (permissive variant),d2c130bc-8c29-11eb-b966-000d3a74c7de,Eurasian Wild Pig,seq:1c860d58-8c2a-11eb-ad89-000d3a74c7de,train,1f8527ad112cdba000cd718587e82b3c913f22031ffe5b6ae620ad63adb31293,1,4608,2592,false
dataset_rural/images/train/wild_boar_d2d9187d-8c29-11eb-a800-000d3a74c7de.jpg,dataset_rural/labels/train/wild_boar_d2d9187d-8c29-11eb-a800-000d3a74c7de.txt,1,wild_boar,SWG Camera Traps 2018-2020,https://storage.googleapis.com/public-datasets-lila/swg-camera-traps/public/lao/loc_0597/2019/08/image_00175.jpg,LILA species bbox export,Community Data License Agreement (permissive variant),d2d9187d-8c29-11eb-a800-000d3a74c7de,Eurasian Wild Pig,seq:18f284b7-8c2a-11eb-93c4-000d3a74c7de,train,9deaae0ee50f69a2566c0d4ebcd23f76a0b1ec9f9176a0a396c8bf3b3a269cd5,1,4608,2592,false
dataset_rural/images/train/wild_boar_d2db7792-8c29-11eb-b3b2-000d3a74c7de.jpg,dataset_rural/labels/train/wild_boar_d2db7792-8c29-11eb-b3b2-000d3a74c7de.txt,1,wild_boar,SWG Camera Traps 2018-2020,https://storage.googleapis.com/public-datasets-lila/swg-camera-traps/public/lao/loc_0598/2019/08/image_00280.jpg,LILA species bbox export,Community Data License Agreement (permissive variant),d2db7792-8c29-11eb-b3b2-000d3a74c7de,Eurasian Wild Pig,seq:eb6aeb1d-8c29-11eb-b6b4-000d3a74c7de,train,bcb3325b5b966da09048c3f27eafef95b7b6ea54aa81b8e31f5ce00fcc034b2a,3,4608,2592,false
dataset_rural/images/train/wild_boar_d2f343f2-8c29-11eb-b2f5-000d3a74c7de.jpg,dataset_rural/labels/train/wild_boar_d2f343f2-8c29-11eb-b2f5-000d3a74c7de.txt,1,wild_boar,SWG Camera Traps 2018-2020,https://storage.googleapis.com/public-datasets-lila/swg-camera-traps/public/lao/loc_0599/2019/07/image_00525.jpg,LILA species bbox export,Community Data License Agreement (permissive variant),d2f343f2-8c29-11eb-b2f5-000d3a74c7de,Eurasian Wild Pig,seq:1ca048a1-8c2a-11eb-b82e-000d3a74c7de,train,41999ccf2e6de0a9a4bc6236052fdcc9c3e7206a6ec863932dfd2f3ce709f112,1,4608,2592,false
dataset_rural/images/val/wild_boar_d2f5a6e3-8c29-11eb-87c9-000d3a74c7de.jpg,dataset_rural/labels/val/wild_boar_d2f5a6e3-8c29-11eb-87c9-000d3a74c7de.txt,1,wild_boar,SWG Camera Traps 2018-2020,https://storage.googleapis.com/public-datasets-lila/swg-camera-traps/public/lao/loc_0600/2019/07/image_00729.jpg,LILA species bbox export,Community Data License Agreement (permissive variant),d2f5a6e3-8c29-11eb-87c9-000d3a74c7de,Eurasian Wild Pig,seq:2de95d9a-8c2a-11eb-b876-000d3a74c7de,val,c5e8e6192473f555a46188b5484af40dcfcaf932a2260f69afc7c44305f9df6e,2,4608,2592,false
dataset_rural/images/train/wild_boar_d2f805da-8c29-11eb-ac98-000d3a74c7de.jpg,dataset_rural/labels/train/wild_boar_d2f805da-8c29-11eb-ac98-000d3a74c7de.txt,1,wild_boar,SWG Camera Traps 2018-2020,https://storage.googleapis.com/public-datasets-lila/swg-camera-traps/public/lao/loc_0600/2019/08/image_00433.jpg,LILA species bbox export,Community Data License Agreement (permissive variant),d2f805da-8c29-11eb-ac98-000d3a74c7de,Eurasian Wild Pig,seq:2de95dbf-8c2a-11eb-aa5a-000d3a74c7de,train,ea6456813d171806255df10db4895a6decc427f79e7fc00d9520611b9e522b73,1,4608,2592,false
dataset_rural/images/train/wild_boar_d2ff3077-8c29-11eb-81c1-000d3a74c7de.jpg,dataset_rural/labels/train/wild_boar_d2ff3077-8c29-11eb-81c1-000d3a74c7de.txt,1,wild_boar,SWG Camera Traps 2018-2020,https://storage.googleapis.com/public-datasets-lila/swg-camera-traps/public/lao/loc_0602/2019/07/image_00395.jpg,LILA species bbox export,Community Data License Agreement (permissive variant),d2ff3077-8c29-11eb-81c1-000d3a74c7de,Eurasian Wild Pig,seq:3504a50d-8c2a-11eb-bc01-000d3a74c7de,train,b94fd7c4bdc53d073723530c62e33f1e24f0d3d70b097c1c0fcc313bfa3c3a4a,2,4608,2592,false
dataset_rural/images/train/wild_boar_d301913e-8c29-11eb-bec0-000d3a74c7de.jpg,dataset_rural/labels/train/wild_boar_d301913e-8c29-11eb-bec0-000d3a74c7de.txt,1,wild_boar,SWG Camera Traps 2018-2020,https://storage.googleapis.com/public-datasets-lila/swg-camera-traps/public/lao/loc_0602/2019/07/image_00681.jpg,LILA species bbox export,Community Data License Agreement (permissive variant),d301913e-8c29-11eb-bec0-000d3a74c7de,Eurasian Wild Pig,seq:3504a53b-8c2a-11eb-acb5-000d3a74c7de,train,7ae2369d0f7a7706f7bb595ebfadf9e5b5e8361d22995c91221ca033e6afad85,2,4608,2592,false
dataset_rural/images/train/wild_boar_d30191c2-8c29-11eb-9cee-000d3a74c7de.jpg,dataset_rural/labels/train/wild_boar_d30191c2-8c29-11eb-9cee-000d3a74c7de.txt,1,wild_boar,SWG Camera Traps 2018-2020,https://storage.googleapis.com/public-datasets-lila/swg-camera-traps/public/lao/loc_0602/2019/08/image_00116.jpg,LILA species bbox export,Community Data License Agreement (permissive variant),d30191c2-8c29-11eb-9cee-000d3a74c7de,Eurasian Wild Pig,seq:3504a553-8c2a-11eb-84da-000d3a74c7de,train,7cf33baa2b44894f7b0b5fb0d0c3ca8092b02a9a2507fe53ffbd917ef268cc71,1,4608,2592,false
dataset_rural/images/train/wild_boar_d3019239-8c29-11eb-bf07-000d3a74c7de.jpg,dataset_rural/labels/train/wild_boar_d3019239-8c29-11eb-bf07-000d3a74c7de.txt,1,wild_boar,SWG Camera Traps 2018-2020,https://storage.googleapis.com/public-datasets-lila/swg-camera-traps/public/lao/loc_0602/2019/08/image_00235.jpg,LILA species bbox export,Community Data License Agreement (permissive variant),d3019239-8c29-11eb-bf07-000d3a74c7de,Eurasian Wild Pig,seq:3504a566-8c2a-11eb-bd12-000d3a74c7de,train,b9ca67f0b07953a55f827b4e53f589fbec9e73cbfd9b040731c92c2e65ac0a98,1,4608,2592,false
dataset_rural/images/test/wild_boar_d301934c-8c29-11eb-bdc4-000d3a74c7de.jpg,dataset_rural/labels/test/wild_boar_d301934c-8c29-11eb-bdc4-000d3a74c7de.txt,1,wild_boar,SWG Camera Traps 2018-2020,https://storage.googleapis.com/public-datasets-lila/swg-camera-traps/public/lao/loc_0602/2019/08/image_00510.jpg,LILA species bbox export,Community Data License Agreement (permissive variant),d301934c-8c29-11eb-bdc4-000d3a74c7de,Eurasian Wild Pig,seq:3504a59b-8c2a-11eb-b596-000d3a74c7de,test,a05f88a937368e360cb490394d589a41b2fd2cf91cdcfc2d64a47b28e39704e7,1,4608,2592,false
dataset_rural/images/test/wild_boar_d30194d2-8c29-11eb-abbf-000d3a74c7de.jpg,dataset_rural/labels/test/wild_boar_d30194d2-8c29-11eb-abbf-000d3a74c7de.txt,1,wild_boar,SWG Camera Traps 2018-2020,https://storage.googleapis.com/public-datasets-lila/swg-camera-traps/public/lao/loc_0602/2019/08/image_00900.jpg,LILA species bbox export,Community Data License Agreement (permissive variant),d30194d2-8c29-11eb-abbf-000d3a74c7de,Eurasian Wild Pig,seq:3504a5da-8c2a-11eb-94a5-000d3a74c7de,test,83f07305f7965abe02335307dd3df6cbf6ca8d73d391e5f62503217d57a6888f,1,4608,2592,false
dataset_rural/images/train/wild_boar_d3019542-8c29-11eb-aeea-000d3a74c7de.jpg,dataset_rural/labels/train/wild_boar_d3019542-8c29-11eb-aeea-000d3a74c7de.txt,1,wild_boar,SWG Camera Traps 2018-2020,https://storage.googleapis.com/public-datasets-lila/swg-camera-traps/public/lao/loc_0602/2019/08/image_01012.jpg,LILA species bbox export,Community Data License Agreement (permissive variant),d3019542-8c29-11eb-aeea-000d3a74c7de,Eurasian Wild Pig,seq:3504a5ed-8c2a-11eb-addf-000d3a74c7de,train,6e1479ca61087870d95ae61590515cff654fab6881a090c81aa075263ceee63d,1,4608,2592,false
dataset_rural/images/train/wild_boar_d301954a-8c29-11eb-9067-000d3a74c7de.jpg,dataset_rural/labels/train/wild_boar_d301954a-8c29-11eb-9067-000d3a74c7de.txt,1,wild_boar,SWG Camera Traps 2018-2020,https://storage.googleapis.com/public-datasets-lila/swg-camera-traps/public/lao/loc_0602/2019/08/image_01020.jpg,LILA species bbox export,Community Data License Agreement (permissive variant),d301954a-8c29-11eb-9067-000d3a74c7de,Eurasian Wild Pig,seq:3504a5ee-8c2a-11eb-a517-000d3a74c7de,train,33ad42bb0f7b23fab3b8c8a8fcd2212e43c6992a61ef937d6483ef5526a1980d,1,4608,2592,false
dataset_rural/images/train/wild_boar_d308ba2e-8c29-11eb-9e9a-000d3a74c7de.jpg,dataset_rural/labels/train/wild_boar_d308ba2e-8c29-11eb-9e9a-000d3a74c7de.txt,1,wild_boar,SWG Camera Traps 2018-2020,https://storage.googleapis.com/public-datasets-lila/swg-camera-traps/public/lao/loc_0604/2019/07/image_00655.jpg,LILA species bbox export,Community Data License Agreement (permissive variant),d308ba2e-8c29-11eb-9e9a-000d3a74c7de,Eurasian Wild Pig,seq:fd1096b3-8c29-11eb-ac03-000d3a74c7de,train,79ff75ad5d83e67cabe1fb3097db87a430b26f741d64f3361be54a049b6bbd7e,8,4608,2592,false
dataset_rural/images/train/wild_boar_d30b1993-8c29-11eb-a2c2-000d3a74c7de.jpg,dataset_rural/labels/train/wild_boar_d30b1993-8c29-11eb-a2c2-000d3a74c7de.txt,1,wild_boar,SWG Camera Traps 2018-2020,https://storage.googleapis.com/public-datasets-lila/swg-camera-traps/public/lao/loc_0604/2019/09/image_00754.jpg,LILA species bbox export,Community Data License Agreement (permissive variant),d30b1993-8c29-11eb-a2c2-000d3a74c7de,Eurasian Wild Pig,seq:fd109843-8c29-11eb-a943-000d3a74c7de,train,6dc1128a33287ee9deb402c1edf60382d2e302698bf9480bea2b8c68b7081a76,1,4608,2592,false
dataset_rural/images/train/wild_boar_d30fdd9c-8c29-11eb-bc56-000d3a74c7de.jpg,dataset_rural/labels/train/wild_boar_d30fdd9c-8c29-11eb-bc56-000d3a74c7de.txt,1,wild_boar,SWG Camera Traps 2018-2020,https://storage.googleapis.com/public-datasets-lila/swg-camera-traps/public/lao/loc_0605/2019/08/image_00623.jpg,LILA species bbox export,Community Data License Agreement (permissive variant),d30fdd9c-8c29-11eb-bc56-000d3a74c7de,Eurasian Wild Pig,seq:226eb384-8c2a-11eb-8dc3-000d3a74c7de,train,9c97105fd12e06a6440d6899f67238afc9a9df6dc8fdd7a83e30339e276bca8e,1,4608,2592,false
dataset_rural/images/test/wild_boar_d317088c-8c29-11eb-b1ff-000d3a74c7de.jpg,dataset_rural/labels/test/wild_boar_d317088c-8c29-11eb-b1ff-000d3a74c7de.txt,1,wild_boar,SWG Camera Traps 2018-2020,https://storage.googleapis.com/public-datasets-lila/swg-camera-traps/public/lao/loc_0607/2019/08/image_00586.jpg,LILA species bbox export,Community Data License Agreement (permissive variant),d317088c-8c29-11eb-b1ff-000d3a74c7de,Eurasian Wild Pig,seq:3d0cd96e-8c2a-11eb-b0b2-000d3a74c7de,test,126644ed5c475875270fe6e24ff2d3607f8a839370408842dc88dd7c526093a0,2,4608,2592,false
dataset_rural/images/val/wild_boar_d3256609-8c29-11eb-9966-000d3a74c7de.jpg,dataset_rural/labels/val/wild_boar_d3256609-8c29-11eb-9966-000d3a74c7de.txt,1,wild_boar,SWG Camera Traps 2018-2020,https://storage.googleapis.com/public-datasets-lila/swg-camera-traps/public/lao/loc_0610/2019/10/image_01129.jpg,LILA species bbox export,Community Data License Agreement (permissive variant),d3256609-8c29-11eb-9966-000d3a74c7de,Eurasian Wild Pig,seq:07c22534-8c2a-11eb-9ccd-000d3a74c7de,val,c675269ead2694aeeca220466ddd283c2dda96f024f2494732d8c1497803aceb,1,4608,2592,false
dataset_rural/images/train/wild_boar_d34e8aa9-8c29-11eb-bc36-000d3a74c7de.jpg,dataset_rural/labels/train/wild_boar_d34e8aa9-8c29-11eb-bc36-000d3a74c7de.txt,1,wild_boar,SWG Camera Traps 2018-2020,https://storage.googleapis.com/public-datasets-lila/swg-camera-traps/public/lao/loc_0570/2020/04/image_00133.jpg,LILA species bbox export,Community Data License Agreement (permissive variant),d34e8aa9-8c29-11eb-bc36-000d3a74c7de,Eurasian Wild Pig,seq:ec88a588-8c29-11eb-b881-000d3a74c7de,train,de063d70b3bcba724fa1779882e5af3133c573963434676eecddeb3c51a07024,1,4608,2592,false
dataset_rural/images/train/wild_boar_d35f7a8a-8c29-11eb-978e-000d3a74c7de.jpg,dataset_rural/labels/train/wild_boar_d35f7a8a-8c29-11eb-978e-000d3a74c7de.txt,1,wild_boar,SWG Camera Traps 2018-2020,https://storage.googleapis.com/public-datasets-lila/swg-camera-traps/public/lao/loc_0572/2020/06/image_01293.jpg,LILA species bbox export,Community Data License Agreement (permissive variant),d35f7a8a-8c29-11eb-978e-000d3a74c7de,Eurasian Wild Pig,seq:1c53fe70-8c2a-11eb-8d09-000d3a74c7de,train,79ebba867d298675c21aef816560cb3e1bda1909b1cfc5aefb23b049c694bebf,1,4608,2592,false
dataset_rural/images/train/wild_boar_d39c9621-8c29-11eb-b057-000d3a74c7de.jpg,dataset_rural/labels/train/wild_boar_d39c9621-8c29-11eb-b057-000d3a74c7de.txt,1,wild_boar,SWG Camera Traps 2018-2020,https://storage.googleapis.com/public-datasets-lila/swg-camera-traps/public/lao/loc_0579/2020/02/image_07092.jpg,LILA species bbox export,Community Data License Agreement (permissive variant),d39c9621-8c29-11eb-b057-000d3a74c7de,Eurasian Wild Pig,seq:0553e160-8c2a-11eb-adac-000d3a74c7de,train,dbc6943833b95d540a04dce163ca4abeb0b676e09374a8f7b138052dc7d37026,1,4608,2592,false
dataset_rural/images/train/wild_boar_d3a87be1-8c29-11eb-9e2c-000d3a74c7de.jpg,dataset_rural/labels/train/wild_boar_d3a87be1-8c29-11eb-9e2c-000d3a74c7de.txt,1,wild_boar,SWG Camera Traps 2018-2020,https://storage.googleapis.com/public-datasets-lila/swg-camera-traps/public/lao/loc_0580/2020/03/image_01735.jpg,LILA species bbox export,Community Data License Agreement (permissive variant),d3a87be1-8c29-11eb-9e2c-000d3a74c7de,Eurasian Wild Pig,seq:e12005c0-8c29-11eb-9582-000d3a74c7de,train,246b430eafeb9762bcc8687f6a86545c26812ec817496683588e8ad43ea7966c,1,4608,2592,false
dataset_rural/images/train/wild_boar_d3a87c7f-8c29-11eb-8370-000d3a74c7de.jpg,dataset_rural/labels/train/wild_boar_d3a87c7f-8c29-11eb-8370-000d3a74c7de.txt,1,wild_boar,SWG Camera Traps 2018-2020,https://storage.googleapis.com/public-datasets-lila/swg-camera-traps/public/lao/loc_0580/2020/04/image_00387.jpg,LILA species bbox export,Community Data License Agreement (permissive variant),d3a87c7f-8c29-11eb-8370-000d3a74c7de,Eurasian Wild Pig,seq:e12264e7-8c29-11eb-b4c0-000d3a74c7de,train,060be24669f321955bbbd56c4343849a2deb62ba5dcd4accbef123a7a0b2245a,1,4608,2592,false
dataset_rural/images/train/wild_boar_d3a87d00-8c29-11eb-b845-000d3a74c7de.jpg,dataset_rural/labels/train/wild_boar_d3a87d00-8c29-11eb-b845-000d3a74c7de.txt,1,wild_boar,SWG Camera Traps 2018-2020,https://storage.googleapis.com/public-datasets-lila/swg-camera-traps/public/lao/loc_0580/2020/05/image_00836.jpg,LILA species bbox export,Community Data License Agreement (permissive variant),d3a87d00-8c29-11eb-b845-000d3a74c7de,Eurasian Wild Pig,seq:e12265c6-8c29-11eb-84b8-000d3a74c7de,train,dd36428787eb4ae944e070372c71c452fc09709209a1890b2034a030d9555ae0,2,4608,2592,false
dataset_rural/images/val/wild_boar_d3b6c7ce-8c29-11eb-a976-000d3a74c7de.jpg,dataset_rural/labels/val/wild_boar_d3b6c7ce-8c29-11eb-a976-000d3a74c7de.txt,1,wild_boar,SWG Camera Traps 2018-2020,https://storage.googleapis.com/public-datasets-lila/swg-camera-traps/public/lao/loc_0582/2019/12/image_00796.jpg,LILA species bbox export,Community Data License Agreement (permissive variant),d3b6c7ce-8c29-11eb-a976-000d3a74c7de,Eurasian Wild Pig,seq:04192b78-8c2a-11eb-aaa6-000d3a74c7de,val,a3072b9c1d33fb7aab782c05d8e45aab76968a797a6556d26ed5581c265ee37e,1,4608,2592,false
dataset_rural/images/train/wild_boar_d3b6c87a-8c29-11eb-ada9-000d3a74c7de.jpg,dataset_rural/labels/train/wild_boar_d3b6c87a-8c29-11eb-ada9-000d3a74c7de.txt,1,wild_boar,SWG Camera Traps 2018-2020,https://storage.googleapis.com/public-datasets-lila/swg-camera-traps/public/lao/loc_0582/2020/04/image_00498.jpg,LILA species bbox export,Community Data License Agreement (permissive variant),d3b6c87a-8c29-11eb-ada9-000d3a74c7de,Eurasian Wild Pig,seq:041b898f-8c2a-11eb-ac33-000d3a74c7de,train,e2f9c69b9fdf1a8ff11fcad8187354825bfd67deac628446576f363c5480e682,1,4608,2592,false
dataset_rural/images/train/wild_boar_d3b92519-8c29-11eb-818e-000d3a74c7de.jpg,dataset_rural/labels/train/wild_boar_d3b92519-8c29-11eb-818e-000d3a74c7de.txt,1,wild_boar,SWG Camera Traps 2018-2020,https://storage.googleapis.com/public-datasets-lila/swg-camera-traps/public/lao/loc_0582/2020/05/image_00392.jpg,LILA species bbox export,Community Data License Agreement (permissive variant),d3b92519-8c29-11eb-818e-000d3a74c7de,Eurasian Wild Pig,seq:041b8a63-8c2a-11eb-9daf-000d3a74c7de,train,281e92ebc2a7ccb6a9064fb8ba3c2ddf3e01cb3ec229544bdc281d429dd3759f,1,4608,2592,false
dataset_rural/images/train/wild_boar_d3bdeceb-8c29-11eb-ad4f-000d3a74c7de.jpg,dataset_rural/labels/train/wild_boar_d3bdeceb-8c29-11eb-ad4f-000d3a74c7de.txt,1,wild_boar,SWG Camera Traps 2018-2020,https://storage.googleapis.com/public-datasets-lila/swg-camera-traps/public/lao/loc_0583/2020/02/image_00225.jpg,LILA species bbox export,Community Data License Agreement (permissive variant),d3bdeceb-8c29-11eb-ad4f-000d3a74c7de,Eurasian Wild Pig,seq:2f752607-8c2a-11eb-8ad9-000d3a74c7de,train,72504a05181a21e7d04f957b9f290689ba1da02107858bade31f4a95f5a131d9,4,4608,2592,false
dataset_rural/images/train/wild_boar_d3bded9e-8c29-11eb-8523-000d3a74c7de.jpg,dataset_rural/labels/train/wild_boar_d3bded9e-8c29-11eb-8523-000d3a74c7de.txt,1,wild_boar,SWG Camera Traps 2018-2020,https://storage.googleapis.com/public-datasets-lila/swg-camera-traps/public/lao/loc_0583/2020/02/image_00404.jpg,LILA species bbox export,Community Data License Agreement (permissive variant),d3bded9e-8c29-11eb-8523-000d3a74c7de,Eurasian Wild Pig,seq:2f752621-8c2a-11eb-8203-000d3a74c7de,train,3ecdd9cbc90e68a1856d89d4406db433c93e0b30b83b65d80e51b1572e402a8c,1,4608,2592,false
dataset_rural/images/val/wild_boar_d3bdee13-8c29-11eb-bde9-000d3a74c7de.jpg,dataset_rural/labels/val/wild_boar_d3bdee13-8c29-11eb-bde9-000d3a74c7de.txt,1,wild_boar,SWG Camera Traps 2018-2020,https://storage.googleapis.com/public-datasets-lila/swg-camera-traps/public/lao/loc_0583/2020/02/image_00521.jpg,LILA species bbox export,Community Data License Agreement (permissive variant),d3bdee13-8c29-11eb-bde9-000d3a74c7de,Eurasian Wild Pig,seq:2f75263d-8c2a-11eb-9d65-000d3a74c7de,val,29c07f6c51a285119c6398d2ec3691395dec72a50d88eedc0b56d48caf7ad9c5,3,4608,2592,false
dataset_rural/images/train/wild_boar_d3bdee91-8c29-11eb-b7ad-000d3a74c7de.jpg,dataset_rural/labels/train/wild_boar_d3bdee91-8c29-11eb-b7ad-000d3a74c7de.txt,1,wild_boar,SWG Camera Traps 2018-2020,https://storage.googleapis.com/public-datasets-lila/swg-camera-traps/public/lao/loc_0583/2020/02/image_00647.jpg,LILA species bbox export,Community Data License Agreement (permissive variant),d3bdee91-8c29-11eb-b7ad-000d3a74c7de,Eurasian Wild Pig,seq:2f75264e-8c2a-11eb-ad5f-000d3a74c7de,train,4e90f25e7d50fd43aacc34398c7ca58940dc27031a291117f86bb9aa9471bb2e,2,4608,2592,false
dataset_rural/images/train/wild_boar_d43787e9-8c29-11eb-908b-000d3a74c7de.jpg,dataset_rural/labels/train/wild_boar_d43787e9-8c29-11eb-908b-000d3a74c7de.txt,1,wild_boar,SWG Camera Traps 2018-2020,https://storage.googleapis.com/public-datasets-lila/swg-camera-traps/public/lao/loc_0584/2020/03/image_00342.jpg,LILA species bbox export,Community Data License Agreement (permissive variant),d43787e9-8c29-11eb-908b-000d3a74c7de,Eurasian Wild Pig,seq:00fa1600-8c2a-11eb-b722-000d3a74c7de,train,751f6400fa985b2d984fba2530d13f0d79d1708226f463dec31d1298c5718faf,1,4608,2592,false
dataset_rural/images/train/wild_boar_d439e892-8c29-11eb-aea0-000d3a74c7de.jpg,dataset_rural/labels/train/wild_boar_d439e892-8c29-11eb-aea0-000d3a74c7de.txt,1,wild_boar,SWG Camera Traps 2018-2020,https://storage.googleapis.com/public-datasets-lila/swg-camera-traps/public/lao/loc_0584/2020/05/image_00538.jpg,LILA species bbox export,Community Data License Agreement (permissive variant),d439e892-8c29-11eb-aea0-000d3a74c7de,Eurasian Wild Pig,seq:00fc77c1-8c2a-11eb-b80e-000d3a74c7de,train,97b196da34e5e765de52dc1d26e225742024a4ccc1e5f93e1799355d42202eee,1,4608,2592,false
dataset_rural/images/val/wild_boar_d4437225-8c29-11eb-a016-000d3a74c7de.jpg,dataset_rural/labels/val/wild_boar_d4437225-8c29-11eb-a016-000d3a74c7de.txt,1,wild_boar,SWG Camera Traps 2018-2020,https://storage.googleapis.com/public-datasets-lila/swg-camera-traps/public/lao/loc_0585/2019/12/image_00560.jpg,LILA species bbox export,Community Data License Agreement (permissive variant),d4437225-8c29-11eb-a016-000d3a74c7de,Eurasian Wild Pig,seq:087c204f-8c2a-11eb-8a14-000d3a74c7de,val,5bc8024bb47ae613ac993e2b909473ff767935f4a4696a38dc2419d8712d1c33,1,4608,2592,false
dataset_rural/images/train/wild_boar_d443750d-8c29-11eb-b180-000d3a74c7de.jpg,dataset_rural/labels/train/wild_boar_d443750d-8c29-11eb-b180-000d3a74c7de.txt,1,wild_boar,SWG Camera Traps 2018-2020,https://storage.googleapis.com/public-datasets-lila/swg-camera-traps/public/lao/loc_0585/2020/01/image_00976.jpg,LILA species bbox export,Community Data License Agreement (permissive variant),d443750d-8c29-11eb-b180-000d3a74c7de,Eurasian Wild Pig,seq:087c218c-8c2a-11eb-8ab6-000d3a74c7de,train,4abe8adebff209c36058f629db195160c61d408927db7a63ae709c01ef9d5e9c,1,4608,2592,false
dataset_rural/images/test/wild_boar_d448375a-8c29-11eb-8a23-000d3a74c7de.jpg,dataset_rural/labels/test/wild_boar_d448375a-8c29-11eb-8a23-000d3a74c7de.txt,1,wild_boar,SWG Camera Traps 2018-2020,https://storage.googleapis.com/public-datasets-lila/swg-camera-traps/public/lao/loc_0585/2020/05/image_00531.jpg,LILA species bbox export,Community Data License Agreement (permissive variant),d448375a-8c29-11eb-8a23-000d3a74c7de,Eurasian Wild Pig,seq:087e82b6-8c2a-11eb-93cd-000d3a74c7de,test,aa73fea92ff48fbfa05b853166d343c76ba37d326887703e3c617141f5d0515e,5,4608,2592,false
dataset_rural/images/train/wild_boar_d44f5cd4-8c29-11eb-80f8-000d3a74c7de.jpg,dataset_rural/labels/train/wild_boar_d44f5cd4-8c29-11eb-80f8-000d3a74c7de.txt,1,wild_boar,SWG Camera Traps 2018-2020,https://storage.googleapis.com/public-datasets-lila/swg-camera-traps/public/lao/loc_0587/2019/11/image_00307.jpg,LILA species bbox export,Community Data License Agreement (permissive variant),d44f5cd4-8c29-11eb-80f8-000d3a74c7de,Eurasian Wild Pig,seq:fc73394a-8c29-11eb-bd20-000d3a74c7de,train,bc2bf42065213f5170944362a8ae8515547d7e1af817669541232f52581cabff,1,4608,2592,false
dataset_rural/images/train/wild_boar_d44f5f15-8c29-11eb-8305-000d3a74c7de.jpg,dataset_rural/labels/train/wild_boar_d44f5f15-8c29-11eb-8305-000d3a74c7de.txt,1,wild_boar,SWG Camera Traps 2018-2020,https://storage.googleapis.com/public-datasets-lila/swg-camera-traps/public/lao/loc_0587/2020/04/image_00264.jpg,LILA species bbox export,Community Data License Agreement (permissive variant),d44f5f15-8c29-11eb-8305-000d3a74c7de,Eurasian Wild Pig,seq:fc733a9b-8c29-11eb-a52e-000d3a74c7de,train,c70aa5fe2fe3456a5fb774b35e32593023f8c01764d667406272fe80ee4add63,1,4608,2592,false
dataset_rural/images/train/wild_boar_d44f5f5d-8c29-11eb-8ffc-000d3a74c7de.jpg,dataset_rural/labels/train/wild_boar_d44f5f5d-8c29-11eb-8ffc-000d3a74c7de.txt,1,wild_boar,SWG Camera Traps 2018-2020,https://storage.googleapis.com/public-datasets-lila/swg-camera-traps/public/lao/loc_0587/2020/04/image_00336.jpg,LILA species bbox export,Community Data License Agreement (permissive variant),d44f5f5d-8c29-11eb-8ffc-000d3a74c7de,Eurasian Wild Pig,seq:fc733a9e-8c29-11eb-b065-000d3a74c7de,train,7bdf8bbcef2316dcfffc2fe9acc0dc441029892b2736d1a864ddbdf86cb5ecdf,1,4608,2592,false
dataset_rural/images/val/wild_boar_d458e2c7-8c29-11eb-a0c9-000d3a74c7de.jpg,dataset_rural/labels/val/wild_boar_d458e2c7-8c29-11eb-a0c9-000d3a74c7de.txt,1,wild_boar,SWG Camera Traps 2018-2020,https://storage.googleapis.com/public-datasets-lila/swg-camera-traps/public/lao/loc_0588/2020/01/image_00352.jpg,LILA species bbox export,Community Data License Agreement (permissive variant),d458e2c7-8c29-11eb-a0c9-000d3a74c7de,Eurasian Wild Pig,seq:39b3e84c-8c2a-11eb-915f-000d3a74c7de,val,4420a388f414e2a386848bd6e4757b90dcc55e5f2757060a6b339f572ccbd060,1,4608,2592,false
dataset_rural/images/test/wild_boar_d458e2cb-8c29-11eb-b08c-000d3a74c7de.jpg,dataset_rural/labels/test/wild_boar_d458e2cb-8c29-11eb-b08c-000d3a74c7de.txt,1,wild_boar,SWG Camera Traps 2018-2020,https://storage.googleapis.com/public-datasets-lila/swg-camera-traps/public/lao/loc_0588/2020/02/image_00701.jpg,LILA species bbox export,Community Data License Agreement (permissive variant),d458e2cb-8c29-11eb-b08c-000d3a74c7de,Eurasian Wild Pig,seq:39b3e8b5-8c2a-11eb-b7cb-000d3a74c7de,test,3bff983e2d4f80f8694dfb71388fbd5ff072ebd0f5fb70350c9ad0ab26496be9,1,4608,2592,false
dataset_rural/images/train/wild_boar_d458e2ea-8c29-11eb-b0dd-000d3a74c7de.jpg,dataset_rural/labels/train/wild_boar_d458e2ea-8c29-11eb-b0dd-000d3a74c7de.txt,1,wild_boar,SWG Camera Traps 2018-2020,https://storage.googleapis.com/public-datasets-lila/swg-camera-traps/public/lao/loc_0588/2020/05/image_00180.jpg,LILA species bbox export,Community Data License Agreement (permissive variant),d458e2ea-8c29-11eb-b0dd-000d3a74c7de,Eurasian Wild Pig,seq:39b3e9d4-8c2a-11eb-8630-000d3a74c7de,train,09379024a64e249de8ceb21face9c7de866dce1294862b3c67b8d38c28b9091b,2,4608,2592,false
dataset_rural/images/train/wild_boar_d458e30d-8c29-11eb-a586-000d3a74c7de.jpg,dataset_rural/labels/train/wild_boar_d458e30d-8c29-11eb-a586-000d3a74c7de.txt,1,wild_boar,SWG Camera Traps 2018-2020,https://storage.googleapis.com/public-datasets-lila/swg-camera-traps/public/lao/loc_0588/2020/05/image_00215.jpg,LILA species bbox export,Community Data License Agreement (permissive variant),d458e30d-8c29-11eb-a586-000d3a74c7de,Eurasian Wild Pig,seq:39b3e9df-8c2a-11eb-a7a2-000d3a74c7de,train,afdd9ba375a9b64982ea930907636ee31c190da9bd8e86515ebb9757a53e2098,1,4608,2592,false
dataset_rural/images/train/wild_boar_d45da8da-8c29-11eb-bff4-000d3a74c7de.jpg,dataset_rural/labels/train/wild_boar_d45da8da-8c29-11eb-bff4-000d3a74c7de.txt,1,wild_boar,SWG Camera Traps 2018-2020,https://storage.googleapis.com/public-datasets-lila/swg-camera-traps/public/lao/loc_0589/2020/04/image_00227.jpg,LILA species bbox export,Community Data License Agreement (permissive variant),d45da8da-8c29-11eb-bff4-000d3a74c7de,Eurasian Wild Pig,seq:051d09be-8c2a-11eb-945e-000d3a74c7de,train,ea1d299c365fbb7815bc0dc9cd8a5aaf8bdbb3a6286301291a1a026011555e7d,1,4608,2592,false
dataset_rural/images/train/wild_boar_d4626d55-8c29-11eb-8b76-000d3a74c7de.jpg,dataset_rural/labels/train/wild_boar_d4626d55-8c29-11eb-8b76-000d3a74c7de.txt,1,wild_boar,SWG Camera Traps 2018-2020,https://storage.googleapis.com/public-datasets-lila/swg-camera-traps/public/lao/loc_0590/2019/11/image_00348.jpg,LILA species bbox export,Community Data License Agreement (permissive variant),d4626d55-8c29-11eb-8b76-000d3a74c7de,Eurasian Wild Pig,seq:f0ab48f1-8c29-11eb-8fa9-000d3a74c7de,train,73991778e1f2559c835c6655660a6a4fbe657908a9a1bb6dc55b892941bf977b,1,4608,2592,false
dataset_rural/images/train/wild_boar_d4627119-8c29-11eb-8c3a-000d3a74c7de.jpg,dataset_rural/labels/train/wild_boar_d4627119-8c29-11eb-8c3a-000d3a74c7de.txt,1,wild_boar,SWG Camera Traps 2018-2020,https://storage.googleapis.com/public-datasets-lila/swg-camera-traps/public/lao/loc_0590/2020/01/image_00709.jpg,LILA species bbox export,Community Data License Agreement (permissive variant),d4627119-8c29-11eb-8c3a-000d3a74c7de,Eurasian Wild Pig,seq:f0ada96f-8c29-11eb-8772-000d3a74c7de,train,0e6498b14d98d46a459e5e57110fc457310549616c6eda85f8873384fff5a53f,1,4608,2592,false
dataset_rural/images/val/wild_boar_d464d36e-8c29-11eb-93f9-000d3a74c7de.jpg,dataset_rural/labels/val/wild_boar_d464d36e-8c29-11eb-93f9-000d3a74c7de.txt,1,wild_boar,SWG Camera Traps 2018-2020,https://storage.googleapis.com/public-datasets-lila/swg-camera-traps/public/lao/loc_0590/2020/01/image_01260.jpg,LILA species bbox export,Community Data License Agreement (permissive variant),d464d36e-8c29-11eb-93f9-000d3a74c7de,Eurasian Wild Pig,seq:f0ada999-8c29-11eb-9ee0-000d3a74c7de,val,031da95c17895119bf69a1b1039a7e4dd2c81bf820ff2f8281356374291feeb3,1,4608,2592,false
dataset_rural/images/train/wild_boar_d464d554-8c29-11eb-adf7-000d3a74c7de.jpg,dataset_rural/labels/train/wild_boar_d464d554-8c29-11eb-adf7-000d3a74c7de.txt,1,wild_boar,SWG Camera Traps 2018-2020,https://storage.googleapis.com/public-datasets-lila/swg-camera-traps/public/lao/loc_0590/2020/01/image_01746.jpg,LILA species bbox export,Community Data License Agreement (permissive variant),d464d554-8c29-11eb-adf7-000d3a74c7de,Eurasian Wild Pig,seq:f0ada9ad-8c29-11eb-867b-000d3a74c7de,train,e425381735c77ac8af859231cc0b08c0f59f8d1fde30d5da7cda9396e0e01672,1,4608,2592,false
dataset_rural/images/train/wild_boar_d467338b-8c29-11eb-a4da-000d3a74c7de.jpg,dataset_rural/labels/train/wild_boar_d467338b-8c29-11eb-a4da-000d3a74c7de.txt,1,wild_boar,SWG Camera Traps 2018-2020,https://storage.googleapis.com/public-datasets-lila/swg-camera-traps/public/lao/loc_0590/2020/02/image_00310.jpg,LILA species bbox export,Community Data License Agreement (permissive variant),d467338b-8c29-11eb-a4da-000d3a74c7de,Eurasian Wild Pig,seq:f0ada9d2-8c29-11eb-ba74-000d3a74c7de,train,e9f650380faa56d130870939144de12ec4bac7fc84e7a9de8cc7cf928fc1e19c,2,4608,2592,false
dataset_rural/images/train/wild_boar_d467344a-8c29-11eb-aacc-000d3a74c7de.jpg,dataset_rural/labels/train/wild_boar_d467344a-8c29-11eb-aacc-000d3a74c7de.txt,1,wild_boar,SWG Camera Traps 2018-2020,https://storage.googleapis.com/public-datasets-lila/swg-camera-traps/public/lao/loc_0590/2020/02/image_00501.jpg,LILA species bbox export,Community Data License Agreement (permissive variant),d467344a-8c29-11eb-aacc-000d3a74c7de,Eurasian Wild Pig,seq:f0ada9e0-8c29-11eb-baaf-000d3a74c7de,train,a1338c7ec0a8d9cc7338b1dfa1d4c8a8001c061a477389c738f02801eb1fe187,2,4608,2592,false
dataset_rural/images/train/wild_boar_d4673494-8c29-11eb-867b-000d3a74c7de.jpg,dataset_rural/labels/train/wild_boar_d4673494-8c29-11eb-867b-000d3a74c7de.txt,1,wild_boar,SWG Camera Traps 2018-2020,https://storage.googleapis.com/public-datasets-lila/swg-camera-traps/public/lao/loc_0590/2020/02/image_00575.jpg,LILA species bbox export,Community Data License Agreement (permissive variant),d4673494-8c29-11eb-867b-000d3a74c7de,Eurasian Wild Pig,seq:f0ada9e4-8c29-11eb-b034-000d3a74c7de,train,56b5532ddbff846e6714f9dc532bc6f7b1ce6da2a9555c64bf3f0577b9f84362,3,4608,2592,false
dataset_rural/images/val/wild_boar_d4673636-8c29-11eb-8167-000d3a74c7de.jpg,dataset_rural/labels/val/wild_boar_d4673636-8c29-11eb-8167-000d3a74c7de.txt,1,wild_boar,SWG Camera Traps 2018-2020,https://storage.googleapis.com/public-datasets-lila/swg-camera-traps/public/lao/loc_0590/2020/03/image_00435.jpg,LILA species bbox export,Community Data License Agreement (permissive variant),d4673636-8c29-11eb-8167-000d3a74c7de,Eurasian Wild Pig,seq:f0adaa49-8c29-11eb-9ed0-000d3a74c7de,val,867831867aeefa337b4185b2a7cf41a98dd5440dac795d98b44aee65ba650a1e,1,4608,2592,false
dataset_rural/images/train/wild_boar_d4699ac5-8c29-11eb-8e04-000d3a74c7de.jpg,dataset_rural/labels/train/wild_boar_d4699ac5-8c29-11eb-8e04-000d3a74c7de.txt,1,wild_boar,SWG Camera Traps 2018-2020,https://storage.googleapis.com/public-datasets-lila/swg-camera-traps/public/lao/loc_0590/2020/04/image_00639.jpg,LILA species bbox export,Community Data License Agreement (permissive variant),d4699ac5-8c29-11eb-8e04-000d3a74c7de,Eurasian Wild Pig,seq:f0adab36-8c29-11eb-b984-000d3a74c7de,train,66ee1ab1918449af0f36042f52ee7a46ed247cbf251053fc0348ae4f4a3e3a51,1,4608,2592,false
dataset_rural/images/train/wild_boar_d4699c38-8c29-11eb-8514-000d3a74c7de.jpg,dataset_rural/labels/train/wild_boar_d4699c38-8c29-11eb-8514-000d3a74c7de.txt,1,wild_boar,SWG Camera Traps 2018-2020,https://storage.googleapis.com/public-datasets-lila/swg-camera-traps/public/lao/loc_0590/2020/04/image_01010.jpg,LILA species bbox export,Community Data License Agreement (permissive variant),d4699c38-8c29-11eb-8514-000d3a74c7de,Eurasian Wild Pig,seq:f0adab80-8c29-11eb-99ac-000d3a74c7de,train,8feb7424c6968e78b083aa8a3df04c901695fcc9c72abd0e9e7f3ce6628365b2,1,4608,2592,false
dataset_rural/images/test/wild_boar_d46e5bfc-8c29-11eb-8570-000d3a74c7de.jpg,dataset_rural/labels/test/wild_boar_d46e5bfc-8c29-11eb-8570-000d3a74c7de.txt,1,wild_boar,SWG Camera Traps 2018-2020,https://storage.googleapis.com/public-datasets-lila/swg-camera-traps/public/lao/loc_0591/2019/12/image_00185.jpg,LILA species bbox export,Community Data License Agreement (permissive variant),d46e5bfc-8c29-11eb-8570-000d3a74c7de,Eurasian Wild Pig,seq:3049577d-8c2a-11eb-afba-000d3a74c7de,test,c35268f22b2d810fee298971bf4a934a650f00c745b16d3980e8a4692b0085c7,1,4608,2592,false
dataset_rural/images/train/wild_boar_d46e5e03-8c29-11eb-bb10-000d3a74c7de.jpg,dataset_rural/labels/train/wild_boar_d46e5e03-8c29-11eb-bb10-000d3a74c7de.txt,1,wild_boar,SWG Camera Traps 2018-2020,https://storage.googleapis.com/public-datasets-lila/swg-camera-traps/public/lao/loc_0591/2020/01/image_00254.jpg,LILA species bbox export,Community Data License Agreement (permissive variant),d46e5e03-8c29-11eb-bb10-000d3a74c7de,Eurasian Wild Pig,seq:304957ea-8c2a-11eb-9d96-000d3a74c7de,train,40717b08d7b83bfc836c7857993a39f8a9f97aa00d8de0f4a6fdef54448f17a1,2,4608,2592,false
dataset_rural/images/train/wild_boar_d46e5e58-8c29-11eb-8557-000d3a74c7de.jpg,dataset_rural/labels/train/wild_boar_d46e5e58-8c29-11eb-8557-000d3a74c7de.txt,1,wild_boar,SWG Camera Traps 2018-2020,https://storage.googleapis.com/public-datasets-lila/swg-camera-traps/public/lao/loc_0591/2020/04/image_00240.jpg,LILA species bbox export,Community Data License Agreement (permissive variant),d46e5e58-8c29-11eb-8557-000d3a74c7de,Eurasian Wild Pig,seq:30495863-8c2a-11eb-ace7-000d3a74c7de,train,be369a18c42c982cf8fcfd3dcb38ee25562236fd459e618e3f15f32c2c671a2b,1,4608,2592,false
dataset_rural/images/val/wild_boar_d477e535-8c29-11eb-a410-000d3a74c7de.jpg,dataset_rural/labels/val/wild_boar_d477e535-8c29-11eb-a410-000d3a74c7de.txt,1,wild_boar,SWG Camera Traps 2018-2020,https://storage.googleapis.com/public-datasets-lila/swg-camera-traps/public/lao/loc_0592/2020/01/image_00722.jpg,LILA species bbox export,Community Data License Agreement (permissive variant),d477e535-8c29-11eb-a410-000d3a74c7de,Eurasian Wild Pig,seq:3095a232-8c2a-11eb-b05f-000d3a74c7de,val,3e6799732e38b93b8c6cecb1b92446b912308abe4c9345c9b4550ce98fb515a3,1,3840,2880,false
dataset_rural/images/train/wild_boar_d47a44f2-8c29-11eb-a482-000d3a74c7de.jpg,dataset_rural/labels/train/wild_boar_d47a44f2-8c29-11eb-a482-000d3a74c7de.txt,1,wild_boar,SWG Camera Traps 2018-2020,https://storage.googleapis.com/public-datasets-lila/swg-camera-traps/public/lao/loc_0592/2020/03/image_00329.jpg,LILA species bbox export,Community Data License Agreement (permissive variant),d47a44f2-8c29-11eb-a482-000d3a74c7de,Eurasian Wild Pig,seq:3095a2da-8c2a-11eb-b953-000d3a74c7de,train,675821629d62109a6b9633e2b8f929387b9d5a0bded5fa6660c7a423e17dcd5e,1,3840,2880,false
dataset_rural/images/train/wild_boar_d47a456c-8c29-11eb-afa2-000d3a74c7de.jpg,dataset_rural/labels/train/wild_boar_d47a456c-8c29-11eb-afa2-000d3a74c7de.txt,1,wild_boar,SWG Camera Traps 2018-2020,https://storage.googleapis.com/public-datasets-lila/swg-camera-traps/public/lao/loc_0592/2020/05/image_00897.jpg,LILA species bbox export,Community Data License Agreement (permissive variant),d47a456c-8c29-11eb-afa2-000d3a74c7de,Eurasian Wild Pig,seq:3095a605-8c2a-11eb-a97d-000d3a74c7de,train,39ce7dd7637604e2fcdc1011838e437c57b83fef4a0fecc9f6a618b2489ffb7a,1,3840,2880,false
dataset_rural/images/train/wild_boar_d4816e83-8c29-11eb-9586-000d3a74c7de.jpg,dataset_rural/labels/train/wild_boar_d4816e83-8c29-11eb-9586-000d3a74c7de.txt,1,wild_boar,SWG Camera Traps 2018-2020,https://storage.googleapis.com/public-datasets-lila/swg-camera-traps/public/lao/loc_0594/2019/11/image_00187.jpg,LILA species bbox export,Community Data License Agreement (permissive variant),d4816e83-8c29-11eb-9586-000d3a74c7de,Eurasian Wild Pig,seq:f0c7e3eb-8c29-11eb-be1c-000d3a74c7de,train,4e4d126489bd2e3d586374365b1e007cd0c7380cfcc76a92757e2d3e3b0e8c2b,1,4608,2592,false
dataset_rural/images/train/wild_boar_d483cd1f-8c29-11eb-8fc0-000d3a74c7de.jpg,dataset_rural/labels/train/wild_boar_d483cd1f-8c29-11eb-8fc0-000d3a74c7de.txt,1,wild_boar,SWG Camera Traps 2018-2020,https://storage.googleapis.com/public-datasets-lila/swg-camera-traps/public/lao/loc_0594/2020/05/image_00440.jpg,LILA species bbox export,Community Data License Agreement (permissive variant),d483cd1f-8c29-11eb-8fc0-000d3a74c7de,Eurasian Wild Pig,seq:f0c7e669-8c29-11eb-b0f8-000d3a74c7de,train,11f6713865e89f18b89e337899cf7645dd1e2932f772ce92d2782eff08ce8f5a,1,4608,2592,false
dataset_rural/images/train/wild_boar_d48d5745-8c29-11eb-b682-000d3a74c7de.jpg,dataset_rural/labels/train/wild_boar_d48d5745-8c29-11eb-b682-000d3a74c7de.txt,1,wild_boar,SWG Camera Traps 2018-2020,https://storage.googleapis.com/public-datasets-lila/swg-camera-traps/public/lao/loc_0595/2019/12/image_01474.jpg,LILA species bbox export,Community Data License Agreement (permissive variant),d48d5745-8c29-11eb-b682-000d3a74c7de,Eurasian Wild Pig,seq:1c886f34-8c2a-11eb-926b-000d3a74c7de,train,01e645e5a4830226b873c0f3d47d3ff411d7c03b7738f3766a22b8b0a9d90115,1,4608,2592,false
dataset_rural/images/train/wild_boar_d49e0f47-8c29-11eb-928f-000d3a74c7de.jpg,dataset_rural/labels/train/wild_boar_d49e0f47-8c29-11eb-928f-000d3a74c7de.txt,1,wild_boar,SWG Camera Traps 2018-2020,https://storage.googleapis.com/public-datasets-lila/swg-camera-traps/public/lao/loc_0597/2019/11/image_00497.jpg,LILA species bbox export,Community Data License Agreement (permissive variant),d49e0f47-8c29-11eb-928f-000d3a74c7de,Eurasian Wild Pig,seq:18f74b07-8c2a-11eb-9b01-000d3a74c7de,train,273ab0c8026bd13f4fbd810a6a9906a1868a778a94b63430203f9c89e1dc662f,3,4608,2592,false
dataset_rural/images/train/wild_boar_d4a07336-8c29-11eb-8284-000d3a74c7de.jpg,dataset_rural/labels/train/wild_boar_d4a07336-8c29-11eb-8284-000d3a74c7de.txt,1,wild_boar,SWG Camera Traps 2018-2020,https://storage.googleapis.com/public-datasets-lila/swg-camera-traps/public/lao/loc_0597/2019/11/image_02122.jpg,LILA species bbox export,Community Data License Agreement (permissive variant),d4a07336-8c29-11eb-8284-000d3a74c7de,Eurasian Wild Pig,seq:18f74b7c-8c2a-11eb-b417-000d3a74c7de,train,c5d5cd14d6739ca2420813f59c30c09179a9174b22eb23f313afa98ec2047a5e,1,4608,2592,false
dataset_rural/images/test/wild_boar_d4a2d5d2-8c29-11eb-8026-000d3a74c7de.jpg,dataset_rural/labels/test/wild_boar_d4a2d5d2-8c29-11eb-8026-000d3a74c7de.txt,1,wild_boar,SWG Camera Traps 2018-2020,https://storage.googleapis.com/public-datasets-lila/swg-camera-traps/public/lao/loc_0597/2019/11/image_03087.jpg,LILA species bbox export,Community Data License Agreement (permissive variant),d4a2d5d2-8c29-11eb-8026-000d3a74c7de,Eurasian Wild Pig,seq:18f74bf2-8c2a-11eb-91f1-000d3a74c7de,test,57408fa693b09630626a5e31c4223190355220357e66073aa9e9abbd2105c0ec,1,4608,2592,false
dataset_rural/images/train/wild_boar_d4a2d5ec-8c29-11eb-95d2-000d3a74c7de.jpg,dataset_rural/labels/train/wild_boar_d4a2d5ec-8c29-11eb-95d2-000d3a74c7de.txt,1,wild_boar,SWG Camera Traps 2018-2020,https://storage.googleapis.com/public-datasets-lila/swg-camera-traps/public/lao/loc_0597/2019/11/image_03113.jpg,LILA species bbox export,Community Data License Agreement (permissive variant),d4a2d5ec-8c29-11eb-95d2-000d3a74c7de,Eurasian Wild Pig,seq:18f74bf3-8c2a-11eb-832c-000d3a74c7de,train,c896e3b738f43e9ef220bd77ccf032024e0a16657a6cdab7c16bc8464e431fc0,1,4608,2592,false
dataset_rural/images/test/wild_boar_d4a2d625-8c29-11eb-86a8-000d3a74c7de.jpg,dataset_rural/labels/test/wild_boar_d4a2d625-8c29-11eb-86a8-000d3a74c7de.txt,1,wild_boar,SWG Camera Traps 2018-2020,https://storage.googleapis.com/public-datasets-lila/swg-camera-traps/public/lao/loc_0597/2019/11/image_03170.jpg,LILA species bbox export,Community Data License Agreement (permissive variant),d4a2d625-8c29-11eb-86a8-000d3a74c7de,Eurasian Wild Pig,seq:18f74bfe-8c2a-11eb-8dd7-000d3a74c7de,test,ac78dbcc9b85f26a0cae28e58d43eccbd79da68d4158a2822a4341fb7b4768a7,1,4608,2592,false
dataset_rural/images/val/wild_boar_d4a2d7d5-8c29-11eb-a940-000d3a74c7de.jpg,dataset_rural/labels/val/wild_boar_d4a2d7d5-8c29-11eb-a940-000d3a74c7de.txt,1,wild_boar,SWG Camera Traps 2018-2020,https://storage.googleapis.com/public-datasets-lila/swg-camera-traps/public/lao/loc_0597/2019/12/image_00235.jpg,LILA species bbox export,Community Data License Agreement (permissive variant),d4a2d7d5-8c29-11eb-a940-000d3a74c7de,Eurasian Wild Pig,seq:18f74c3b-8c2a-11eb-8697-000d3a74c7de,val,14026db5e03f0081f71aa83637874e6b3d05d51221d5bf4fe0df76a8a212245d,1,4608,2592,false
dataset_rural/images/train/wild_boar_d4a534ed-8c29-11eb-8329-000d3a74c7de.jpg,dataset_rural/labels/train/wild_boar_d4a534ed-8c29-11eb-8329-000d3a74c7de.txt,1,wild_boar,SWG Camera Traps 2018-2020,https://storage.googleapis.com/public-datasets-lila/swg-camera-traps/public/lao/loc_0597/2019/12/image_01290.jpg,LILA species bbox export,Community Data License Agreement (permissive variant),d4a534ed-8c29-11eb-8329-000d3a74c7de,Eurasian Wild Pig,seq:18f74c8a-8c2a-11eb-a918-000d3a74c7de,train,80ba905f7f259b52d93aef5dfd6e75d4fcf617016cd544c8852026ca17f70d03,1,4608,2592,false
dataset_rural/images/train/wild_boar_d4a795c4-8c29-11eb-ac62-000d3a74c7de.jpg,dataset_rural/labels/train/wild_boar_d4a795c4-8c29-11eb-ac62-000d3a74c7de.txt,1,wild_boar,SWG Camera Traps 2018-2020,https://storage.googleapis.com/public-datasets-lila/swg-camera-traps/public/lao/loc_0597/2020/01/image_00502.jpg,LILA species bbox export,Community Data License Agreement (permissive variant),d4a795c4-8c29-11eb-ac62-000d3a74c7de,Eurasian Wild Pig,seq:18f74ce0-8c2a-11eb-b00f-000d3a74c7de,train,baff4e15574755224e852c22b5db1953ba5c0c3b54d42a272c3028442d9b8109,1,4608,2592,false
dataset_rural/images/train/wild_boar_d4a9f254-8c29-11eb-875a-000d3a74c7de.jpg,dataset_rural/labels/train/wild_boar_d4a9f254-8c29-11eb-875a-000d3a74c7de.txt,1,wild_boar,SWG Camera Traps 2018-2020,https://storage.googleapis.com/public-datasets-lila/swg-camera-traps/public/lao/loc_0597/2020/03/image_00359.jpg,LILA species bbox export,Community Data License Agreement (permissive variant),d4a9f254-8c29-11eb-875a-000d3a74c7de,Eurasian Wild Pig,seq:18f74d6e-8c2a-11eb-bd9b-000d3a74c7de,train,3f4dcd8e5dbc4a168e2095843ae4cdaa742b0f96931f79e3955e0519f18cb10f,1,4608,2592,false
dataset_rural/images/train/wild_boar_d4a9f3ef-8c29-11eb-8de3-000d3a74c7de.jpg,dataset_rural/labels/train/wild_boar_d4a9f3ef-8c29-11eb-8de3-000d3a74c7de.txt,1,wild_boar,SWG Camera Traps 2018-2020,https://storage.googleapis.com/public-datasets-lila/swg-camera-traps/public/lao/loc_0597/2020/05/image_01811.jpg,LILA species bbox export,Community Data License Agreement (permissive variant),d4a9f3ef-8c29-11eb-8de3-000d3a74c7de,Eurasian Wild Pig,seq:18f9ad0d-8c2a-11eb-8194-000d3a74c7de,train,e5d74fb1f2d42163f2d3b61b4cb334976235a13b5af7bb24181c5820f937a1ba,1,4608,2592,false
dataset_rural/images/train/wild_boar_d4ac5732-8c29-11eb-b2f6-000d3a74c7de.jpg,dataset_rural/labels/train/wild_boar_d4ac5732-8c29-11eb-b2f6-000d3a74c7de.txt,1,wild_boar,SWG Camera Traps 2018-2020,https://storage.googleapis.com/public-datasets-lila/swg-camera-traps/public/lao/loc_0598/2020/05/image_00182.jpg,LILA species bbox export,Community Data License Agreement (permissive variant),d4ac5732-8c29-11eb-b2f6-000d3a74c7de,Eurasian Wild Pig,seq:eb6bae2f-8c29-11eb-bffa-000d3a74c7de,train,75308b2d376c49c110a045cb6bb905b2907bac3df001264f106a89d00687f48e,1,4608,2592,false
dataset_rural/images/test/wild_boar_d4b37c10-8c29-11eb-886d-000d3a74c7de.jpg,dataset_rural/labels/test/wild_boar_d4b37c10-8c29-11eb-886d-000d3a74c7de.txt,1,wild_boar,SWG Camera Traps 2018-2020,https://storage.googleapis.com/public-datasets-lila/swg-camera-traps/public/lao/loc_0600/2019/12/image_00422.jpg,LILA species bbox export,Community Data License Agreement (permissive variant),d4b37c10-8c29-11eb-886d-000d3a74c7de,Eurasian Wild Pig,seq:2debc2c1-8c2a-11eb-a78d-000d3a74c7de,test,c48428a0fd35489841ca6dbb41a6de45f892c19d09bfc13b4bde6618a1115e49,1,4608,2592,false
dataset_rural/images/train/wild_boar_d4bd07c9-8c29-11eb-a57c-000d3a74c7de.jpg,dataset_rural/labels/train/wild_boar_d4bd07c9-8c29-11eb-a57c-000d3a74c7de.txt,1,wild_boar,SWG Camera Traps 2018-2020,https://storage.googleapis.com/public-datasets-lila/swg-camera-traps/public/lao/loc_0601/2019/11/image_00368.jpg,LILA species bbox export,Community Data License Agreement (permissive variant),d4bd07c9-8c29-11eb-a57c-000d3a74c7de,Eurasian Wild Pig,seq:0f26a940-8c2a-11eb-bdb0-000d3a74c7de,train,81b1a9e3cd1c59d450250af54cfe5641ed2c4dddb01c8395ed0c3e9e8e606943,1,4608,2592,false
dataset_rural/images/train/wild_boar_d4bf5a47-8c29-11eb-800b-000d3a74c7de.jpg,dataset_rural/labels/train/wild_boar_d4bf5a47-8c29-11eb-800b-000d3a74c7de.txt,1,wild_boar,SWG Camera Traps 2018-2020,https://storage.googleapis.com/public-datasets-lila/swg-camera-traps/public/lao/loc_0602/2020/02/image_00244.jpg,LILA species bbox export,Community Data License Agreement (permissive variant),d4bf5a47-8c29-11eb-800b-000d3a74c7de,Eurasian Wild Pig,seq:350707c2-8c2a-11eb-9af6-000d3a74c7de,train,db7836051591aaf76c5f6ba67e326666393f36f24273c41e39c42dd5c0bd2937,1,4608,2592,false
dataset_rural/images/train/wild_boar_d4bf5af6-8c29-11eb-846f-000d3a74c7de.jpg,dataset_rural/labels/train/wild_boar_d4bf5af6-8c29-11eb-846f-000d3a74c7de.txt,1,wild_boar,SWG Camera Traps 2018-2020,https://storage.googleapis.com/public-datasets-lila/swg-camera-traps/public/lao/loc_0602/2020/03/image_00299.jpg,LILA species bbox export,Community Data License Agreement (permissive variant),d4bf5af6-8c29-11eb-846f-000d3a74c7de,Eurasian Wild Pig,seq:3507080d-8c2a-11eb-bbb5-000d3a74c7de,train,9ac4f13aae3cc77687c56125ba52d8067819b63ae65fd7f95154e4c8a0bafc63,2,4608,2592,false
dataset_rural/images/train/wild_boar_d4bf5b84-8c29-11eb-9cf5-000d3a74c7de.jpg,dataset_rural/labels/train/wild_boar_d4bf5b84-8c29-11eb-9cf5-000d3a74c7de.txt,1,wild_boar,SWG Camera Traps 2018-2020,https://storage.googleapis.com/public-datasets-lila/swg-camera-traps/public/lao/loc_0602/2020/04/image_00189.jpg,LILA species bbox export,Community Data License Agreement (permissive variant),d4bf5b84-8c29-11eb-9cf5-000d3a74c7de,Eurasian Wild Pig,seq:3507082c-8c2a-11eb-8e5a-000d3a74c7de,train,a0da169ba89dc3167b5d833586c80a79661c5e3f7665f86742631623cdb94c15,1,4608,2592,false
dataset_rural/images/train/wild_boar_d4c1cf3b-8c29-11eb-a3ee-000d3a74c7de.jpg,dataset_rural/labels/train/wild_boar_d4c1cf3b-8c29-11eb-a3ee-000d3a74c7de.txt,1,wild_boar,SWG Camera Traps 2018-2020,https://storage.googleapis.com/public-datasets-lila/swg-camera-traps/public/lao/loc_0602/2020/05/image_00357.jpg,LILA species bbox export,Community Data License Agreement (permissive variant),d4c1cf3b-8c29-11eb-a3ee-000d3a74c7de,Eurasian Wild Pig,seq:350708a5-8c2a-11eb-a797-000d3a74c7de,train,fc608a6e2c12f3bb232c401afc9c584225d1e98db2c64232deffb21c9aef69a0,2,4608,2592,false
dataset_rural/images/train/wild_boar_d4c1cf8b-8c29-11eb-a647-000d3a74c7de.jpg,dataset_rural/labels/train/wild_boar_d4c1cf8b-8c29-11eb-a647-000d3a74c7de.txt,1,wild_boar,SWG Camera Traps 2018-2020,https://storage.googleapis.com/public-datasets-lila/swg-camera-traps/public/lao/loc_0602/2020/06/image_00035.jpg,LILA species bbox export,Community Data License Agreement (permissive variant),d4c1cf8b-8c29-11eb-a647-000d3a74c7de,Eurasian Wild Pig,seq:35070901-8c2a-11eb-be76-000d3a74c7de,train,f0a403ae0f566f3d7880302594e561eea9220495ded2e32774d7a15071dde990,1,4608,2592,false
dataset_rural/images/val/wild_boar_d4d4e10c-8c29-11eb-a009-000d3a74c7de.jpg,dataset_rural/labels/val/wild_boar_d4d4e10c-8c29-11eb-a009-000d3a74c7de.txt,1,wild_boar,SWG Camera Traps 2018-2020,https://storage.googleapis.com/public-datasets-lila/swg-camera-traps/public/lao/loc_0604/2019/12/image_00724.jpg,LILA species bbox export,Community Data License Agreement (permissive variant),d4d4e10c-8c29-11eb-a009-000d3a74c7de,Eurasian Wild Pig,seq:fd109a05-8c29-11eb-ba19-000d3a74c7de,val,b43199ce834f41d619d7c30f8c2a2cac19e0efd50d13300f01928d737d1ba8c5,1,4608,2592,false
dataset_rural/images/train/wild_boar_d4d4e134-8c29-11eb-9767-000d3a74c7de.jpg,dataset_rural/labels/train/wild_boar_d4d4e134-8c29-11eb-9767-000d3a74c7de.txt,1,wild_boar,SWG Camera Traps 2018-2020,https://storage.googleapis.com/public-datasets-lila/swg-camera-traps/public/lao/loc_0604/2019/12/image_00764.jpg,LILA species bbox export,Community Data License Agreement (permissive variant),d4d4e134-8c29-11eb-9767-000d3a74c7de,Eurasian Wild Pig,seq:fd109a0e-8c29-11eb-b7e1-000d3a74c7de,train,4b248b1893c1444437a63cfba178a743df7099ed425a06a63b48e5034b076acb,3,4608,2592,false
dataset_rural/images/train/wild_boar_d4d4e147-8c29-11eb-8dfb-000d3a74c7de.jpg,dataset_rural/labels/train/wild_boar_d4d4e147-8c29-11eb-8dfb-000d3a74c7de.txt,1,wild_boar,SWG Camera Traps 2018-2020,https://storage.googleapis.com/public-datasets-lila/swg-camera-traps/public/lao/loc_0604/2019/12/image_00783.jpg,LILA species bbox export,Community Data License Agreement (permissive variant),d4d4e147-8c29-11eb-8dfb-000d3a74c7de,Eurasian Wild Pig,seq:fd109a15-8c29-11eb-832a-000d3a74c7de,train,dec1ff3b1317d0444197b32eff0084b460f928c86d16e269cae60adb88030f31,1,4608,2592,false
dataset_rural/images/train/wild_boar_d4d4e1b9-8c29-11eb-ae30-000d3a74c7de.jpg,dataset_rural/labels/train/wild_boar_d4d4e1b9-8c29-11eb-ae30-000d3a74c7de.txt,1,wild_boar,SWG Camera Traps 2018-2020,https://storage.googleapis.com/public-datasets-lila/swg-camera-traps/public/lao/loc_0604/2020/01/image_00324.jpg,LILA species bbox export,Community Data License Agreement (permissive variant),d4d4e1b9-8c29-11eb-ae30-000d3a74c7de,Eurasian Wild Pig,seq:fd12f8f4-8c29-11eb-8101-000d3a74c7de,train,14e91e1ff3ed546e187d030d06fe66f6ebbf1254870662818d5c925dff278569,1,4608,2592,false
dataset_rural/images/test/wild_boar_d4d9a444-8c29-11eb-b86c-000d3a74c7de.jpg,dataset_rural/labels/test/wild_boar_d4d9a444-8c29-11eb-b86c-000d3a74c7de.txt,1,wild_boar,SWG Camera Traps 2018-2020,https://storage.googleapis.com/public-datasets-lila/swg-camera-traps/public/lao/loc_0604/2020/03/image_01901.jpg,LILA species bbox export,Community Data License Agreement (permissive variant),d4d9a444-8c29-11eb-b86c-000d3a74c7de,Eurasian Wild Pig,seq:fd12fa1b-8c29-11eb-9dcf-000d3a74c7de,test,17027ce86ae776002f6f990e880ab313ec699b9a1810345738fd6c7d75050f37,3,4608,2592,false
dataset_rural/images/train/wild_boar_d4d9a4e4-8c29-11eb-9611-000d3a74c7de.jpg,dataset_rural/labels/train/wild_boar_d4d9a4e4-8c29-11eb-9611-000d3a74c7de.txt,1,wild_boar,SWG Camera Traps 2018-2020,https://storage.googleapis.com/public-datasets-lila/swg-camera-traps/public/lao/loc_0604/2020/03/image_02061.jpg,LILA species bbox export,Community Data License Agreement (permissive variant),d4d9a4e4-8c29-11eb-9611-000d3a74c7de,Eurasian Wild Pig,seq:fd12fa41-8c29-11eb-89d2-000d3a74c7de,train,2d318f59acb724d13ed0e8188ffbb475f8c7a49e844aa681401e11e45ca4215d,1,4608,2592,false
dataset_rural/images/test/wild_boar_d4d9a6e4-8c29-11eb-9beb-000d3a74c7de.jpg,dataset_rural/labels/test/wild_boar_d4d9a6e4-8c29-11eb-9beb-000d3a74c7de.txt,1,wild_boar,SWG Camera Traps 2018-2020,https://storage.googleapis.com/public-datasets-lila/swg-camera-traps/public/lao/loc_0604/2020/03/image_02573.jpg,LILA species bbox export,Community Data License Agreement (permissive variant),d4d9a6e4-8c29-11eb-9beb-000d3a74c7de,Eurasian Wild Pig,seq:fd12fa6e-8c29-11eb-8a69-000d3a74c7de,test,47dcc9b300964679250203131fdffb7f09985c0aeb287cb657257347ab56a426,5,4608,2592,false
dataset_rural/images/train/wild_boar_d4dd26ec-8c29-11eb-be5a-000d3a74c7de.jpg,dataset_rural/labels/train/wild_boar_d4dd26ec-8c29-11eb-be5a-000d3a74c7de.txt,1,wild_boar,SWG Camera Traps 2018-2020,https://storage.googleapis.com/public-datasets-lila/swg-camera-traps/public/lao/loc_0604/2020/04/image_00380.jpg,LILA species bbox export,Community Data License Agreement (permissive variant),d4dd26ec-8c29-11eb-be5a-000d3a74c7de,Eurasian Wild Pig,seq:fd12fb00-8c29-11eb-a7ba-000d3a74c7de,train,cb770e4ac3e248e4ecab6ef9cc3aff6ea766e5adf361632adddf0939f125922a,2,4608,2592,false
dataset_rural/images/train/wild_boar_d4de387d-8c29-11eb-8803-000d3a74c7de.jpg,dataset_rural/labels/train/wild_boar_d4de387d-8c29-11eb-8803-000d3a74c7de.txt,1,wild_boar,SWG Camera Traps 2018-2020,https://storage.googleapis.com/public-datasets-lila/swg-camera-traps/public/lao/loc_0604/2020/04/image_00962.jpg,LILA species bbox export,Community Data License Agreement (permissive variant),d4de387d-8c29-11eb-8803-000d3a74c7de,Eurasian Wild Pig,seq:fd12fb67-8c29-11eb-9aeb-000d3a74c7de,train,656a2ec0e4574ec24744cec150d4941275d290c04a74eb3a2a238eb4bb5348f9,1,4608,2592,false
dataset_rural/images/train/wild_boar_d4de7756-8c29-11eb-b985-000d3a74c7de.jpg,dataset_rural/labels/train/wild_boar_d4de7756-8c29-11eb-b985-000d3a74c7de.txt,1,wild_boar,SWG Camera Traps 2018-2020,https://storage.googleapis.com/public-datasets-lila/swg-camera-traps/public/lao/loc_0604/2020/04/image_01350.jpg,LILA species bbox export,Community Data License Agreement (permissive variant),d4de7756-8c29-11eb-b985-000d3a74c7de,Eurasian Wild Pig,seq:fd12fb98-8c29-11eb-9354-000d3a74c7de,train,1cd6907b219dc83a8fe0a4d356b50bcaf308947c4dd8fdef896eba453fde1844,3,4608,2592,false
dataset_rural/images/train/wild_boar_d4e0d9c1-8c29-11eb-9557-000d3a74c7de.jpg,dataset_rural/labels/train/wild_boar_d4e0d9c1-8c29-11eb-9557-000d3a74c7de.txt,1,wild_boar,SWG Camera Traps 2018-2020,https://storage.googleapis.com/public-datasets-lila/swg-camera-traps/public/lao/loc_0604/2020/05/image_00654.jpg,LILA species bbox export,Community Data License Agreement (permissive variant),d4e0d9c1-8c29-11eb-9557-000d3a74c7de,Eurasian Wild Pig,seq:fd12fc54-8c29-11eb-b278-000d3a74c7de,train,5dfd53bfb2c2fbc7b76df2b6f0e61a022df924c1df395f52b81fb1cc2729c938,2,4608,2592,false
dataset_rural/images/train/wild_boar_d4e0dbc4-8c29-11eb-80e9-000d3a74c7de.jpg,dataset_rural/labels/train/wild_boar_d4e0dbc4-8c29-11eb-80e9-000d3a74c7de.txt,1,wild_boar,SWG Camera Traps 2018-2020,https://storage.googleapis.com/public-datasets-lila/swg-camera-traps/public/lao/loc_0604/2020/05/image_01169.jpg,LILA species bbox export,Community Data License Agreement (permissive variant),d4e0dbc4-8c29-11eb-80e9-000d3a74c7de,Eurasian Wild Pig,seq:fd12fd08-8c29-11eb-a15a-000d3a74c7de,train,f62587013c18a65e0f722da94de54f2cc237c1e11ac307aeb046445e9c339378,3,4608,2592,false
dataset_rural/images/train/wild_boar_d4e0dd01-8c29-11eb-855d-000d3a74c7de.jpg,dataset_rural/labels/train/wild_boar_d4e0dd01-8c29-11eb-855d-000d3a74c7de.txt,1,wild_boar,SWG Camera Traps 2018-2020,https://storage.googleapis.com/public-datasets-lila/swg-camera-traps/public/lao/loc_0604/2020/05/image_01486.jpg,LILA species bbox export,Community Data License Agreement (permissive variant),d4e0dd01-8c29-11eb-855d-000d3a74c7de,Eurasian Wild Pig,seq:fd12fd5a-8c29-11eb-aa15-000d3a74c7de,train,d28d590aef6ca96ab2598bc4d2e4e7459fe37355ce850acb330ef3766972ae1a,1,4608,2592,false
dataset_rural/images/train/wild_boar_d4e33972-8c29-11eb-8896-000d3a74c7de.jpg,dataset_rural/labels/train/wild_boar_d4e33972-8c29-11eb-8896-000d3a74c7de.txt,1,wild_boar,SWG Camera Traps 2018-2020,https://storage.googleapis.com/public-datasets-lila/swg-camera-traps/public/lao/loc_0604/2020/06/image_00133.jpg,LILA species bbox export,Community Data License Agreement (permissive variant),d4e33972-8c29-11eb-8896-000d3a74c7de,Eurasian Wild Pig,seq:fd155b5b-8c29-11eb-877f-000d3a74c7de,train,b89009e8b3d529966c09dd3a6a06e93eae6c0222c3dc4bf165eade6713ff8939,1,4608,2592,false
dataset_rural/images/train/wild_boar_d4e339e9-8c29-11eb-b257-000d3a74c7de.jpg,dataset_rural/labels/train/wild_boar_d4e339e9-8c29-11eb-b257-000d3a74c7de.txt,1,wild_boar,SWG Camera Traps 2018-2020,https://storage.googleapis.com/public-datasets-lila/swg-camera-traps/public/lao/loc_0604/2020/06/image_00252.jpg,LILA species bbox export,Community Data License Agreement (permissive variant),d4e339e9-8c29-11eb-b257-000d3a74c7de,Eurasian Wild Pig,seq:fd155b6d-8c29-11eb-93a9-000d3a74c7de,train,67c1c3f5ef22dc4892731c76c3a836d83b1a14a70214de4616cf81695041cc39,1,4608,2592,false
dataset_rural/images/test/wild_boar_d4e33a5a-8c29-11eb-8213-000d3a74c7de.jpg,dataset_rural/labels/test/wild_boar_d4e33a5a-8c29-11eb-8213-000d3a74c7de.txt,1,wild_boar,SWG Camera Traps 2018-2020,https://storage.googleapis.com/public-datasets-lila/swg-camera-traps/public/lao/loc_0604/2020/06/image_00365.jpg,LILA species bbox export,Community Data License Agreement (permissive variant),d4e33a5a-8c29-11eb-8213-000d3a74c7de,Eurasian Wild Pig,seq:fd155b7e-8c29-11eb-9e02-000d3a74c7de,test,7b11498fd2b9cd46e531ffd6fc89bfb5bd9a2ed566e3812b882739aeaa7ff512,1,4608,2592,false
dataset_rural/images/train/wild_boar_d4e599f1-8c29-11eb-bbd2-000d3a74c7de.jpg,dataset_rural/labels/train/wild_boar_d4e599f1-8c29-11eb-bbd2-000d3a74c7de.txt,1,wild_boar,SWG Camera Traps 2018-2020,https://storage.googleapis.com/public-datasets-lila/swg-camera-traps/public/lao/loc_0604/2020/06/image_00742.jpg,LILA species bbox export,Community Data License Agreement (permissive variant),d4e599f1-8c29-11eb-bbd2-000d3a74c7de,Eurasian Wild Pig,seq:fd155bbe-8c29-11eb-94b8-000d3a74c7de,train,a94b6d5dc92e1e44aa1231188afd6ca0e7006fb5c25df1d83117ebc84abf1a33,1,4608,2592,false
dataset_rural/images/test/wild_boar_d4e59a4b-8c29-11eb-9fe2-000d3a74c7de.jpg,dataset_rural/labels/test/wild_boar_d4e59a4b-8c29-11eb-9fe2-000d3a74c7de.txt,1,wild_boar,SWG Camera Traps 2018-2020,https://storage.googleapis.com/public-datasets-lila/swg-camera-traps/public/lao/loc_0604/2020/06/image_00832.jpg,LILA species bbox export,Community Data License Agreement (permissive variant),d4e59a4b-8c29-11eb-9fe2-000d3a74c7de,Eurasian Wild Pig,seq:fd155bd9-8c29-11eb-b3a4-000d3a74c7de,test,ecfd9f936df4cd14b730d1d0441a59caf0431031ed6814668d1fcc11d256116b,1,4608,2592,false
dataset_rural/images/train/wild_boar_d4e59b05-8c29-11eb-8589-000d3a74c7de.jpg,dataset_rural/labels/train/wild_boar_d4e59b05-8c29-11eb-8589-000d3a74c7de.txt,1,wild_boar,SWG Camera Traps 2018-2020,https://storage.googleapis.com/public-datasets-lila/swg-camera-traps/public/lao/loc_0604/2020/06/image_01018.jpg,LILA species bbox export,Community Data License Agreement (permissive variant),d4e59b05-8c29-11eb-8589-000d3a74c7de,Eurasian Wild Pig,seq:fd155c10-8c29-11eb-93fa-000d3a74c7de,train,a011512de1aaaa6c6cef8d376678ffcbbdfbbc7d0926460294319c1c7af26b03,4,4608,2592,false
dataset_rural/images/train/wild_boar_d4e59b20-8c29-11eb-9e8c-000d3a74c7de.jpg,dataset_rural/labels/train/wild_boar_d4e59b20-8c29-11eb-9e8c-000d3a74c7de.txt,1,wild_boar,SWG Camera Traps 2018-2020,https://storage.googleapis.com/public-datasets-lila/swg-camera-traps/public/lao/loc_0604/2020/06/image_01045.jpg,LILA species bbox export,Community Data License Agreement (permissive variant),d4e59b20-8c29-11eb-9e8c-000d3a74c7de,Eurasian Wild Pig,seq:fd155c17-8c29-11eb-922e-000d3a74c7de,train,77d5dfbaa9557833ccae20b874e0ecc81aa71a98df441fc8e5cf48b4a46979a8,1,4608,2592,false
dataset_rural/images/train/wild_boar_d4f17a54-8c29-11eb-9d44-000d3a74c7de.jpg,dataset_rural/labels/train/wild_boar_d4f17a54-8c29-11eb-9d44-000d3a74c7de.txt,1,wild_boar,SWG Camera Traps 2018-2020,https://storage.googleapis.com/public-datasets-lila/swg-camera-traps/public/lao/loc_0605/2020/01/image_00502.jpg,LILA species bbox export,Community Data License Agreement (permissive variant),d4f17a54-8c29-11eb-9d44-000d3a74c7de,Eurasian Wild Pig,seq:226fc4c4-8c2a-11eb-85f5-000d3a74c7de,train,204fbcd4c69401f26cc8187e031335b853ee1f324cae1eda37367284bf2507c7,1,4608,2592,false
dataset_rural/images/train/wild_boar_d4f8a285-8c29-11eb-baf4-000d3a74c7de.jpg,dataset_rural/labels/train/wild_boar_d4f8a285-8c29-11eb-baf4-000d3a74c7de.txt,1,wild_boar,SWG Camera Traps 2018-2020,https://storage.googleapis.com/public-datasets-lila/swg-camera-traps/public/lao/loc_0607/2020/04/image_00964.jpg,LILA species bbox export,Community Data License Agreement (permissive variant),d4f8a285-8c29-11eb-baf4-000d3a74c7de,Eurasian Wild Pig,seq:3d0f4034-8c2a-11eb-8ee8-000d3a74c7de,train,049e61499ac7c596016f9a6411875a8656afa88bd18888db75b96564dc7a9984,1,4608,2592,false
dataset_rural/images/val/wild_boar_d5022ee0-8c29-11eb-8b3b-000d3a74c7de.jpg,dataset_rural/labels/val/wild_boar_d5022ee0-8c29-11eb-8b3b-000d3a74c7de.txt,1,wild_boar,SWG Camera Traps 2018-2020,https://storage.googleapis.com/public-datasets-lila/swg-camera-traps/public/lao/loc_0608/2020/02/image_00631.jpg,LILA species bbox export,Community Data License Agreement (permissive variant),d5022ee0-8c29-11eb-8b3b-000d3a74c7de,Eurasian Wild Pig,seq:0933b799-8c2a-11eb-a453-000d3a74c7de,val,3d30991a8d9aab108c77247eb2f3142c252e19d1fff916c4ba38dfcc20ed4871,2,4608,2592,false
dataset_rural/images/train/wild_boar_d5048ece-8c29-11eb-a543-000d3a74c7de.jpg,dataset_rural/labels/train/wild_boar_d5048ece-8c29-11eb-a543-000d3a74c7de.txt,1,wild_boar,SWG Camera Traps 2018-2020,https://storage.googleapis.com/public-datasets-lila/swg-camera-traps/public/lao/loc_0608/2020/06/image_00601.jpg,LILA species bbox export,Community Data License Agreement (permissive variant),d5048ece-8c29-11eb-a543-000d3a74c7de,Eurasian Wild Pig,seq:09361638-8c2a-11eb-b7b9-000d3a74c7de,train,08abc576870ec1deffacac277f0de0d1687c5e9eef81a988a1b3e59907512754,1,4608,2592,false
dataset_rural/images/train/wild_boar_d506f3c4-8c29-11eb-a58f-000d3a74c7de.jpg,dataset_rural/labels/train/wild_boar_d506f3c4-8c29-11eb-a58f-000d3a74c7de.txt,1,wild_boar,SWG Camera Traps 2018-2020,https://storage.googleapis.com/public-datasets-lila/swg-camera-traps/public/lao/loc_0609/2020/05/image_00214.jpg,LILA species bbox export,Community Data License Agreement (permissive variant),d506f3c4-8c29-11eb-a58f-000d3a74c7de,Eurasian Wild Pig,seq:255f0ff6-8c2a-11eb-ad09-000d3a74c7de,train,e069ff4dd9a87b4ff74b6ce537d97fc48082ec92d216016b5972277277aab117,1,4608,2592,false
dataset_rural/images/train/wild_boar_d51c639c-8c29-11eb-83db-000d3a74c7de.jpg,dataset_rural/labels/train/wild_boar_d51c639c-8c29-11eb-83db-000d3a74c7de.txt,1,wild_boar,SWG Camera Traps 2018-2020,https://storage.googleapis.com/public-datasets-lila/swg-camera-traps/public/lao/loc_0610/2020/03/image_01003.jpg,LILA species bbox export,Community Data License Agreement (permissive variant),d51c639c-8c29-11eb-83db-000d3a74c7de,Eurasian Wild Pig,seq:07c48789-8c2a-11eb-811f-000d3a74c7de,train,13e2dfaf1a2a5691c7cfd8ef0838b3028879c57dabe244d939409179500d4d95,1,4608,2592,false
dataset_rural/images/train/wild_boar_d52ab3e4-8c29-11eb-90d8-000d3a74c7de.jpg,dataset_rural/labels/train/wild_boar_d52ab3e4-8c29-11eb-90d8-000d3a74c7de.txt,1,wild_boar,SWG Camera Traps 2018-2020,https://storage.googleapis.com/public-datasets-lila/swg-camera-traps/public/lao/loc_0612/2019/12/image_00112.jpg,LILA species bbox export,Community Data License Agreement (permissive variant),d52ab3e4-8c29-11eb-90d8-000d3a74c7de,Eurasian Wild Pig,seq:283b027f-8c2a-11eb-ba6c-000d3a74c7de,train,f6642b1dd02b4ff2c850293b537db980b167fc5ce193826b364f05dde3219fc0,1,4608,2592,false
dataset_rural/images/train/wild_boar_d52ab3e9-8c29-11eb-930a-000d3a74c7de.jpg,dataset_rural/labels/train/wild_boar_d52ab3e9-8c29-11eb-930a-000d3a74c7de.txt,1,wild_boar,SWG Camera Traps 2018-2020,https://storage.googleapis.com/public-datasets-lila/swg-camera-traps/public/lao/loc_0612/2020/02/image_00153.jpg,LILA species bbox export,Community Data License Agreement (permissive variant),d52ab3e9-8c29-11eb-930a-000d3a74c7de,Eurasian Wild Pig,seq:283b02c6-8c2a-11eb-b670-000d3a74c7de,train,d077b3b96090fa5400ab69995a879a447090bead87e4fee09bb88c3ca954c04d,1,4608,2592,false
dataset_rural/images/train/wild_boar_d52f7b29-8c29-11eb-a54e-000d3a74c7de.jpg,dataset_rural/labels/train/wild_boar_d52f7b29-8c29-11eb-a54e-000d3a74c7de.txt,1,wild_boar,SWG Camera Traps 2018-2020,https://storage.googleapis.com/public-datasets-lila/swg-camera-traps/public/lao/loc_0614/2020/03/image_00110.jpg,LILA species bbox export,Community Data License Agreement (permissive variant),d52f7b29-8c29-11eb-a54e-000d3a74c7de,Eurasian Wild Pig,seq:3f13a0d2-8c2a-11eb-b870-000d3a74c7de,train,5a9dd3e89418b9b9f40c2789ea7639e197555218b8a2039f9d1b39dec97b1b21,1,3840,2880,false
dataset_rural/images/train/wild_boar_d5343dc8-8c29-11eb-a91b-000d3a74c7de.jpg,dataset_rural/labels/train/wild_boar_d5343dc8-8c29-11eb-a91b-000d3a74c7de.txt,1,wild_boar,SWG Camera Traps 2018-2020,https://storage.googleapis.com/public-datasets-lila/swg-camera-traps/public/lao/loc_0617/2019/09/image_00308.jpg,LILA species bbox export,Community Data License Agreement (permissive variant),d5343dc8-8c29-11eb-a91b-000d3a74c7de,Eurasian Wild Pig,seq:ff2e4837-8c29-11eb-8875-000d3a74c7de,train,0a64bab3384b124986350315ac3861f1faf98a285617b96531ab3d1dc048ca21,1,3840,2880,false
dataset_rural/images/train/wild_boar_d5343e09-8c29-11eb-b343-000d3a74c7de.jpg,dataset_rural/labels/train/wild_boar_d5343e09-8c29-11eb-b343-000d3a74c7de.txt,1,wild_boar,SWG Camera Traps 2018-2020,https://storage.googleapis.com/public-datasets-lila/swg-camera-traps/public/lao/loc_0617/2019/09/image_00373.jpg,LILA species bbox export,Community Data License Agreement (permissive variant),d5343e09-8c29-11eb-b343-000d3a74c7de,Eurasian Wild Pig,seq:ff2e483a-8c29-11eb-98f5-000d3a74c7de,train,a939747c1d6c23e7d09823cf35de2b639fa37d4cd9b44cbd8fc3444fbca326a5,1,3840,2880,false
dataset_rural/images/train/wild_boar_d5343e5a-8c29-11eb-8841-000d3a74c7de.jpg,dataset_rural/labels/train/wild_boar_d5343e5a-8c29-11eb-8841-000d3a74c7de.txt,1,wild_boar,SWG Camera Traps 2018-2020,https://storage.googleapis.com/public-datasets-lila/swg-camera-traps/public/lao/loc_0617/2019/09/image_00454.jpg,LILA species bbox export,Community Data License Agreement (permissive variant),d5343e5a-8c29-11eb-8841-000d3a74c7de,Eurasian Wild Pig,seq:ff2e486d-8c29-11eb-815b-000d3a74c7de,train,8f9db4d2901a472bfeab3c9aaa5bd7c732710ad0850e487fb2516a8862fda9b8,1,3840,2880,false
dataset_rural/images/train/wild_boar_d53904e8-8c29-11eb-8d0a-000d3a74c7de.jpg,dataset_rural/labels/train/wild_boar_d53904e8-8c29-11eb-8d0a-000d3a74c7de.txt,1,wild_boar,SWG Camera Traps 2018-2020,https://storage.googleapis.com/public-datasets-lila/swg-camera-traps/public/lao/loc_0617/2020/01/image_00401.jpg,LILA species bbox export,Community Data License Agreement (permissive variant),d53904e8-8c29-11eb-8d0a-000d3a74c7de,Eurasian Wild Pig,seq:ff2e4ae1-8c29-11eb-851b-000d3a74c7de,train,a675e4df2980bb71043a4808cecbbc8659d4d2fc87aa00850909d726c255873e,1,3840,2880,false
dataset_rural/images/train/wild_boar_d53b6919-8c29-11eb-afe3-000d3a74c7de.jpg,dataset_rural/labels/train/wild_boar_d53b6919-8c29-11eb-afe3-000d3a74c7de.txt,1,wild_boar,SWG Camera Traps 2018-2020,https://storage.googleapis.com/public-datasets-lila/swg-camera-traps/public/lao/loc_0619/2019/11/image_00076.jpg,LILA species bbox export,Community Data License Agreement (permissive variant),d53b6919-8c29-11eb-afe3-000d3a74c7de,Eurasian Wild Pig,seq:e3c05b15-8c29-11eb-8273-000d3a74c7de,train,413d2267c457dd9a7bdf6f155672e3337560fc4693a470d9eb0f83d6ccbfc428,4,3840,2880,false
dataset_rural/images/train/wild_boar_d53dc954-8c29-11eb-b3eb-000d3a74c7de.jpg,dataset_rural/labels/train/wild_boar_d53dc954-8c29-11eb-b3eb-000d3a74c7de.txt,1,wild_boar,SWG Camera Traps 2018-2020,https://storage.googleapis.com/public-datasets-lila/swg-camera-traps/public/lao/loc_0621/2019/11/image_00267.jpg,LILA species bbox export,Community Data License Agreement (permissive variant),d53dc954-8c29-11eb-b3eb-000d3a74c7de,Eurasian Wild Pig,seq:066f9929-8c2a-11eb-905a-000d3a74c7de,train,fc65d1ad2b2bd626a241ce06f011613aa71126cc0aca9b99267780d2e84e63b1,1,3840,2880,false
dataset_rural/images/train/wild_boar_d593af5e-8c29-11eb-81cf-000d3a74c7de.jpg,dataset_rural/labels/train/wild_boar_d593af5e-8c29-11eb-81cf-000d3a74c7de.txt,1,wild_boar,SWG Camera Traps 2018-2020,https://storage.googleapis.com/public-datasets-lila/swg-camera-traps/public/lao/loc_0712/2018/12/image_00104.jpg,LILA species bbox export,Community Data License Agreement (permissive variant),d593af5e-8c29-11eb-81cf-000d3a74c7de,Eurasian Wild Pig,seq:0b39139e-8c2a-11eb-b436-000d3a74c7de,train,1080f4f61354bdaf680376d4d35b5cc70a0c258bb6891ba3ab5ebcaf0d36fa15,2,3840,2880,false
dataset_rural/images/train/wild_boar_d598601f-8c29-11eb-bc40-000d3a74c7de.jpg,dataset_rural/labels/train/wild_boar_d598601f-8c29-11eb-bc40-000d3a74c7de.txt,1,wild_boar,SWG Camera Traps 2018-2020,https://storage.googleapis.com/public-datasets-lila/swg-camera-traps/public/lao/loc_0714/2019/03/image_00262.jpg,LILA species bbox export,Community Data License Agreement (permissive variant),d598601f-8c29-11eb-bc40-000d3a74c7de,Eurasian Wild Pig,seq:05a4f1ba-8c2a-11eb-9d0e-000d3a74c7de,train,acac58fa20d9b0a50015007c80f734a160aee9a90747a052c532112aac1e3089,1,3840,2880,false
dataset_rural/images/train/wild_boar_d5986213-8c29-11eb-b5f8-000d3a74c7de.jpg,dataset_rural/labels/train/wild_boar_d5986213-8c29-11eb-b5f8-000d3a74c7de.txt,1,wild_boar,SWG Camera Traps 2018-2020,https://storage.googleapis.com/public-datasets-lila/swg-camera-traps/public/lao/loc_0714/2019/03/image_00762.jpg,LILA species bbox export,Community Data License Agreement (permissive variant),d5986213-8c29-11eb-b5f8-000d3a74c7de,Eurasian Wild Pig,seq:05a4f205-8c2a-11eb-802c-000d3a74c7de,train,10a69172e893b261b0da2d4fd4f20c3d49dea0b3c3719a7f39637c60adfb4f58,1,3840,2880,false
dataset_rural/images/train/wild_boar_d6b67ac3-8c29-11eb-871b-000d3a74c7de.jpg,dataset_rural/labels/train/wild_boar_d6b67ac3-8c29-11eb-871b-000d3a74c7de.txt,1,wild_boar,SWG Camera Traps 2018-2020,https://storage.googleapis.com/public-datasets-lila/swg-camera-traps/public/lao/loc_0720/2018/11/image_00261.jpg,LILA species bbox export,Community Data License Agreement (permissive variant),d6b67ac3-8c29-11eb-871b-000d3a74c7de,Eurasian Wild Pig,seq:0049a54d-8c2a-11eb-9a19-000d3a74c7de,train,1d47334b17f4b498cf0feb56c455c531baac3dd2de46bdd2edaa001060b59725,1,3840,2880,false
dataset_rural/images/test/wild_boar_d772e17c-8c29-11eb-bd6f-000d3a74c7de.jpg,dataset_rural/labels/test/wild_boar_d772e17c-8c29-11eb-bd6f-000d3a74c7de.txt,1,wild_boar,SWG Camera Traps 2018-2020,https://storage.googleapis.com/public-datasets-lila/swg-camera-traps/public/lao/loc_0753/2018/09/image_00058.jpg,LILA species bbox export,Community Data License Agreement (permissive variant),d772e17c-8c29-11eb-bd6f-000d3a74c7de,Eurasian Wild Pig,seq:239084a9-8c2a-11eb-8f0b-000d3a74c7de,test,b17fe1dad22e629bd54912a7d38d07f35d197748cab4de3424020f89dcae6a13,1,3840,2880,false
dataset_rural/images/val/wild_boar_d78f77cd-8c29-11eb-80c7-000d3a74c7de.jpg,dataset_rural/labels/val/wild_boar_d78f77cd-8c29-11eb-80c7-000d3a74c7de.txt,1,wild_boar,SWG Camera Traps 2018-2020,https://storage.googleapis.com/public-datasets-lila/swg-camera-traps/public/vietnam/loc_0812/2019/02/image_00004.jpg,LILA species bbox export,Community Data License Agreement (permissive variant),d78f77cd-8c29-11eb-80c7-000d3a74c7de,Eurasian Wild Pig,seq:f27c31bb-8c29-11eb-9a67-000d3a74c7de,val,f8ad0a59b4069e25c52da6a54d16fabba18497964f6daf9ace58af847a012ce1,1,4032,3024,false
dataset_rural/images/test/wild_boar_d78f78ce-8c29-11eb-8840-000d3a74c7de.jpg,dataset_rural/labels/test/wild_boar_d78f78ce-8c29-11eb-8840-000d3a74c7de.txt,1,wild_boar,SWG Camera Traps 2018-2020,https://storage.googleapis.com/public-datasets-lila/swg-camera-traps/public/vietnam/loc_0812/2019/03/image_00073.jpg,LILA species bbox export,Community Data License Agreement (permissive variant),d78f78ce-8c29-11eb-8840-000d3a74c7de,Eurasian Wild Pig,seq:f27c31f4-8c29-11eb-ab58-000d3a74c7de,test,d3d4904d96af37d7b9653b88dd8bfb3745c525833975bd21099e9a5b44734327,1,4032,3024,false
dataset_rural/images/train/wild_boar_d78f7a96-8c29-11eb-b150-000d3a74c7de.jpg,dataset_rural/labels/train/wild_boar_d78f7a96-8c29-11eb-b150-000d3a74c7de.txt,1,wild_boar,SWG Camera Traps 2018-2020,https://storage.googleapis.com/public-datasets-lila/swg-camera-traps/public/vietnam/loc_0812/2019/03/image_00529.jpg,LILA species bbox export,Community Data License Agreement (permissive variant),d78f7a96-8c29-11eb-b150-000d3a74c7de,Eurasian Wild Pig,seq:f27c324e-8c29-11eb-aeec-000d3a74c7de,train,520f172eea1b9f0b3b874e7c04a0b3823db19aa4eac1b1fac0566768264a5e3a,1,4032,3024,false
dataset_rural/images/train/wild_boar_d7bccd42-8c29-11eb-abfe-000d3a74c7de.jpg,dataset_rural/labels/train/wild_boar_d7bccd42-8c29-11eb-abfe-000d3a74c7de.txt,1,wild_boar,SWG Camera Traps 2018-2020,https://storage.googleapis.com/public-datasets-lila/swg-camera-traps/public/vietnam/loc_0825/2019/03/image_00042.jpg,LILA species bbox export,Community Data License Agreement (permissive variant),d7bccd42-8c29-11eb-abfe-000d3a74c7de,Eurasian Wild Pig,seq:e4443bbc-8c29-11eb-bcda-000d3a74c7de,train,124858329ca5e6071ed506a49f56ab04949f13bf8c921cd4276be9728cd04c50,1,3840,2880,false
dataset_rural/images/train/wild_boar_d7bf2cfe-8c29-11eb-a78b-000d3a74c7de.jpg,dataset_rural/labels/train/wild_boar_d7bf2cfe-8c29-11eb-a78b-000d3a74c7de.txt,1,wild_boar,SWG Camera Traps 2018-2020,https://storage.googleapis.com/public-datasets-lila/swg-camera-traps/public/vietnam/loc_0826/2019/01/image_00004.jpg,LILA species bbox export,Community Data License Agreement (permissive variant),d7bf2cfe-8c29-11eb-a78b-000d3a74c7de,Eurasian Wild Pig,seq:33b90921-8c2a-11eb-ae5f-000d3a74c7de,train,a8404b178fc7bd8175b4cd9020bcec9a0d3fa09ee41e8c45c88cd41d28feeb27,1,3840,2880,false
dataset_rural/images/train/wild_boar_d7e09019-8c29-11eb-a560-000d3a74c7de.jpg,dataset_rural/labels/train/wild_boar_d7e09019-8c29-11eb-a560-000d3a74c7de.txt,1,wild_boar,SWG Camera Traps 2018-2020,https://storage.googleapis.com/public-datasets-lila/swg-camera-traps/public/vietnam/loc_0822/2019/08/image_00053.jpg,LILA species bbox export,Community Data License Agreement (permissive variant),d7e09019-8c29-11eb-a560-000d3a74c7de,Eurasian Wild Pig,seq:fb6f472d-8c29-11eb-b326-000d3a74c7de,train,b1d2247a6e41155575f3facfa7ebd1f41ab8193ed1865335044173f53dc30eb5,1,3840,2880,false
dataset_rural/images/train/wild_boar_d7e090aa-8c29-11eb-b751-000d3a74c7de.jpg,dataset_rural/labels/train/wild_boar_d7e090aa-8c29-11eb-b751-000d3a74c7de.txt,1,wild_boar,SWG Camera Traps 2018-2020,https://storage.googleapis.com/public-datasets-lila/swg-camera-traps/public/vietnam/loc_0822/2019/08/image_00198.jpg,LILA species bbox export,Community Data License Agreement (permissive variant),d7e090aa-8c29-11eb-b751-000d3a74c7de,Eurasian Wild Pig,seq:fb6f4743-8c29-11eb-a390-000d3a74c7de,train,a5e55da0f83d7468175bfbcdbbcfe33ed697474569e62a4c69189870b83fee7b,1,3840,2880,false
dataset_rural/images/train/wild_boar_d7f39731-8c29-11eb-bef5-000d3a74c7de.jpg,dataset_rural/labels/train/wild_boar_d7f39731-8c29-11eb-bef5-000d3a74c7de.txt,1,wild_boar,SWG Camera Traps 2018-2020,https://storage.googleapis.com/public-datasets-lila/swg-camera-traps/public/vietnam/loc_0825/2019/05/image_00042.jpg,LILA species bbox export,Community Data License Agreement (permissive variant),d7f39731-8c29-11eb-bef5-000d3a74c7de,Eurasian Wild Pig,seq:e4446282-8c29-11eb-847f-000d3a74c7de,train,5337c0732d8ba1cf9102ff5b7f12d7f7e5dd46c7610f891becd9f128d43d3327,1,3840,2880,false
dataset_rural/images/train/wild_boar_d7f857e4-8c29-11eb-acd7-000d3a74c7de.jpg,dataset_rural/labels/train/wild_boar_d7f857e4-8c29-11eb-acd7-000d3a74c7de.txt,1,wild_boar,SWG Camera Traps 2018-2020,https://storage.googleapis.com/public-datasets-lila/swg-camera-traps/public/vietnam/loc_0827/2019/08/image_00363.jpg,LILA species bbox export,Community Data License Agreement (permissive variant),d7f857e4-8c29-11eb-acd7-000d3a74c7de,Eurasian Wild Pig,seq:336a5e53-8c2a-11eb-b8cb-000d3a74c7de,train,676a5d502846e515e2e8de3709e9920c97d3175854a3b346172580b2db201e50,1,3840,2880,false
dataset_rural/images/train/wild_boar_d7fd1bf5-8c29-11eb-85aa-000d3a74c7de.jpg,dataset_rural/labels/train/wild_boar_d7fd1bf5-8c29-11eb-85aa-000d3a74c7de.txt,1,wild_boar,SWG Camera Traps 2018-2020,https://storage.googleapis.com/public-datasets-lila/swg-camera-traps/public/vietnam/loc_0812/2019/10/image_00010.jpg,LILA species bbox export,Community Data License Agreement (permissive variant),d7fd1bf5-8c29-11eb-85aa-000d3a74c7de,Eurasian Wild Pig,seq:f280fa72-8c29-11eb-af35-000d3a74c7de,train,b184b0aef4179abad0e33c9ea0e75f8c88a9e2c239cbfbb2af54ebcdd42729ad,1,2560,1920,false
dataset_rural/images/train/wild_boar_d7fd1c21-8c29-11eb-a4fc-000d3a74c7de.jpg,dataset_rural/labels/train/wild_boar_d7fd1c21-8c29-11eb-a4fc-000d3a74c7de.txt,1,wild_boar,SWG Camera Traps 2018-2020,https://storage.googleapis.com/public-datasets-lila/swg-camera-traps/public/vietnam/loc_0812/2019/10/image_00054.jpg,LILA species bbox export,Community Data License Agreement (permissive variant),d7fd1c21-8c29-11eb-a4fc-000d3a74c7de,Eurasian Wild Pig,seq:f280faaa-8c29-11eb-8aad-000d3a74c7de,train,8817db517343270a382c548106ec5dd9fcd84765e5f3c4b2a747f3911fa23491,1,2560,1920,false
dataset_rural/images/val/wild_boar_d7fd1c65-8c29-11eb-a5cc-000d3a74c7de.jpg,dataset_rural/labels/val/wild_boar_d7fd1c65-8c29-11eb-a5cc-000d3a74c7de.txt,1,wild_boar,SWG Camera Traps 2018-2020,https://storage.googleapis.com/public-datasets-lila/swg-camera-traps/public/vietnam/loc_0812/2020/04/image_00008.jpg,LILA species bbox export,Community Data License Agreement (permissive variant),d7fd1c65-8c29-11eb-a5cc-000d3a74c7de,Eurasian Wild Pig,seq:f280fb39-8c29-11eb-bab1-000d3a74c7de,val,201c8d1ed4b24f819a3c11ad326f09486aaaedcdd44f8e3c4921088fce65f6d3,2,2560,1920,false
dataset_rural/images/train/wild_boar_d7ff7dee-8c29-11eb-8d15-000d3a74c7de.jpg,dataset_rural/labels/train/wild_boar_d7ff7dee-8c29-11eb-8d15-000d3a74c7de.txt,1,wild_boar,SWG Camera Traps 2018-2020,https://storage.googleapis.com/public-datasets-lila/swg-camera-traps/public/vietnam/loc_0822/2019/11/image_00001.jpg,LILA species bbox export,Community Data License Agreement (permissive variant),d7ff7dee-8c29-11eb-8d15-000d3a74c7de,Eurasian Wild Pig,seq:fb6f4758-8c29-11eb-9423-000d3a74c7de,train,a2d8f59a333a24a131e48e4bb2396b3307c3dde5c36cfc53a71fd0c2a4eec0b8,2,3840,2880,false
dataset_rural/images/train/wild_boar_d801e114-8c29-11eb-a992-000d3a74c7de.jpg,dataset_rural/labels/train/wild_boar_d801e114-8c29-11eb-a992-000d3a74c7de.txt,1,wild_boar,SWG Camera Traps 2018-2020,https://storage.googleapis.com/public-datasets-lila/swg-camera-traps/public/vietnam/loc_0826/2019/10/image_00181.jpg,LILA species bbox export,Community Data License Agreement (permissive variant),d801e114-8c29-11eb-a992-000d3a74c7de,Eurasian Wild Pig,seq:33b909a0-8c2a-11eb-b22b-000d3a74c7de,train,dc0083ee95bcc2c511a980a4115903bd0a2b32fad04d9beabba2155c03bcab55,1,3840,2880,false
dataset_rural/images/train/wild_boar_d806a787-8c29-11eb-b85d-000d3a74c7de.jpg,dataset_rural/labels/train/wild_boar_d806a787-8c29-11eb-b85d-000d3a74c7de.txt,1,wild_boar,SWG Camera Traps 2018-2020,https://storage.googleapis.com/public-datasets-lila/swg-camera-traps/public/vietnam/loc_0826/2020/05/image_00052.jpg,LILA species bbox export,Community Data License Agreement (permissive variant),d806a787-8c29-11eb-b85d-000d3a74c7de,Eurasian Wild Pig,seq:33b90aa2-8c2a-11eb-95b4-000d3a74c7de,train,ce558998fe9c37a0eb2885e97492640ad3a9eee7539060b1e2b4bb861b53f9a4,1,3840,2880,false
dataset_rural/images/train/wild_boar_d806a78e-8c29-11eb-b6c8-000d3a74c7de.jpg,dataset_rural/labels/train/wild_boar_d806a78e-8c29-11eb-b6c8-000d3a74c7de.txt,1,wild_boar,SWG Camera Traps 2018-2020,https://storage.googleapis.com/public-datasets-lila/swg-camera-traps/public/vietnam/loc_0826/2020/05/image_00059.jpg,LILA species bbox export,Community Data License Agreement (permissive variant),d806a78e-8c29-11eb-b6c8-000d3a74c7de,Eurasian Wild Pig,seq:33b90aa4-8c2a-11eb-ba45-000d3a74c7de,train,7de1de08a18e5d402d1e796dd7ede464c7d2688dae4e93a848a3dee2915c9dc5,1,3840,2880,false
dataset_rural/images/train/wild_boar_d80907c3-8c29-11eb-8908-000d3a74c7de.jpg,dataset_rural/labels/train/wild_boar_d80907c3-8c29-11eb-8908-000d3a74c7de.txt,1,wild_boar,SWG Camera Traps 2018-2020,https://storage.googleapis.com/public-datasets-lila/swg-camera-traps/public/vietnam/loc_0830/2019/09/image_00480.jpg,LILA species bbox export,Community Data License Agreement (permissive variant),d80907c3-8c29-11eb-8908-000d3a74c7de,Eurasian Wild Pig,seq:1e9032e2-8c2a-11eb-a79a-000d3a74c7de,train,83efee33407263abb4baabffa4346ae1dd2bbfcea91c5f04c0d22df04415b8de,1,3840,2880,false
dataset_rural/images/train/wild_boar_d8090864-8c29-11eb-b41c-000d3a74c7de.jpg,dataset_rural/labels/train/wild_boar_d8090864-8c29-11eb-b41c-000d3a74c7de.txt,1,wild_boar,SWG Camera Traps 2018-2020,https://storage.googleapis.com/public-datasets-lila/swg-camera-traps/public/vietnam/loc_0830/2019/10/image_00073.jpg,LILA species bbox export,Community Data License Agreement (permissive variant),d8090864-8c29-11eb-b41c-000d3a74c7de,Eurasian Wild Pig,seq:1e903300-8c2a-11eb-b362-000d3a74c7de,train,7f451a86fc68c6d33a58c67900162cba60dd1356afafacccb18a0077056a6f73,1,3840,2880,false
dataset_rural/images/train/wild_boar_d8090902-8c29-11eb-b247-000d3a74c7de.jpg,dataset_rural/labels/train/wild_boar_d8090902-8c29-11eb-b247-000d3a74c7de.txt,1,wild_boar,SWG Camera Traps 2018-2020,https://storage.googleapis.com/public-datasets-lila/swg-camera-traps/public/vietnam/loc_0830/2019/10/image_00231.jpg,LILA species bbox export,Community Data License Agreement (permissive variant),d8090902-8c29-11eb-b247-000d3a74c7de,Eurasian Wild Pig,seq:1e903321-8c2a-11eb-9599-000d3a74c7de,train,8226ddca4cb2c625d6a49c27b87e7c909ea44b02df5ed2ca1a6c69aa2b6c26c0,1,3840,2880,false
dataset_rural/images/val/wild_boar_d80dca1c-8c29-11eb-b0b8-000d3a74c7de.jpg,dataset_rural/labels/val/wild_boar_d80dca1c-8c29-11eb-b0b8-000d3a74c7de.txt,1,wild_boar,SWG Camera Traps 2018-2020,https://storage.googleapis.com/public-datasets-lila/swg-camera-traps/public/vietnam/loc_0830/2019/11/image_01023.jpg,LILA species bbox export,Community Data License Agreement (permissive variant),d80dca1c-8c29-11eb-b0b8-000d3a74c7de,Eurasian Wild Pig,seq:1e903385-8c2a-11eb-a4d9-000d3a74c7de,val,0456efb7da854ecc651deb3f3723ed49d8b4bd6d3070d4c522079e5be2b8427f,1,3840,2880,false
dataset_rural/images/val/wild_boar_d80dcabb-8c29-11eb-a440-000d3a74c7de.jpg,dataset_rural/labels/val/wild_boar_d80dcabb-8c29-11eb-a440-000d3a74c7de.txt,1,wild_boar,SWG Camera Traps 2018-2020,https://storage.googleapis.com/public-datasets-lila/swg-camera-traps/public/vietnam/loc_0830/2019/11/image_01182.jpg,LILA species bbox export,Community Data License Agreement (permissive variant),d80dcabb-8c29-11eb-a440-000d3a74c7de,Eurasian Wild Pig,seq:1e903390-8c2a-11eb-b235-000d3a74c7de,val,f3bbc4ba309b249435292d06e43cb7a0682f21ca96b8a75a73cde6d99c59ddb6,1,3840,2880,false
dataset_rural/images/train/wild_boar_d80dccfb-8c29-11eb-8709-000d3a74c7de.jpg,dataset_rural/labels/train/wild_boar_d80dccfb-8c29-11eb-8709-000d3a74c7de.txt,1,wild_boar,SWG Camera Traps 2018-2020,https://storage.googleapis.com/public-datasets-lila/swg-camera-traps/public/vietnam/loc_0830/2020/02/image_00000.jpg,LILA species bbox export,Community Data License Agreement (permissive variant),d80dccfb-8c29-11eb-8709-000d3a74c7de,Eurasian Wild Pig,seq:1e9033c8-8c2a-11eb-a4e6-000d3a74c7de,train,713eac412e6d87514c9cc009421a2e0a61c6d7292bf255c943a028f894d3dde1,1,3840,2880,false
dataset_rural/images/train/wild_boar_d80dcd22-8c29-11eb-ae71-000d3a74c7de.jpg,dataset_rural/labels/train/wild_boar_d80dcd22-8c29-11eb-ae71-000d3a74c7de.txt,1,wild_boar,SWG Camera Traps 2018-2020,https://storage.googleapis.com/public-datasets-lila/swg-camera-traps/public/vietnam/loc_0830/2020/02/image_00039.jpg,LILA species bbox export,Community Data License Agreement (permissive variant),d80dcd22-8c29-11eb-ae71-000d3a74c7de,Eurasian Wild Pig,seq:1e9033cc-8c2a-11eb-8f1e-000d3a74c7de,train,dbc987b7d4c87ff37ee2e14af26e4c3ffb210fc2952eb6955ca2a758b07265ce,1,3840,2880,false
dataset_rural/images/train/wild_boar_d8102f79-8c29-11eb-b24a-000d3a74c7de.jpg,dataset_rural/labels/train/wild_boar_d8102f79-8c29-11eb-b24a-000d3a74c7de.txt,1,wild_boar,SWG Camera Traps 2018-2020,https://storage.googleapis.com/public-datasets-lila/swg-camera-traps/public/vietnam/loc_0830/2020/03/image_00021.jpg,LILA species bbox export,Community Data License Agreement (permissive variant),d8102f79-8c29-11eb-b24a-000d3a74c7de,Eurasian Wild Pig,seq:1e90340e-8c2a-11eb-bfb1-000d3a74c7de,train,c58c0df6545b7c62aa41d155dcf2d1a607ea4539e3b957c95c84a19e32ec1483,1,3840,2880,false
dataset_rural/images/train/wild_boar_d8102fca-8c29-11eb-bd97-000d3a74c7de.jpg,dataset_rural/labels/train/wild_boar_d8102fca-8c29-11eb-bd97-000d3a74c7de.txt,1,wild_boar,SWG Camera Traps 2018-2020,https://storage.googleapis.com/public-datasets-lila/swg-camera-traps/public/vietnam/loc_0830/2020/05/image_00056.jpg,LILA species bbox export,Community Data License Agreement (permissive variant),d8102fca-8c29-11eb-bd97-000d3a74c7de,Eurasian Wild Pig,seq:1e903433-8c2a-11eb-b43e-000d3a74c7de,train,dd09cb2ef39c3ece1e16efeca8ac35d62c7e6beabeb866cb1a0201503f2e7594,1,3840,2880,false
dataset_rural/images/train/wild_boar_d8128f24-8c29-11eb-b144-000d3a74c7de.jpg,dataset_rural/labels/train/wild_boar_d8128f24-8c29-11eb-b144-000d3a74c7de.txt,1,wild_boar,SWG Camera Traps 2018-2020,https://storage.googleapis.com/public-datasets-lila/swg-camera-traps/public/vietnam/loc_0830/2020/05/image_00447.jpg,LILA species bbox export,Community Data License Agreement (permissive variant),d8128f24-8c29-11eb-b144-000d3a74c7de,Eurasian Wild Pig,seq:1e903499-8c2a-11eb-a661-000d3a74c7de,train,d095235511d5a00c2db96ad3f28c36a7dd07ff7a5bf1aa6abfc788b6accf75d9,1,3840,2880,false
dataset_rural/images/train/wild_boar_d812924b-8c29-11eb-bf3e-000d3a74c7de.jpg,dataset_rural/labels/train/wild_boar_d812924b-8c29-11eb-bf3e-000d3a74c7de.txt,1,wild_boar,SWG Camera Traps 2018-2020,https://storage.googleapis.com/public-datasets-lila/swg-camera-traps/public/vietnam/loc_0831/2019/10/image_00032.jpg,LILA species bbox export,Community Data License Agreement (permissive variant),d812924b-8c29-11eb-bf3e-000d3a74c7de,Eurasian Wild Pig,seq:f194edc6-8c29-11eb-9d50-000d3a74c7de,train,22e543fb84504e84dca2d6173a16a77797dd8a28c1a4411207b15619ad4972e8,3,3840,2880,false
dataset_rural/images/train/wild_boar_d814f517-8c29-11eb-bcf5-000d3a74c7de.jpg,dataset_rural/labels/train/wild_boar_d814f517-8c29-11eb-bcf5-000d3a74c7de.txt,1,wild_boar,SWG Camera Traps 2018-2020,https://storage.googleapis.com/public-datasets-lila/swg-camera-traps/public/vietnam/loc_0835/2019/10/image_00227.jpg,LILA species bbox export,Community Data License Agreement (permissive variant),d814f517-8c29-11eb-bcf5-000d3a74c7de,Eurasian Wild Pig,seq:135277cc-8c2a-11eb-9eca-000d3a74c7de,train,2c4245795f5b63f0359e0528d71706929a7d504c8fa573a4decc96d711a200ad,2,3840,2880,false
dataset_rural/images/train/wild_boar_d81755ba-8c29-11eb-8596-000d3a74c7de.jpg,dataset_rural/labels/train/wild_boar_d81755ba-8c29-11eb-8596-000d3a74c7de.txt,1,wild_boar,SWG Camera Traps 2018-2020,https://storage.googleapis.com/public-datasets-lila/swg-camera-traps/public/vietnam/loc_0835/2019/11/image_00098.jpg,LILA species bbox export,Community Data License Agreement (permissive variant),d81755ba-8c29-11eb-8596-000d3a74c7de,Eurasian Wild Pig,seq:135277f5-8c2a-11eb-a13f-000d3a74c7de,train,e11915d8520768331ef13a46b52221e4d376e08aadacdac2385e868f6932afa1,1,3840,2880,false
dataset_rural/images/train/wild_boar_d81c1a75-8c29-11eb-9082-000d3a74c7de.jpg,dataset_rural/labels/train/wild_boar_d81c1a75-8c29-11eb-9082-000d3a74c7de.txt,1,wild_boar,SWG Camera Traps 2018-2020,https://storage.googleapis.com/public-datasets-lila/swg-camera-traps/public/vietnam/loc_0836/2018/09/image_00156.jpg,LILA species bbox export,Community Data License Agreement (permissive variant),d81c1a75-8c29-11eb-9082-000d3a74c7de,Eurasian Wild Pig,seq:376bc4aa-8c2a-11eb-be3b-000d3a74c7de,train,9e3f4fa210c615370e6bbeb98a6d0a8e95c446dfca80c3e1a24eabb7155124b6,1,4032,3024,false
dataset_rural/images/train/wild_boar_d81c1c8a-8c29-11eb-8d8c-000d3a74c7de.jpg,dataset_rural/labels/train/wild_boar_d81c1c8a-8c29-11eb-8d8c-000d3a74c7de.txt,1,wild_boar,SWG Camera Traps 2018-2020,https://storage.googleapis.com/public-datasets-lila/swg-camera-traps/public/vietnam/loc_0840/2018/09/image_00140.jpg,LILA species bbox export,Community Data License Agreement (permissive variant),d81c1c8a-8c29-11eb-8d8c-000d3a74c7de,Eurasian Wild Pig,seq:01e3ba6f-8c2a-11eb-bed0-000d3a74c7de,train,559d585928def290e72bb278c350d4c64b1a89f7a0f6990a945b52ecf19bc99c,1,4032,3024,false
dataset_rural/images/train/wild_boar_d8234147-8c29-11eb-96c8-000d3a74c7de.jpg,dataset_rural/labels/train/wild_boar_d8234147-8c29-11eb-96c8-000d3a74c7de.txt,1,wild_boar,SWG Camera Traps 2018-2020,https://storage.googleapis.com/public-datasets-lila/swg-camera-traps/public/vietnam/loc_0846/2018/09/image_00000.jpg,LILA species bbox export,Community Data License Agreement (permissive variant),d8234147-8c29-11eb-96c8-000d3a74c7de,Eurasian Wild Pig,seq:eff8763b-8c29-11eb-8ed1-000d3a74c7de,train,d886b375f8f73f632c36c6a9d86a3a04c1fca6c5f6e02f03aca52998951388bd,1,4032,3024,false
dataset_rural/images/test/wild_boar_d831956b-8c29-11eb-b401-000d3a74c7de.jpg,dataset_rural/labels/test/wild_boar_d831956b-8c29-11eb-b401-000d3a74c7de.txt,1,wild_boar,SWG Camera Traps 2018-2020,https://storage.googleapis.com/public-datasets-lila/swg-camera-traps/public/vietnam/loc_0836/2018/11/image_00288.jpg,LILA species bbox export,Community Data License Agreement (permissive variant),d831956b-8c29-11eb-b401-000d3a74c7de,Eurasian Wild Pig,seq:376bc534-8c2a-11eb-b0ff-000d3a74c7de,test,95962a79b649e93ab48cc995e160d44ed720a71c0b4efe4c9742148870c23f2f,1,4032,3024,false
dataset_rural/images/val/wild_boar_d83195b7-8c29-11eb-b40b-000d3a74c7de.jpg,dataset_rural/labels/val/wild_boar_d83195b7-8c29-11eb-b40b-000d3a74c7de.txt,1,wild_boar,SWG Camera Traps 2018-2020,https://storage.googleapis.com/public-datasets-lila/swg-camera-traps/public/vietnam/loc_0836/2018/11/image_00364.jpg,LILA species bbox export,Community Data License Agreement (permissive variant),d83195b7-8c29-11eb-b40b-000d3a74c7de,Eurasian Wild Pig,seq:376bc53a-8c2a-11eb-90fe-000d3a74c7de,val,ec0a9c27647a9bae9a46f4d3a2909054f5ce39d8ef8fa1239f54ab4a90848ff6,2,4032,3024,false
dataset_rural/images/train/wild_boar_d8365afc-8c29-11eb-8a7e-000d3a74c7de.jpg,dataset_rural/labels/train/wild_boar_d8365afc-8c29-11eb-8a7e-000d3a74c7de.txt,1,wild_boar,SWG Camera Traps 2018-2020,https://storage.googleapis.com/public-datasets-lila/swg-camera-traps/public/vietnam/loc_0839/2018/11/image_00026.jpg,LILA species bbox export,Community Data License Agreement (permissive variant),d8365afc-8c29-11eb-8a7e-000d3a74c7de,Eurasian Wild Pig,seq:ddbc2b4e-8c29-11eb-8827-000d3a74c7de,train,07646541ea654863297366ec878ab19d8ea9b9683faca1a46b56b63bb722812f,1,4032,3024,false
dataset_rural/images/train/wild_boar_d8365b9c-8c29-11eb-a3b2-000d3a74c7de.jpg,dataset_rural/labels/train/wild_boar_d8365b9c-8c29-11eb-a3b2-000d3a74c7de.txt,1,wild_boar,SWG Camera Traps 2018-2020,https://storage.googleapis.com/public-datasets-lila/swg-camera-traps/public/vietnam/loc_0839/2018/11/image_00186.jpg,LILA species bbox export,Community Data License Agreement (permissive variant),d8365b9c-8c29-11eb-a3b2-000d3a74c7de,Eurasian Wild Pig,seq:ddbc2b6a-8c29-11eb-8aad-000d3a74c7de,train,0bd321b97d002a921404a6f4217b321d5bffa3f2653b166e2b1fa155d2cdd317,1,4032,3024,false
dataset_rural/images/train/wild_boar_d8365baa-8c29-11eb-8a56-000d3a74c7de.jpg,dataset_rural/labels/train/wild_boar_d8365baa-8c29-11eb-8a56-000d3a74c7de.txt,1,wild_boar,SWG Camera Traps 2018-2020,https://storage.googleapis.com/public-datasets-lila/swg-camera-traps/public/vietnam/loc_0839/2018/11/image_00200.jpg,LILA species bbox export,Community Data License Agreement (permissive variant),d8365baa-8c29-11eb-8a56-000d3a74c7de,Eurasian Wild Pig,seq:ddbc2b6c-8c29-11eb-a5a0-000d3a74c7de,train,2bf4268dad45993315fe241e0cd4e19fa64446cec395d7ceb1a586494e0ab57c,3,4032,3024,false
dataset_rural/images/train/wild_boar_d8365edf-8c29-11eb-9afa-000d3a74c7de.jpg,dataset_rural/labels/train/wild_boar_d8365edf-8c29-11eb-9afa-000d3a74c7de.txt,1,wild_boar,SWG Camera Traps 2018-2020,https://storage.googleapis.com/public-datasets-lila/swg-camera-traps/public/vietnam/loc_0840/2018/10/image_00300.jpg,LILA species bbox export,Community Data License Agreement (permissive variant),d8365edf-8c29-11eb-9afa-000d3a74c7de,Eurasian Wild Pig,seq:01e3bac2-8c2a-11eb-8828-000d3a74c7de,train,d00c3260bace8f5c238846d61e0645cacf5c2f4424d11442d8b5037f51d04dc6,1,4032,3024,false
dataset_rural/images/train/wild_boar_d838ba91-8c29-11eb-be67-000d3a74c7de.jpg,dataset_rural/labels/train/wild_boar_d838ba91-8c29-11eb-be67-000d3a74c7de.txt,1,wild_boar,SWG Camera Traps 2018-2020,https://storage.googleapis.com/public-datasets-lila/swg-camera-traps/public/vietnam/loc_0840/2018/10/image_00392.jpg,LILA species bbox export,Community Data License Agreement (permissive variant),d838ba91-8c29-11eb-be67-000d3a74c7de,Eurasian Wild Pig,seq:01e3bad0-8c2a-11eb-b554-000d3a74c7de,train,b5615ea5520f27a2430731e0a0a7238de15722abb61610ef8ee1e0bcd087be2e,1,4032,3024,false
dataset_rural/images/train/wild_boar_d838bb04-8c29-11eb-9e18-000d3a74c7de.jpg,dataset_rural/labels/train/wild_boar_d838bb04-8c29-11eb-9e18-000d3a74c7de.txt,1,wild_boar,SWG Camera Traps 2018-2020,https://storage.googleapis.com/public-datasets-lila/swg-camera-traps/public/vietnam/loc_0840/2018/10/image_00507.jpg,LILA species bbox export,Community Data License Agreement (permissive variant),d838bb04-8c29-11eb-9e18-000d3a74c7de,Eurasian Wild Pig,seq:01e3bae0-8c2a-11eb-9167-000d3a74c7de,train,4c9ecf2af1b532fb8f391ae245365ff02848f84c6f0c73be8c7e7e87875239d1,1,4032,3024,false
dataset_rural/images/val/wild_boar_d838bce0-8c29-11eb-9018-000d3a74c7de.jpg,dataset_rural/labels/val/wild_boar_d838bce0-8c29-11eb-9018-000d3a74c7de.txt,1,wild_boar,SWG Camera Traps 2018-2020,https://storage.googleapis.com/public-datasets-lila/swg-camera-traps/public/vietnam/loc_0840/2018/11/image_00380.jpg,LILA species bbox export,Community Data License Agreement (permissive variant),d838bce0-8c29-11eb-9018-000d3a74c7de,Eurasian Wild Pig,seq:01e3bb0c-8c2a-11eb-aae0-000d3a74c7de,val,a8c04017c473f9fb8198fd437347e783efb0f18141a61557db0c5fa9a341bf9d,2,4032,3024,false
dataset_rural/images/train/wild_boar_d852fe2c-8c29-11eb-a2de-000d3a74c7de.jpg,dataset_rural/labels/train/wild_boar_d852fe2c-8c29-11eb-a2de-000d3a74c7de.txt,1,wild_boar,SWG Camera Traps 2018-2020,https://storage.googleapis.com/public-datasets-lila/swg-camera-traps/public/vietnam/loc_0855/2018/11/image_00334.jpg,LILA species bbox export,Community Data License Agreement (permissive variant),d852fe2c-8c29-11eb-a2de-000d3a74c7de,Eurasian Wild Pig,seq:3a835539-8c2a-11eb-a69a-000d3a74c7de,train,d1e5971bb99d0bf1146c10cee6152509ad99e7fff1a8debd03cdb567ef46db82,1,3840,2880,false
dataset_rural/images/train/wild_boar_d85a1ea8-8c29-11eb-957c-000d3a74c7de.jpg,dataset_rural/labels/train/wild_boar_d85a1ea8-8c29-11eb-957c-000d3a74c7de.txt,1,wild_boar,SWG Camera Traps 2018-2020,https://storage.googleapis.com/public-datasets-lila/swg-camera-traps/public/vietnam/loc_0856/2018/10/image_00027.jpg,LILA species bbox export,Community Data License Agreement (permissive variant),d85a1ea8-8c29-11eb-957c-000d3a74c7de,Eurasian Wild Pig,seq:188e61c7-8c2a-11eb-aa4c-000d3a74c7de,train,5f8ed175bf10e8446420f9849e4b3c06b6dad131f0b1cb84a189f36e1c91e178,2,3840,2880,false
dataset_rural/images/test/wild_boar_d85c87b8-8c29-11eb-90ae-000d3a74c7de.jpg,dataset_rural/labels/test/wild_boar_d85c87b8-8c29-11eb-90ae-000d3a74c7de.txt,1,wild_boar,SWG Camera Traps 2018-2020,https://storage.googleapis.com/public-datasets-lila/swg-camera-traps/public/vietnam/loc_0860/2018/11/image_00027.jpg,LILA species bbox export,Community Data License Agreement (permissive variant),d85c87b8-8c29-11eb-90ae-000d3a74c7de,Eurasian Wild Pig,seq:ee0d56ab-8c29-11eb-a5d7-000d3a74c7de,test,a43c36a49c10d2ce8651c2a603fbaf8bdbd7314066911b6f48968f1c3550473c,1,3840,2880,false
dataset_rural/images/train/wild_boar_d85ee671-8c29-11eb-9be2-000d3a74c7de.jpg,dataset_rural/labels/train/wild_boar_d85ee671-8c29-11eb-9be2-000d3a74c7de.txt,1,wild_boar,SWG Camera Traps 2018-2020,https://storage.googleapis.com/public-datasets-lila/swg-camera-traps/public/vietnam/loc_0836/2019/01/image_00013.jpg,LILA species bbox export,Community Data License Agreement (permissive variant),d85ee671-8c29-11eb-9be2-000d3a74c7de,Eurasian Wild Pig,seq:376bc5b5-8c2a-11eb-867a-000d3a74c7de,train,1168657ca3f0e813156afdbfe9b872ea47812c9329c0de744f4fc0e726638101,1,4032,3024,false
dataset_rural/images/train/wild_boar_d86206a1-8c29-11eb-9c02-000d3a74c7de.jpg,dataset_rural/labels/train/wild_boar_d86206a1-8c29-11eb-9c02-000d3a74c7de.txt,1,wild_boar,SWG Camera Traps 2018-2020,https://storage.googleapis.com/public-datasets-lila/swg-camera-traps/public/vietnam/loc_0840/2019/04/image_00156.jpg,LILA species bbox export,Community Data License Agreement (permissive variant),d86206a1-8c29-11eb-9c02-000d3a74c7de,Eurasian Wild Pig,seq:01e3bc87-8c2a-11eb-a0b4-000d3a74c7de,train,406803130e17461ab3708daab0806997b2d0d29d92ea6758c3bd477525074638,1,4032,3024,false
dataset_rural/images/train/wild_boar_d86acb5e-8c29-11eb-90a3-000d3a74c7de.jpg,dataset_rural/labels/train/wild_boar_d86acb5e-8c29-11eb-90a3-000d3a74c7de.txt,1,wild_boar,SWG Camera Traps 2018-2020,https://storage.googleapis.com/public-datasets-lila/swg-camera-traps/public/vietnam/loc_0845/2019/01/image_00009.jpg,LILA species bbox export,Community Data License Agreement (permissive variant),d86acb5e-8c29-11eb-90a3-000d3a74c7de,Eurasian Wild Pig,seq:1071c14d-8c2a-11eb-8ed0-000d3a74c7de,train,5a126ae73c65039dfff4a78e51ebc2c274ede77479a3a7b76e4f65bbc000dd77,1,4032,3024,false
dataset_rural/images/train/wild_boar_d87ddc20-8c29-11eb-8c62-000d3a74c7de.jpg,dataset_rural/labels/train/wild_boar_d87ddc20-8c29-11eb-8c62-000d3a74c7de.txt,1,wild_boar,SWG Camera Traps 2018-2020,https://storage.googleapis.com/public-datasets-lila/swg-camera-traps/public/vietnam/loc_0836/2019/05/image_00066.jpg,LILA species bbox export,Community Data License Agreement (permissive variant),d87ddc20-8c29-11eb-8c62-000d3a74c7de,Eurasian Wild Pig,seq:376bc668-8c2a-11eb-89e9-000d3a74c7de,train,bfba3e821263aaaea5372447e5f94f4b6b01cb0ff65416068a1e5c5d48027bbf,1,4032,3024,false
dataset_rural/images/train/wild_boar_d8829e03-8c29-11eb-b182-000d3a74c7de.jpg,dataset_rural/labels/train/wild_boar_d8829e03-8c29-11eb-b182-000d3a74c7de.txt,1,wild_boar,SWG Camera Traps 2018-2020,https://storage.googleapis.com/public-datasets-lila/swg-camera-traps/public/vietnam/loc_0840/2019/05/image_00072.jpg,LILA species bbox export,Community Data License Agreement (permissive variant),d8829e03-8c29-11eb-b182-000d3a74c7de,Eurasian Wild Pig,seq:01e3bcf4-8c2a-11eb-92d7-000d3a74c7de,train,90d2d5de7b1654f0ac7832f30bc0204b2bb32bda8104d5de429ac1479a062175,1,4032,3024,false
dataset_rural/images/train/wild_boar_d8850107-8c29-11eb-9e8e-000d3a74c7de.jpg,dataset_rural/labels/train/wild_boar_d8850107-8c29-11eb-9e8e-000d3a74c7de.txt,1,wild_boar,SWG Camera Traps 2018-2020,https://storage.googleapis.com/public-datasets-lila/swg-camera-traps/public/vietnam/loc_0850/2018/05/image_00056.jpg,LILA species bbox export,Community Data License Agreement (permissive variant),d8850107-8c29-11eb-9e8e-000d3a74c7de,Eurasian Wild Pig,seq:22f7f0cd-8c2a-11eb-8c5c-000d3a74c7de,train,177561a664d7a68eed91375dbb1eafd9f384f82b4fa4b099f8affbf3b052886a,6,4992,2808,false
dataset_rural/images/test/wild_boar_d935045b-8c29-11eb-b385-000d3a74c7de.jpg,dataset_rural/labels/test/wild_boar_d935045b-8c29-11eb-b385-000d3a74c7de.txt,1,wild_boar,SWG Camera Traps 2018-2020,https://storage.googleapis.com/public-datasets-lila/swg-camera-traps/public/vietnam/loc_0912/2018/05/image_00019.jpg,LILA species bbox export,Community Data License Agreement (permissive variant),d935045b-8c29-11eb-b385-000d3a74c7de,Eurasian Wild Pig,seq:02182e8f-8c2a-11eb-aafd-000d3a74c7de,test,a77ae55a04963c4f175973af2a577318a082b73e20dc14696164fcb79d1f4231,1,4032,3024,false
dataset_rural/images/train/wild_boar_d962ce78-8c29-11eb-a665-000d3a74c7de.jpg,dataset_rural/labels/train/wild_boar_d962ce78-8c29-11eb-a665-000d3a74c7de.txt,1,wild_boar,SWG Camera Traps 2018-2020,https://storage.googleapis.com/public-datasets-lila/swg-camera-traps/public/vietnam/loc_0906/2018/07/image_00027.jpg,LILA species bbox export,Community Data License Agreement (permissive variant),d962ce78-8c29-11eb-a665-000d3a74c7de,Eurasian Wild Pig,seq:ed8c8874-8c29-11eb-8098-000d3a74c7de,train,24ea21b9c36426780e0c000c4eebbd23e600f2c8af3adcc2cc6254e2f5b5ee33,1,4032,3024,false
dataset_rural/images/train/wild_boar_d96eb3db-8c29-11eb-8ae2-000d3a74c7de.jpg,dataset_rural/labels/train/wild_boar_d96eb3db-8c29-11eb-8ae2-000d3a74c7de.txt,1,wild_boar,SWG Camera Traps 2018-2020,https://storage.googleapis.com/public-datasets-lila/swg-camera-traps/public/vietnam/loc_0868/2018/10/image_00430.jpg,LILA species bbox export,Community Data License Agreement (permissive variant),d96eb3db-8c29-11eb-8ae2-000d3a74c7de,Eurasian Wild Pig,seq:098260aa-8c2a-11eb-a011-000d3a74c7de,train,533b89f20c26e21db0032bc482b5670a7d9cd26cb83aff810b01766c29f866ec,2,4032,3024,false
dataset_rural/images/train/wild_boar_d96eb403-8c29-11eb-a47f-000d3a74c7de.jpg,dataset_rural/labels/train/wild_boar_d96eb403-8c29-11eb-a47f-000d3a74c7de.txt,1,wild_boar,SWG Camera Traps 2018-2020,https://storage.googleapis.com/public-datasets-lila/swg-camera-traps/public/vietnam/loc_0868/2018/11/image_00005.jpg,LILA species bbox export,Community Data License Agreement (permissive variant),d96eb403-8c29-11eb-a47f-000d3a74c7de,Eurasian Wild Pig,seq:098260b3-8c2a-11eb-a0d0-000d3a74c7de,train,3f14b5ccdafaf926ef3ac05d79539ca7d50af2e4d97496fe0a4da98763ab2d9b,1,4032,3024,false
dataset_rural/images/train/wild_boar_d96eb43c-8c29-11eb-83df-000d3a74c7de.jpg,dataset_rural/labels/train/wild_boar_d96eb43c-8c29-11eb-83df-000d3a74c7de.txt,1,wild_boar,SWG Camera Traps 2018-2020,https://storage.googleapis.com/public-datasets-lila/swg-camera-traps/public/vietnam/loc_0868/2018/11/image_00062.jpg,LILA species bbox export,Community Data License Agreement (permissive variant),d96eb43c-8c29-11eb-83df-000d3a74c7de,Eurasian Wild Pig,seq:098260b9-8c2a-11eb-9fe2-000d3a74c7de,train,779d58185efae1c60c5b30249751fa8d27e5350798e0b14a0813457c103da81b,2,4032,3024,false
dataset_rural/images/train/wild_boar_d97117c6-8c29-11eb-a751-000d3a74c7de.jpg,dataset_rural/labels/train/wild_boar_d97117c6-8c29-11eb-a751-000d3a74c7de.txt,1,wild_boar,SWG Camera Traps 2018-2020,https://storage.googleapis.com/public-datasets-lila/swg-camera-traps/public/vietnam/loc_0869/2018/10/image_00120.jpg,LILA species bbox export,Community Data License Agreement (permissive variant),d97117c6-8c29-11eb-a751-000d3a74c7de,Eurasian Wild Pig,seq:fe60c335-8c29-11eb-b4aa-000d3a74c7de,train,c59d384e75b21728d75bff3c2500e174058db3f0cbfeff4df22cd21c2d9b47cb,1,4032,3024,false
dataset_rural/images/val/wild_boar_d9737156-8c29-11eb-9a62-000d3a74c7de.jpg,dataset_rural/labels/val/wild_boar_d9737156-8c29-11eb-9a62-000d3a74c7de.txt,1,wild_boar,SWG Camera Traps 2018-2020,https://storage.googleapis.com/public-datasets-lila/swg-camera-traps/public/vietnam/loc_0869/2018/10/image_00215.jpg,LILA species bbox export,Community Data License Agreement (permissive variant),d9737156-8c29-11eb-9a62-000d3a74c7de,Eurasian Wild Pig,seq:fe60c34d-8c29-11eb-9884-000d3a74c7de,val,89d70722eddc7c5892ff191fec4db46b4c9cf822ed7ee064d5e7dab6c007d3e3,1,4032,3024,false
dataset_rural/images/train/wild_boar_d973721e-8c29-11eb-8dd3-000d3a74c7de.jpg,dataset_rural/labels/train/wild_boar_d973721e-8c29-11eb-8dd3-000d3a74c7de.txt,1,wild_boar,SWG Camera Traps 2018-2020,https://storage.googleapis.com/public-datasets-lila/swg-camera-traps/public/vietnam/loc_0869/2018/11/image_00170.jpg,LILA species bbox export,Community Data License Agreement (permissive variant),d973721e-8c29-11eb-8dd3-000d3a74c7de,Eurasian Wild Pig,seq:fe6324c0-8c29-11eb-9a5c-000d3a74c7de,train,79a56b346b4c62ce41f4602366be967cfe3b6f873630b1600ca21d6bf9bb17b2,2,4032,3024,false
dataset_rural/images/train/wild_boar_d973739f-8c29-11eb-917c-000d3a74c7de.jpg,dataset_rural/labels/train/wild_boar_d973739f-8c29-11eb-917c-000d3a74c7de.txt,1,wild_boar,SWG Camera Traps 2018-2020,https://storage.googleapis.com/public-datasets-lila/swg-camera-traps/public/vietnam/loc_0869/2018/11/image_00555.jpg,LILA species bbox export,Community Data License Agreement (permissive variant),d973739f-8c29-11eb-917c-000d3a74c7de,Eurasian Wild Pig,seq:fe6324fd-8c29-11eb-aca2-000d3a74c7de,train,e684ec9a3156e4034d9ffd4d16e5c1e12533e4b020ddd817fba85d2a5145a753,1,4032,3024,false
dataset_rural/images/train/wild_boar_d9b8965e-8c29-11eb-b3d2-000d3a74c7de.jpg,dataset_rural/labels/train/wild_boar_d9b8965e-8c29-11eb-b3d2-000d3a74c7de.txt,1,wild_boar,SWG Camera Traps 2018-2020,https://storage.googleapis.com/public-datasets-lila/swg-camera-traps/public/vietnam/loc_0909/2018/09/image_00150.jpg,LILA species bbox export,Community Data License Agreement (permissive variant),d9b8965e-8c29-11eb-b3d2-000d3a74c7de,Eurasian Wild Pig,seq:ea676bbf-8c29-11eb-b14d-000d3a74c7de,train,f268894de538f41b4d02986d04cae05a046e64ab939d7b533abcb4932f75e4bd,3,4032,3024,false
dataset_rural/images/train/wild_boar_d9b89672-8c29-11eb-835e-000d3a74c7de.jpg,dataset_rural/labels/train/wild_boar_d9b89672-8c29-11eb-835e-000d3a74c7de.txt,1,wild_boar,SWG Camera Traps 2018-2020,https://storage.googleapis.com/public-datasets-lila/swg-camera-traps/public/vietnam/loc_0909/2018/09/image_00170.jpg,LILA species bbox export,Community Data License Agreement (permissive variant),d9b89672-8c29-11eb-835e-000d3a74c7de,Eurasian Wild Pig,seq:ea676bc3-8c29-11eb-94da-000d3a74c7de,train,6deb80026c0a51055a09aae8db79c1691f7234e807e986ff069e34b4bd3b9652,1,4032,3024,false
dataset_rural/images/train/wild_boar_d9b8970e-8c29-11eb-8162-000d3a74c7de.jpg,dataset_rural/labels/train/wild_boar_d9b8970e-8c29-11eb-8162-000d3a74c7de.txt,1,wild_boar,SWG Camera Traps 2018-2020,https://storage.googleapis.com/public-datasets-lila/swg-camera-traps/public/vietnam/loc_0909/2018/09/image_00326.jpg,LILA species bbox export,Community Data License Agreement (permissive variant),d9b8970e-8c29-11eb-8162-000d3a74c7de,Eurasian Wild Pig,seq:ea676be0-8c29-11eb-b799-000d3a74c7de,train,1c222c586df9cfc7de1d15b57893fb9c31c155e6786f233cb529e0f0ab17b528,1,4032,3024,false
dataset_rural/images/train/wild_boar_d9bd586c-8c29-11eb-aba3-000d3a74c7de.jpg,dataset_rural/labels/train/wild_boar_d9bd586c-8c29-11eb-aba3-000d3a74c7de.txt,1,wild_boar,SWG Camera Traps 2018-2020,https://storage.googleapis.com/public-datasets-lila/swg-camera-traps/public/vietnam/loc_0912/2018/10/image_00010.jpg,LILA species bbox export,Community Data License Agreement (permissive variant),d9bd586c-8c29-11eb-aba3-000d3a74c7de,Eurasian Wild Pig,seq:021a92a4-8c2a-11eb-a635-000d3a74c7de,train,883962cde91fa201c6cf0fef6e4e6679801023521a0337e172bb062239ca800c,1,4032,3024,false
dataset_rural/images/train/wild_boar_d9bd590d-8c29-11eb-985d-000d3a74c7de.jpg,dataset_rural/labels/train/wild_boar_d9bd590d-8c29-11eb-985d-000d3a74c7de.txt,1,wild_boar,SWG Camera Traps 2018-2020,https://storage.googleapis.com/public-datasets-lila/swg-camera-traps/public/vietnam/loc_0912/2018/11/image_00146.jpg,LILA species bbox export,Community Data License Agreement (permissive variant),d9bd590d-8c29-11eb-985d-000d3a74c7de,Eurasian Wild Pig,seq:021a92de-8c2a-11eb-b089-000d3a74c7de,train,72aa03a36688452fae638eba2284d6a44a6a8001328efe8e92868c77da79a4f7,1,4032,3024,false
dataset_rural/images/val/wild_boar_d9bfbbca-8c29-11eb-95e0-000d3a74c7de.jpg,dataset_rural/labels/val/wild_boar_d9bfbbca-8c29-11eb-95e0-000d3a74c7de.txt,1,wild_boar,SWG Camera Traps 2018-2020,https://storage.googleapis.com/public-datasets-lila/swg-camera-traps/public/vietnam/loc_0869/2019/01/image_00016.jpg,LILA species bbox export,Community Data License Agreement (permissive variant),d9bfbbca-8c29-11eb-95e0-000d3a74c7de,Eurasian Wild Pig,seq:fe632542-8c29-11eb-a21d-000d3a74c7de,val,c0d23f1047e68a23c35d43fd1b45ef63f97e7f5528c39e72055f7ab4a000ba88,2,4032,3024,false
dataset_rural/images/train/wild_boar_d9c947cd-8c29-11eb-b3bc-000d3a74c7de.jpg,dataset_rural/labels/train/wild_boar_d9c947cd-8c29-11eb-b3bc-000d3a74c7de.txt,1,wild_boar,SWG Camera Traps 2018-2020,https://storage.googleapis.com/public-datasets-lila/swg-camera-traps/public/vietnam/loc_0883/2019/03/image_00065.jpg,LILA species bbox export,Community Data License Agreement (permissive variant),d9c947cd-8c29-11eb-b3bc-000d3a74c7de,Eurasian Wild Pig,seq:210101a2-8c2a-11eb-ae25-000d3a74c7de,train,7fb55f1436c3244d9f590a7bfcc605d399516bddbda5c2fd71cca382e325bb7b,1,2560,1920,false
dataset_rural/images/val/wild_boar_d9d2cb08-8c29-11eb-8db1-000d3a74c7de.jpg,dataset_rural/labels/val/wild_boar_d9d2cb08-8c29-11eb-8db1-000d3a74c7de.txt,1,wild_boar,SWG Camera Traps 2018-2020,https://storage.googleapis.com/public-datasets-lila/swg-camera-traps/public/vietnam/loc_0888/2019/01/image_00000.jpg,LILA species bbox export,Community Data License Agreement (permissive variant),d9d2cb08-8c29-11eb-8db1-000d3a74c7de,Eurasian Wild Pig,seq:df111825-8c29-11eb-bfd4-000d3a74c7de,val,969bd8fd42552dfc11abc821d70d39d1bb7d6b88d856f9203770afc9e42bfc8b,1,2560,1920,false
dataset_rural/images/train/wild_boar_d9dc6a48-8c29-11eb-b552-000d3a74c7de.jpg,dataset_rural/labels/train/wild_boar_d9dc6a48-8c29-11eb-b552-000d3a74c7de.txt,1,wild_boar,SWG Camera Traps 2018-2020,https://storage.googleapis.com/public-datasets-lila/swg-camera-traps/public/vietnam/loc_0896/2019/02/image_00152.jpg,LILA species bbox export,Community Data License Agreement (permissive variant),d9dc6a48-8c29-11eb-b552-000d3a74c7de,Eurasian Wild Pig,seq:19c454d8-8c2a-11eb-a73a-000d3a74c7de,train,80503ce33c60c8f8ab4e42891dd2a2801b59bd1874fa29e93979b85974120dbc,1,4032,3024,false
dataset_rural/images/train/wild_boar_d9fdb5c6-8c29-11eb-8296-000d3a74c7de.jpg,dataset_rural/labels/train/wild_boar_d9fdb5c6-8c29-11eb-8296-000d3a74c7de.txt,1,wild_boar,SWG Camera Traps 2018-2020,https://storage.googleapis.com/public-datasets-lila/swg-camera-traps/public/vietnam/loc_0905/2018/12/image_00031.jpg,LILA species bbox export,Community Data License Agreement (permissive variant),d9fdb5c6-8c29-11eb-8296-000d3a74c7de,Eurasian Wild Pig,seq:fc8b1477-8c29-11eb-adf1-000d3a74c7de,train,06ffe4056d45d3e68bbf37ab071fa0941ec06bec0147c82d1bd10b0ddd473e67,1,4032,3024,false
dataset_rural/images/test/wild_boar_da4086d3-8c29-11eb-8f5c-000d3a74c7de.jpg,dataset_rural/labels/test/wild_boar_da4086d3-8c29-11eb-8f5c-000d3a74c7de.txt,1,wild_boar,SWG Camera Traps 2018-2020,https://storage.googleapis.com/public-datasets-lila/swg-camera-traps/public/vietnam/loc_0923/2018/03/image_00000.jpg,LILA species bbox export,Community Data License Agreement (permissive variant),da4086d3-8c29-11eb-8f5c-000d3a74c7de,Eurasian Wild Pig,seq:0dd6430b-8c2a-11eb-a296-000d3a74c7de,test,e9da7d0f34100e8a583a35d8e83a2c48f22bb04cf4318d54fd4ad7365a852b98,1,4032,3024,false
dataset_rural/images/train/wild_boar_da775aaf-8c29-11eb-8ddd-000d3a74c7de.jpg,dataset_rural/labels/train/wild_boar_da775aaf-8c29-11eb-8ddd-000d3a74c7de.txt,1,wild_boar,SWG Camera Traps 2018-2020,https://storage.googleapis.com/public-datasets-lila/swg-camera-traps/public/vietnam/loc_0961/2018/04/image_00017.jpg,LILA species bbox export,Community Data License Agreement (permissive variant),da775aaf-8c29-11eb-8ddd-000d3a74c7de,Eurasian Wild Pig,seq:317c747c-8c2a-11eb-baa2-000d3a74c7de,train,3e26d67e3f10d4468be11c619cbb1424a53e74f302f8e97c4f5643eb02611206,1,4032,3024,false
dataset_rural/images/train/wild_boar_db59cccc-8c29-11eb-8d3b-000d3a74c7de.jpg,dataset_rural/labels/train/wild_boar_db59cccc-8c29-11eb-8d3b-000d3a74c7de.txt,1,wild_boar,SWG Camera Traps 2018-2020,https://storage.googleapis.com/public-datasets-lila/swg-camera-traps/public/vietnam/loc_0914/2018/11/image_00031.jpg,LILA species bbox export,Community Data License Agreement (permissive variant),db59cccc-8c29-11eb-8d3b-000d3a74c7de,Eurasian Wild Pig,seq:1e274924-8c2a-11eb-aa19-000d3a74c7de,train,0830da4f8c2570e39581d59e5fbf1979689cb06aed11be1b64327f1b8891fc2a,1,4032,3024,false
dataset_rural/images/test/wild_boar_db59cda2-8c29-11eb-94a3-000d3a74c7de.jpg,dataset_rural/labels/test/wild_boar_db59cda2-8c29-11eb-94a3-000d3a74c7de.txt,1,wild_boar,SWG Camera Traps 2018-2020,https://storage.googleapis.com/public-datasets-lila/swg-camera-traps/public/vietnam/loc_0914/2018/11/image_00245.jpg,LILA species bbox export,Community Data License Agreement (permissive variant),db59cda2-8c29-11eb-94a3-000d3a74c7de,Eurasian Wild Pig,seq:1e27496e-8c2a-11eb-83be-000d3a74c7de,test,aa8b811ff8954e0247af6cf4f8658d92b7225d2fcd61f960b225a0c563c77bda,1,4032,3024,false
dataset_rural/images/train/wild_boar_dbed9ede-8c29-11eb-89e0-000d3a74c7de.jpg,dataset_rural/labels/train/wild_boar_dbed9ede-8c29-11eb-89e0-000d3a74c7de.txt,1,wild_boar,SWG Camera Traps 2018-2020,https://storage.googleapis.com/public-datasets-lila/swg-camera-traps/public/vietnam/loc_0939/2019/04/image_00007.jpg,LILA species bbox export,Community Data License Agreement (permissive variant),dbed9ede-8c29-11eb-89e0-000d3a74c7de,Eurasian Wild Pig,seq:012e8b0f-8c2a-11eb-b40f-000d3a74c7de,train,9bcb7d42280632a0e284e3fc5694d6cbf72db79a922b030c621993cbb75a25bf,1,4032,3024,false
dataset_rural/images/train/wild_boar_dc1633b4-8c29-11eb-99fb-000d3a74c7de.jpg,dataset_rural/labels/train/wild_boar_dc1633b4-8c29-11eb-99fb-000d3a74c7de.txt,1,wild_boar,SWG Camera Traps 2018-2020,https://storage.googleapis.com/public-datasets-lila/swg-camera-traps/public/vietnam/loc_0966/2019/01/image_00303.jpg,LILA species bbox export,Community Data License Agreement (permissive variant),dc1633b4-8c29-11eb-99fb-000d3a74c7de,Eurasian Wild Pig,seq:e8400456-8c29-11eb-825b-000d3a74c7de,train,2cf5d5aafade60530fbefa0ce431afcfc7a1b5de4b4a2f39c675da31e493723c,1,3840,2880,false
dataset_rural/images/train/wild_boar_dc378f88-8c29-11eb-8871-000d3a74c7de.jpg,dataset_rural/labels/train/wild_boar_dc378f88-8c29-11eb-8871-000d3a74c7de.txt,1,wild_boar,SWG Camera Traps 2018-2020,https://storage.googleapis.com/public-datasets-lila/swg-camera-traps/public/vietnam/loc_0975/2019/04/image_00077.jpg,LILA species bbox export,Community Data License Agreement (permissive variant),dc378f88-8c29-11eb-8871-000d3a74c7de,Eurasian Wild Pig,seq:faeed97f-8c29-11eb-9843-000d3a74c7de,train,aa7b5644b96278f37329aea89f9c61a995a2937c7518ba14a0d843b15e0eea95,1,3840,2880,false
dataset_rural/images/val/wild_boar_dc378f98-8c29-11eb-9e07-000d3a74c7de.jpg,dataset_rural/labels/val/wild_boar_dc378f98-8c29-11eb-9e07-000d3a74c7de.txt,1,wild_boar,SWG Camera Traps 2018-2020,https://storage.googleapis.com/public-datasets-lila/swg-camera-traps/public/vietnam/loc_0975/2019/05/image_00001.jpg,LILA species bbox export,Community Data License Agreement (permissive variant),dc378f98-8c29-11eb-9e07-000d3a74c7de,Eurasian Wild Pig,seq:faeed988-8c29-11eb-b345-000d3a74c7de,val,8e6be438b7ffed31a0f6748cfc17ef7730a3329d8e041098d8c0b7557b3b3d71,1,3840,2880,false
dataset_rural/images/train/wild_boar_dc39f197-8c29-11eb-a9e5-000d3a74c7de.jpg,dataset_rural/labels/train/wild_boar_dc39f197-8c29-11eb-a9e5-000d3a74c7de.txt,1,wild_boar,SWG Camera Traps 2018-2020,https://storage.googleapis.com/public-datasets-lila/swg-camera-traps/public/vietnam/loc_0980/2019/05/image_00017.jpg,LILA species bbox export,Community Data License Agreement (permissive variant),dc39f197-8c29-11eb-a9e5-000d3a74c7de,Eurasian Wild Pig,seq:3f77c535-8c2a-11eb-925f-000d3a74c7de,train,73fef9f38c4ae2fb14af17193170d453ce76b556cf25ca90cd09ab923dd6313b,1,3840,2880,false
dataset_rural/images/train/wild_boar_dc39f24b-8c29-11eb-b18e-000d3a74c7de.jpg,dataset_rural/labels/train/wild_boar_dc39f24b-8c29-11eb-b18e-000d3a74c7de.txt,1,wild_boar,SWG Camera Traps 2018-2020,https://storage.googleapis.com/public-datasets-lila/swg-camera-traps/public/vietnam/loc_0980/2019/06/image_00020.jpg,LILA species bbox export,Community Data License Agreement (permissive variant),dc39f24b-8c29-11eb-b18e-000d3a74c7de,Eurasian Wild Pig,seq:3f77c558-8c2a-11eb-b227-000d3a74c7de,train,97a7262097a9f72846da0dfad62c8943d044ea8e03b4ebd3949d42dfec4fca73,1,3840,2880,false
dataset_rural/images/train/wild_boar_dc41149c-8c29-11eb-bce1-000d3a74c7de.jpg,dataset_rural/labels/train/wild_boar_dc41149c-8c29-11eb-bce1-000d3a74c7de.txt,1,wild_boar,SWG Camera Traps 2018-2020,https://storage.googleapis.com/public-datasets-lila/swg-camera-traps/public/vietnam/loc_0972/2019/11/image_00006.jpg,LILA species bbox export,Community Data License Agreement (permissive variant),dc41149c-8c29-11eb-bce1-000d3a74c7de,Eurasian Wild Pig,seq:0e3bb1e2-8c2a-11eb-b08b-000d3a74c7de,train,03e13be19839240341a5051bcddd4d96caa7b684411701232b3b8756cd0bc9b4,1,3840,2880,false
dataset_rural/images/train/wild_boar_dc4114bd-8c29-11eb-8504-000d3a74c7de.jpg,dataset_rural/labels/train/wild_boar_dc4114bd-8c29-11eb-8504-000d3a74c7de.txt,1,wild_boar,SWG Camera Traps 2018-2020,https://storage.googleapis.com/public-datasets-lila/swg-camera-traps/public/vietnam/loc_0972/2019/11/image_00039.jpg,LILA species bbox export,Community Data License Agreement (permissive variant),dc4114bd-8c29-11eb-8504-000d3a74c7de,Eurasian Wild Pig,seq:0e3bb1f4-8c2a-11eb-9598-000d3a74c7de,train,4a9a418b92e279d057e66478a364b65524fcb227c94dba3fc34aa5773cf2efc9,1,3840,2880,false
dataset_rural/images/train/wild_boar_dc411665-8c29-11eb-a869-000d3a74c7de.jpg,dataset_rural/labels/train/wild_boar_dc411665-8c29-11eb-a869-000d3a74c7de.txt,1,wild_boar,SWG Camera Traps 2018-2020,https://storage.googleapis.com/public-datasets-lila/swg-camera-traps/public/vietnam/loc_0972/2020/04/image_00027.jpg,LILA species bbox export,Community Data License Agreement (permissive variant),dc411665-8c29-11eb-a869-000d3a74c7de,Eurasian Wild Pig,seq:0e3bff8b-8c2a-11eb-b2fd-000d3a74c7de,train,22dcb52c9ca75f3f0fb1450135abc0c1f58b52d0175d60ae7f66c889bc02b81f,1,3840,2880,false
dataset_rural/images/test/wild_boar_dc41168a-8c29-11eb-9c73-000d3a74c7de.jpg,dataset_rural/labels/test/wild_boar_dc41168a-8c29-11eb-9c73-000d3a74c7de.txt,1,wild_boar,SWG Camera Traps 2018-2020,https://storage.googleapis.com/public-datasets-lila/swg-camera-traps/public/vietnam/loc_0972/2020/04/image_00064.jpg,LILA species bbox export,Community Data License Agreement (permissive variant),dc41168a-8c29-11eb-9c73-000d3a74c7de,Eurasian Wild Pig,seq:0e3bff9c-8c2a-11eb-9ef4-000d3a74c7de,test,670dfa1d20184595d9658f6577b3a2ffc92eb0a9d05eb1c7a73136412424e357,2,3840,2880,false
dataset_rural/images/train/wild_boar_dc4839e5-8c29-11eb-a6fe-000d3a74c7de.jpg,dataset_rural/labels/train/wild_boar_dc4839e5-8c29-11eb-a6fe-000d3a74c7de.txt,1,wild_boar,SWG Camera Traps 2018-2020,https://storage.googleapis.com/public-datasets-lila/swg-camera-traps/public/vietnam/loc_0975/2020/01/image_00093.jpg,LILA species bbox export,Community Data License Agreement (permissive variant),dc4839e5-8c29-11eb-a6fe-000d3a74c7de,Eurasian Wild Pig,seq:faeed9f3-8c29-11eb-8956-000d3a74c7de,train,2038251bf5ea28532f3d672e90cd296228186c6957239ca242a2470c3eaafb6b,3,3840,2880,false
dataset_rural/images/train/wild_boar_dc483b17-8c29-11eb-9f4d-000d3a74c7de.jpg,dataset_rural/labels/train/wild_boar_dc483b17-8c29-11eb-9f4d-000d3a74c7de.txt,1,wild_boar,SWG Camera Traps 2018-2020,https://storage.googleapis.com/public-datasets-lila/swg-camera-traps/public/vietnam/loc_0975/2020/03/image_00014.jpg,LILA species bbox export,Community Data License Agreement (permissive variant),dc483b17-8c29-11eb-9f4d-000d3a74c7de,Eurasian Wild Pig,seq:faeeda11-8c29-11eb-89d1-000d3a74c7de,train,4faeeb91b5a0373413ca16b6f627be479746e02636abb9c59dff1d7fb8ea00ce,1,3840,2880,false
dataset_rural/images/train/wild_boar_dc4d0097-8c29-11eb-873c-000d3a74c7de.jpg,dataset_rural/labels/train/wild_boar_dc4d0097-8c29-11eb-873c-000d3a74c7de.txt,1,wild_boar,SWG Camera Traps 2018-2020,https://storage.googleapis.com/public-datasets-lila/swg-camera-traps/public/vietnam/loc_0979/2020/05/image_00060.jpg,LILA species bbox export,Community Data License Agreement (permissive variant),dc4d0097-8c29-11eb-873c-000d3a74c7de,Eurasian Wild Pig,seq:193082ae-8c2a-11eb-9155-000d3a74c7de,train,bd363306d599fa8717a208a0ee0eed4326a780f4e5d1d37d58058a82ef18981d,1,3840,2880,false
